Country.Code,Years,PM2.5.Exposure,GDP,SelfHarm.inc.rate
AFG,2000,64.76727982,174.9309914,37.91253706
AFG,2001,64.59757272,138.7068217,37.84270604
AFG,2002,64.41688801,178.9540884,37.63791964
AFG,2003,64.17623142,198.8711157,37.2965987
AFG,2004,63.82660868,221.7636539,36.95969164
AFG,2005,63.31902553,254.1842491,36.67794579
AFG,2006,61.51464943,274.2185536,36.35059048
AFG,2007,58.08378502,376.223152,35.98862648
AFG,2008,54.19114381,381.733238,35.62931576
AFG,2009,51.00143731,452.0537055,35.24537401
AFG,2010,49.67937703,560.6215055,34.89970154
AFG,2011,61.81705591,606.6946763,34.56734941
AFG,2012,70.92231651,651.4171345,34.20682081
AFG,2013,73.1318159,637.0870991,33.87631739
AFG,2014,77.14372755,625.0549418,33.61218681
AFG,2015,73.49081763,565.5697304,33.45445196
AFG,2016,72.76591014,522.0822156,33.41336167
AFG,2017,65.862347,525.4697709,33.43873572
AFG,2018,67.22717748,491.3372214,33.49578695
AFG,2019,58.33087223,496.6025043,33.55618494
AFG,2020,46.08709367,510.7870634,34.03134365
ALB,1990,22.96157928,617.2304355,39.13170645
ALB,1991,22.70311049,336.5869945,39.45736075
ALB,1992,22.4828964,200.8522198,40.0003505
ALB,1993,22.29713188,367.2792251,40.71409388
ALB,1994,22.14201178,586.4161351,41.55166278
ALB,1995,22.01373098,750.6044492,42.46526464
ALB,1996,21.95188313,1009.977111,43.79980842
ALB,1997,21.97760117,717.3800477,45.72324948
ALB,1998,22.0593889,813.7893966,47.89686387
ALB,1999,22.1657501,1033.242532,49.98608044
ALB,2000,22.26518857,1126.68334,51.68325156
ALB,2001,22.36600621,1281.659826,53.05031414
ALB,2002,22.48278512,1425.124219,54.34470161
ALB,2003,22.59344935,1846.120121,55.54672931
ALB,2004,22.67592295,2373.581292,56.62930214
ALB,2005,22.70812997,2673.787816,57.56642628
ALB,2006,22.5109696,2972.743621,58.47277659
ALB,2007,22.04122997,3595.038295,59.40453609
ALB,2008,21.48066857,4370.539716,60.24875146
ALB,2009,21.01104291,4114.134033,60.89344803
ALB,2010,20.81411047,4094.349686,61.22623065
ALB,2011,22.79990425,4437.141161,61.1075312
ALB,2012,20.96272041,4247.631343,60.62217545
ALB,2013,19.40753225,4413.063383,59.9948256
ALB,2014,19.36794422,4578.633208,59.45350541
ALB,2015,19.12155731,3952.803574,59.22547891
ALB,2016,17.60216399,4124.05539,59.65937225
ALB,2017,18.55524382,4531.032207,60.63104635
ALB,2018,19.04618623,5365.489347,61.67347031
ALB,2019,15.70470712,5460.428237,62.30542836
ALB,2020,15.70700364,5370.778623,62.7092877
DZA,1990,22.35936995,2445.183327,43.20891732
DZA,1991,22.73088781,1759.112016,43.45569553
DZA,1992,23.1553408,1802.693008,43.61434238
DZA,1993,23.62641851,1831.04801,43.70221086
DZA,1994,24.13781054,1525.540618,43.73301987
DZA,1995,24.68320649,1466.948068,43.72120168
DZA,1996,25.41090842,1616.831987,43.52364356
DZA,1997,26.335955,1628.761006,43.06854414
DZA,1998,27.25214078,1603.366232,42.46904876
DZA,1999,27.95326031,1596.118222,41.83323237
DZA,2000,28.23310812,1772.928691,41.27253154
DZA,2001,28.13193067,1896.300209,40.75608401
DZA,2002,27.8679443,1937.464114,40.19263216
DZA,2003,27.50189844,2283.772993,39.5997183
DZA,2004,27.09454247,2816.99385,38.99453674
DZA,2005,26.70662581,3233.133396,38.39473876
DZA,2006,26.33557009,3660.661047,37.74421489
DZA,2007,25.93054224,4167.451699,37.02586404
DZA,2008,25.47990961,5180.918815,36.31476716
DZA,2009,24.97203955,4235.429905,35.68585446
DZA,2010,24.39529939,4912.785855,35.21352784
DZA,2011,23.57210779,5916.313644,34.8366023
DZA,2012,24.39681643,6033.648847,34.47028146
DZA,2013,22.38026402,5979.60139,34.15341666
DZA,2014,24.11112295,6094.693923,33.92623416
DZA,2015,25.61886583,4685.059027,33.82743569
DZA,2016,25.55315255,4424.98529,33.9306246
DZA,2017,24.75214578,4554.66754,34.21206503
DZA,2018,24.93359006,4577.210292,34.56565272
DZA,2019,24.38860864,4468.453419,34.88634876
DZA,2020,25.55265583,3743.541952,35.36358232
ASM,2002,6.74783747,8972.696365,45.44033101
ASM,2003,6.72087595,9197.661968,45.23852302
ASM,2004,6.688961261,8958.428667,45.08392945
ASM,2005,6.651561073,8831.26976,45.02562148
ASM,2006,6.599521431,8745.166211,45.09440287
ASM,2007,6.522755649,9231.372409,45.26669038
ASM,2008,6.419332302,10030.80891,45.51392509
ASM,2009,6.287319968,12156.02939,45.8076989
ASM,2010,6.124787222,10375.17201,46.11872664
ASM,2011,5.787132649,10383.45933,46.51209589
ASM,2012,5.899522844,11745.48992,47.03507557
ASM,2013,6.036480597,11813.5022,47.6335721
ASM,2014,6.38148164,12026.33449,48.25383302
ASM,2015,6.345876885,12727.41027,48.84254604
ASM,2016,6.929692827,12843.33429,49.48811443
ASM,2017,6.923399181,11863.68395,50.22384151
ASM,2018,6.981745567,12552.05469,50.90948231
ASM,2019,6.728531738,12886.13595,51.40521838
ASM,2020,6.715147395,14489.25866,51.68347335
AND,1990,16.82718511,19563.65747,80.23157258
AND,1991,16.45786883,19533.26207,80.32671556
AND,1992,16.14398058,20099.53522,80.3915236
AND,1993,15.88739776,15916.83952,80.31673931
AND,1994,15.68999774,15748.53075,80.30730662
AND,1995,15.5536579,18443.25452,80.29327046
AND,1996,15.57228332,19130.15972,80.20519279
AND,1997,15.76247253,18247.99957,79.86033345
AND,1998,16.01014313,18536.50843,79.52531347
AND,1999,16.20121271,18875.28837,79.05035207
AND,2000,16.22159887,21810.24874,78.61042664
AND,2001,16.03989638,23511.29515,77.94154743
AND,2002,15.73220439,26528.13016,76.85243758
AND,2003,15.34569712,34063.5784,75.62236388
AND,2004,14.92754875,39021.12781,74.3716695
AND,2005,14.5249335,40829.80188,73.4137565
AND,2006,14.05871522,43467.21099,72.49506956
AND,2007,13.49523551,48336.22833,71.58976924
AND,2008,12.94988519,49132.51571,70.79654575
AND,2009,12.53805507,43975.01837,70.1090443
AND,2010,12.37513595,42746.83095,69.59906535
AND,2011,13.47329485,46657.15612,69.36100583
AND,2012,12.25931464,41500.54358,68.94366218
AND,2013,11.26985633,42470.31612,68.59121383
AND,2014,10.43599927,44369.65969,68.33935359
AND,2015,11.10889365,38654.93472,68.1705915
AND,2016,10.1068248,40129.8192,68.24943879
AND,2017,10.02191904,40672.99433,68.5444194
AND,2018,9.895806387,42819.77458,68.84285852
AND,2019,9.010874653,41257.80458,69.05914798
AND,2020,9.080280591,37361.09007,69.05888454
AGO,1990,23.83176728,965.8668405,33.14891364
AGO,1991,23.44396745,881.9194881,33.20859351
AGO,1992,23.12946351,668.7060175,33.24124658
AGO,1993,22.89532855,449.7278949,33.2503555
AGO,1994,22.74863566,334.9735903,33.24197081
AGO,1995,22.6964579,404.2948185,33.22343572
AGO,1996,22.75995361,531.1171368,33.14556167
AGO,1997,22.92253538,521.7027251,32.98709724
AGO,1998,23.1346577,429.1886541,32.78786422
AGO,1999,23.34677511,392.725539,32.58895655
AGO,2000,23.50934209,563.7337956,32.4299684
AGO,2001,23.65268219,533.5862024,32.26920753
AGO,2002,23.82000908,882.1478472,32.05865983
AGO,2003,23.98111244,992.6989793,31.8273755
AGO,2004,24.10578197,1266.210864,31.60461132
AGO,2005,24.16380738,1916.468422,31.41941102
AGO,2006,24.17293161,2617.05196,31.24936192
AGO,2007,24.17419013,3141.04598,31.0645822
AGO,2008,24.17231148,4103.0669,30.88412429
AGO,2009,24.17202417,3136.64547,30.72720959
AGO,2010,24.17805672,3597.342932,30.61229721
AGO,2011,24.33794017,4615.910598,30.53575554
AGO,2012,24.4804929,5086.027401,30.48391763
AGO,2013,24.53865843,5057.747878,30.46357597
AGO,2014,23.94558364,5005.999741,30.48183514
AGO,2015,25.00215026,3213.902611,30.54593656
AGO,2016,25.18070081,1807.952941,30.68366523
AGO,2017,23.95915081,2437.259712,30.89445097
AGO,2018,24.26501536,2538.591391,31.14369727
AGO,2019,24.59881133,2189.855714,31.39628582
AGO,2020,25.1452382,1449.922867,31.85300333
ATG,1990,19.2849436,7590.343332,12.07808049
ATG,1991,19.07104766,7956.006869,11.81939132
ATG,1992,18.89063182,8153.277804,11.60231122
ATG,1993,18.74879849,8624.168407,11.44671319
ATG,1994,18.65065008,9351.044266,11.37332882
ATG,1995,18.601289,9033.932376,11.40364484
ATG,1996,18.62777423,9755.66154,11.51651427
ATG,1997,18.72129123,10335.84215,11.66258012
ATG,1998,18.83313213,10906.52051,11.82232389
ATG,1999,18.91458907,11341.93271,11.97643469
ATG,2000,18.91695418,12021.46321,12.1055528
ATG,2001,18.73727981,11535.77429,12.22909144
ATG,2002,18.38213129,11657.34875,12.37059183
ATG,2003,17.96707031,12171.37738,12.51709318
ATG,2004,17.60765856,13036.00759,12.655576
ATG,2005,17.41945769,14366.29128,12.77298962
ATG,2006,17.40900268,16172.25135,12.87934689
ATG,2007,17.47210283,18203.51513,12.98522465
ATG,2008,17.55823134,18785.46822,13.07776904
ATG,2009,17.61686142,16471.36783,13.14385545
ATG,2010,17.59746629,15216.30984,13.17086117
ATG,2011,17.22854904,14841.97096,13.15078805
ATG,2012,17.56228932,15208.65697,13.10046087
ATG,2013,18.06479183,15050.71228,13.04426455
ATG,2014,18.15213999,15533.48313,13.00688818
ATG,2015,19.79631979,16080.65805,13.01322987
ATG,2016,19.9208793,16557.84317,13.27996284
ATG,2017,19.01594941,16924.78945,13.83947112
ATG,2018,18.92330072,18273.42707,14.44264443
ATG,2019,19.05846316,18884.37297,14.84255856
ATG,2020,19.69826956,15360.45442,15.01917956
ARG,1990,18.9601696,4315.333294,61.76667852
ARG,1991,19.01303052,5709.247841,63.38738002
ARG,1992,19.01869992,6789.996111,65.11923879
ARG,1993,18.98317939,6931.855964,66.93073005
ARG,1994,18.91247054,7437.562423,68.79049513
ARG,1995,18.81257498,7357.616277,70.66713963
ARG,1996,18.6337466,7663.212713,72.76292818
ARG,1997,18.35561436,8146.7871,75.16107335
ARG,1998,18.02824245,8218.992128,77.6498103
ARG,1999,17.70169509,7705.542883,80.01678924
ARG,2000,17.42603648,7637.014892,82.04869785
ARG,2001,17.18387377,7141.475077,83.91113292
ARG,2002,16.92351427,2569.699635,85.79294796
ARG,2003,16.64357241,3320.477751,87.51470222
ARG,2004,16.34266265,4242.020991,88.89677037
ARG,2005,16.01939943,5067.653423,89.75954216
ARG,2006,15.58776752,5869.38029,90.12486855
ARG,2007,15.04272924,7185.251551,90.23185282
ARG,2008,14.50436528,8944.110266,90.22924072
ARG,2009,14.09275635,8150.23527,90.26707448
ARG,2010,13.92798315,10260.13131,90.4964628
ARG,2011,14.23893067,12704.28318,91.03278376
ARG,2012,13.35716185,12949.71749,91.78608045
ARG,2013,14.76436999,12963.67577,92.60302097
ARG,2014,13.95005931,12233.14441,93.33123308
ARG,2015,14.62455147,13679.6265,93.81891153
ARG,2016,14.27005945,12699.96231,94.10039092
ARG,2017,13.96901748,14532.50093,94.3270295
ARG,2018,14.18508004,11752.79989,94.52342836
ARG,2019,14.39962389,9955.974787,94.7124553
ARG,2020,14.9081738,8535.59938,94.78805239
ARM,1990,28.21728701,635.3553275,26.57955136
ARM,1991,28.1988591,572.7402609,25.87892853
ARM,1992,28.16735244,356.35078,25.34487438
ARM,1993,28.12458845,347.8706447,24.97823203
ARM,1994,28.07238855,390.8799643,24.77786594
ARM,1995,28.01257415,443.9248609,24.74410935
ARM,1996,27.92098089,487.0686244,25.01081756
ARM,1997,27.79285462,505.0358871,25.63366821
ARM,1998,27.65913213,590.2399473,26.49368373
ARM,1999,27.55075018,582.6698862,27.47071299
ARM,2000,27.49864555,593.4505817,28.44647785
ARM,2001,27.48281267,659.5889885,29.62637466
ARM,2002,27.48480266,742.6511183,31.16718781
ARM,2003,27.53788736,882.0301677,32.8750913
ARM,2004,27.67533861,1130.087914,34.55575435
ARM,2005,27.93042826,1557.484589,36.01377512
ARM,2006,28.40405947,2041.652671,37.34263916
ARM,2007,29.22198605,2962.702346,38.71405641
ARM,2008,30.45475588,3777.668593,40.05877837
ARM,2009,32.17291681,2820.592655,41.30679758
ARM,2010,34.44701668,3041.344507,42.38697159
ARM,2011,41.81072554,3349.553098,43.397991
ARM,2012,43.28961483,3511.563997,44.42012597
ARM,2013,41.05050048,3680.166922,45.36568311
ARM,2014,38.63923761,3852.118006,46.1460757
ARM,2015,38.11485869,3512.393503,46.67041744
ARM,2016,35.86090788,3524.424769,47.07823794
ARM,2017,34.01535699,3869.053739,47.50926417
ARM,2018,34.20136607,4196.005623,47.88864899
ARM,2019,32.66182353,4597.228874,48.14124052
ARM,2020,30.57963348,4268.680933,48.24483431
AUS,1990,7.755718641,18249.30145,108.6964008
AUS,1991,7.66990742,18859.90746,110.3888914
AUS,1992,7.594672167,18624.18773,111.8875755
AUS,1993,7.531229825,17699.87649,113.1259662
AUS,1994,7.480797335,18129.63531,114.0383444
AUS,1995,7.444591642,20448.12197,114.5563514
AUS,1996,7.431973902,22021.78391,114.6708053
AUS,1997,7.44167605,23646.62305,114.4978059
AUS,1998,7.458971185,21479.1142,114.14661
AUS,1999,7.46913241,20712.66978,113.7259374
AUS,2000,7.457432827,21870.41597,113.3499978
AUS,2001,7.388953462,19695.72974,112.9880216
AUS,2002,7.26633772,20301.84317,112.5639685
AUS,2003,7.131202273,23718.13385,112.118001
AUS,2004,7.02516379,30836.73068,111.6908341
AUS,2005,6.989838942,34479.76793,111.3234793
AUS,2006,7.048149504,36595.70715,110.9112551
AUS,2007,7.166298108,41051.61207,110.3970627
AUS,2008,7.300822705,49701.28178,109.8965122
AUS,2009,7.408261246,42816.5674,109.5288866
AUS,2010,7.445151684,52144.66547,109.4140031
AUS,2011,7.320706635,62605.60046,109.5400134
AUS,2012,7.532800294,68072.87323,109.785676
AUS,2013,7.43314062,68190.701,110.1003017
AUS,2014,7.387603021,62544.08738,110.4363524
AUS,2015,7.18466162,56739.02653,110.7476813
AUS,2016,7.200695624,49888.04108,111.1713875
AUS,2017,7.428535959,53901.71454,111.7565809
AUS,2018,7.741219204,57196.42208,112.3233902
AUS,2019,9.330990316,54972.70179,112.6896725
AUS,2020,8.251717461,51791.54018,112.8566903
AUT,1990,23.35874588,21596.06822,132.5543912
AUT,1991,23.2910321,22323.13125,133.0203185
AUT,1992,23.14053746,24782.71188,133.2405308
AUT,1993,22.92228554,23987.20372,133.2336275
AUT,1994,22.65129991,25546.24605,133.0304724
AUT,1995,22.34260414,30207.06743,132.6571791
AUT,1996,21.84105484,29645.94513,131.7542765
AUT,1997,21.09732662,26571.75236,130.1201842
AUT,1998,20.28517002,27212.46429,128.0288047
AUT,1999,19.57833559,27078.70816,125.7582861
AUT,2000,19.15057389,24487.29747,123.5785292
AUT,2001,18.94706626,24430.49598,121.2188327
AUT,2002,18.77850993,26334.86222,118.399444
AUT,2003,18.61692924,32110.11597,115.3770911
AUT,2004,18.43434851,36614.25065,112.4044653
AUT,2005,18.2027921,38157.37023,109.730242
AUT,2006,17.80247062,40382.20783,107.1589103
AUT,2007,17.23162298,46622.96229,104.4626964
AUT,2008,16.63931587,51581.39824,101.8449305
AUT,2009,16.17461603,47857.44466,99.51166307
AUT,2010,15.98659014,46611.13934,97.66172066
AUT,2011,16.36763176,51116.89535,96.10494091
AUT,2012,14.71990119,48250.40591,94.59178134
AUT,2013,14.6599487,50305.35458,93.23577868
AUT,2014,12.95414547,51314.97226,92.15070796
AUT,2015,13.59996354,43915.22802,91.44847079
AUT,2016,12.51437957,45061.49939,91.00546171
AUT,2017,12.15575923,47163.74258,90.63779442
AUT,2018,12.58619345,51194.07498,90.3562208
AUT,2019,11.46459378,49885.99474,90.16351436
AUT,2020,10.93351368,48716.40989,90.07902779
AZE,1990,19.37142119,1238.271893,23.33426349
AZE,1991,19.8908556,734.9442328,22.57770024
AZE,1992,20.31036942,60.23512054,21.92829249
AZE,1993,20.62449776,209.5309545,21.41918117
AZE,1994,20.82777576,157.0635499,21.08165271
AZE,1995,20.91473853,314.5580191,20.9490197
AZE,1996,20.83948072,409.1855438,21.00770285
AZE,1997,20.61092884,505.5162042,21.18246334
AZE,1998,20.30586582,561.9068079,21.41758983
AZE,1999,20.00107463,573.8935287,21.65590453
AZE,2000,19.77333822,655.0972496,21.84119517
AZE,2001,19.59448026,703.6709986,22.00272283
AZE,2002,19.41070059,763.1088955,22.20262459
AZE,2003,19.2603464,883.6925807,22.43775212
AZE,2004,19.18176491,1045.013633,22.70380489
AZE,2005,19.21330331,1578.36733,22.99746692
AZE,2006,19.43435503,2472.957257,23.50900241
AZE,2007,19.91347647,3851.330152,24.29645126
AZE,2008,20.67275929,5574.468104,25.16180323
AZE,2009,21.73429513,4950.39949,25.90380769
AZE,2010,23.12017567,5843.533768,26.32036372
AZE,2011,27.42810615,7189.818692,26.47180158
AZE,2012,29.18058784,7495.865277,26.56948743
AZE,2013,28.23398287,7875.345367,26.64254492
AZE,2014,26.41920821,7890.840281,26.71819633
AZE,2015,25.18672205,5500.503646,26.82539071
AZE,2016,24.35279688,3880.685228,27.23469617
AZE,2017,23.24218815,4147.198142,27.98547393
AZE,2018,23.23609235,4739.794312,28.7635585
AZE,2019,22.02383494,4805.753718,29.25769456
AZE,2020,21.72699998,4229.910649,29.3500832
BHS,1990,19.10152616,11473.30084,12.1980317
BHS,1991,18.98823514,11082.35286,11.83277334
BHS,1992,18.9053224,10873.40475,11.52143022
BHS,1993,18.85284325,10613.06588,11.28078672
BHS,1994,18.83085299,10991.23467,11.12766606
BHS,1995,18.83940694,11374.60567,11.07873964
BHS,1996,18.93753825,11783.7972,11.14128561
BHS,1997,19.13473385,20367.57327,11.27973108
BHS,1998,19.35672968,21667.44882,11.44683918
BHS,1999,19.52926168,24041.09332,11.59549494
BHS,2000,19.57806579,24940.07751,11.67839054
BHS,2001,19.41659081,25371.92377,11.70419727
BHS,2002,19.07531032,26781.61959,11.71655577
BHS,2003,18.65549744,26429.12478,11.72033541
BHS,2004,18.2584253,26650.29342,11.7203906
BHS,2005,17.98536702,28602.41819,11.72156272
BHS,2006,17.81436551,29184.78651,11.7108547
BHS,2007,17.66274115,30051.84896,11.68103664
BHS,2008,17.54068329,29392.38244,11.645239
BHS,2009,17.45838131,27512.9131,11.61655638
BHS,2010,17.42602457,27473.10043,11.60796743
BHS,2011,17.64185623,27090.83768,11.60991829
BHS,2012,18.035816,28552.02427,11.60764042
BHS,2013,17.72112359,27432.95343,11.6063908
BHS,2014,18.53874842,28705.61708,11.61140413
BHS,2015,19.12563118,30289.40225,11.62775711
BHS,2016,18.49778337,30266.58592,11.83702582
BHS,2017,18.36124641,31337.18325,12.28057317
BHS,2018,18.57967994,32124.40511,12.75295116
BHS,2019,18.56595289,32979.54013,13.04827817
BHS,2020,18.93939187,25155.67254,13.1406035
BHR,1990,68.5869119,9342.538914,31.28453092
BHR,1991,67.14326766,10434.1324,32.16369419
BHR,1992,66.0241209,10460.15832,33.07120685
BHR,1993,65.22661342,11151.8715,34.01998285
BHR,1994,64.74788702,11629.35952,35.01209866
BHR,1995,64.58508349,11900.93178,36.03195219
BHR,1996,64.84243184,12091.78022,37.22262093
BHR,1997,65.52672467,12254.66626,38.60315615
BHR,1998,66.48894924,11625.03438,40.0113382
BHR,1999,67.5800928,12123.35347,41.27531922
BHR,2000,68.6511426,14214.48368,42.20955499
BHR,2001,70.0596873,13573.23399,42.94465667
BHR,2002,71.9559586,13501.47088,43.61308221
BHR,2003,73.87990835,14486.0269,44.17614747
BHR,2004,75.37148836,15963.94932,44.62059582
BHR,2005,75.97065049,17966.16578,44.9389687
BHR,2006,74.65280846,19267.28262,45.01431657
BHR,2007,71.51083505,20908.40425,44.78067637
BHR,2008,67.76087069,23299.49928,44.33882908
BHR,2009,64.61905577,19465.31407,43.82807006
BHR,2010,63.3015307,21819.32911,43.39638758
BHR,2011,66.7273264,25032.78677,42.88094897
BHR,2012,70.0606736,26438.67332,42.14917402
BHR,2013,68.14470192,26989.76011,41.38024752
BHR,2014,59.14997351,26451.79656,40.77011977
BHR,2015,71.55949784,23734.05511,40.50616257
BHR,2016,64.21930353,23800.00144,40.58223608
BHR,2017,61.2374946,24784.76935,40.78594629
BHR,2018,71.88723284,26324.40665,41.04286299
BHR,2019,59.96551749,27259.74386,41.27426967
BHR,2020,58.49506298,24342.84446,41.69900278
BGD,1990,53.17898242,283.0537371,53.68933157
BGD,1991,52.97962088,272.0649485,53.23600999
BGD,1992,52.82396634,273.4650725,52.67721401
BGD,1993,52.7113363,280.7572745,52.02486959
BGD,1994,52.64104825,280.6030318,51.28650605
BGD,1995,52.61241968,309.4586808,50.47109126
BGD,1996,52.63500524,371.9179377,49.48777961
BGD,1997,52.71360444,379.2849177,48.30351019
BGD,1998,52.84040204,385.6168818,47.02314694
BGD,1999,53.00758283,388.0956843,45.75096716
BGD,2000,53.20733159,396.6707302,44.58987318
BGD,2001,53.53715577,394.65641,43.49721559
BGD,2002,53.99898917,393.8864223,42.39445266
BGD,2003,54.44165602,426.7488075,41.3334037
BGD,2004,54.71398059,455.6140169,40.36485626
BGD,2005,54.6647871,480.0858508,39.53771687
BGD,2006,53.19754595,490.3880265,38.80354698
BGD,2007,50.07523823,537.9554928,38.09527346
BGD,2008,46.43595425,613.062041,37.43403124
BGD,2009,43.4177843,679.2114774,36.84158935
BGD,2010,42.1588187,757.3852804,36.34010523
BGD,2011,52.29511106,837.3369447,35.89247927
BGD,2012,65.16383893,859.6805364,35.45505855
BGD,2013,64.3758949,958.2629898,35.03959977
BGD,2014,68.32836451,1094.461997,34.65856948
BGD,2015,64.10842952,1224.386477,34.32450036
BGD,2016,63.67841413,1649.283809,33.95485577
BGD,2017,58.34397664,1811.082217,33.55227184
BGD,2018,59.51357785,1965.243727,33.25590177
BGD,2019,50.36452654,2129.79897,33.20496951
BGD,2020,42.38137624,2248.850788,33.6566961
BRB,1990,23.71995487,7781.405733,17.37856287
BRB,1991,23.45273447,7790.262294,17.38431462
BRB,1992,23.22370953,7519.201435,17.381018
BRB,1993,23.04336677,7904.707624,17.36712082
BRB,1994,22.92219291,8223.166812,17.3411988
BRB,1995,22.87067465,8460.473809,17.3022184
BRB,1996,22.90700365,9011.778848,17.24970015
BRB,1997,23.00952319,9521.571274,17.18497336
BRB,1998,23.12894736,10734.36372,17.10945618
BRB,1999,23.21599031,11244.30877,17.02485245
BRB,2000,23.22136616,11674.67365,16.93247439
BRB,2001,22.97999105,11639.51605,16.78865029
BRB,2002,22.47220904,11760.45247,16.57684124
BRB,2003,21.86687606,12075.9587,16.3388635
BRB,2004,21.33284806,12886.36653,16.11719039
BRB,2005,21.03898098,14214.42022,15.95484027
BRB,2006,20.98905004,15619.6006,15.82443119
BRB,2007,21.03404841,17235.43964,15.68001484
BRB,2008,21.11365899,17565.693,15.53671311
BRB,2009,21.16756465,16294.90995,15.40976585
BRB,2010,21.13544831,18860.38337,15.31401094
BRB,2011,20.74504942,19345.99531,15.23992301
BRB,2012,21.18461414,19034.0708,15.172459
BRB,2013,21.79444675,19308.00911,15.11802403
BRB,2014,22.39381112,19277.94236,15.08304381
BRB,2015,24.17875362,18954.29137,15.07383392
BRB,2016,24.41507574,19065.80698,15.20597498
BRB,2017,23.28781093,19692.76067,15.49779785
BRB,2018,23.26518522,20055.91587,15.8099906
BRB,2019,23.32554309,20583.72658,16.00348225
BRB,2020,23.73096578,18347.11091,16.06288182
BLR,1990,32.87289244,1706.640919,125.5093513
BLR,1991,32.24505794,1805.455925,128.0295555
BLR,1992,31.637417,1658.086413,130.8535837
BLR,1993,31.05701197,1589.510113,133.9104039
BLR,1994,30.5108852,1460.007914,137.1289981
BLR,1995,30.00607905,1370.699914,140.4523374
BLR,1996,29.56666311,1452.507105,144.8327081
BLR,1997,29.17775965,1396.657187,150.5397353
BLR,1998,28.78799001,1511.259791,156.4223059
BLR,1999,28.34597554,1210.587439,161.3529642
BLR,2000,27.80033759,1276.280381,164.2174517
BLR,2001,26.82516929,1244.373185,165.4934955
BLR,2002,25.37088644,1479.380663,166.4218406
BLR,2003,23.80059445,1819.526531,166.9788102
BLR,2004,22.47739871,2378.337005,167.1541723
BLR,2005,21.76440462,3126.071767,166.9314803
BLR,2006,21.55566149,3848.223503,165.992264
BLR,2007,21.44929307,4735.481076,164.3145389
BLR,2008,21.36451639,6376.175692,162.2657876
BLR,2009,21.2205485,5352.488092,160.2283823
BLR,2010,20.93660644,6034.678852,158.5899133
BLR,2011,18.69535508,6527.659343,157.0944234
BLR,2012,18.06753962,6953.215917,155.2667532
BLR,2013,18.97352489,7998.080205,153.1125919
BLR,2014,19.39747138,8341.290143,150.6306942
BLR,2015,17.60592812,5967.06856,147.8322186
BLR,2016,15.83194348,5039.775609,142.5518904
BLR,2017,15.77751323,5785.533977,134.657685
BLR,2018,16.98254003,6360.053101,127.1957409
BLR,2019,15.61779259,6837.768321,123.2286255
BLR,2020,14.60899038,6542.86454,123.1632972
BEL,1990,23.14289623,20600.37528,142.5707135
BEL,1991,22.97207419,21041.66065,143.9365727
BEL,1992,22.75375966,23372.61917,145.2141905
BEL,1993,22.49489724,22283.93602,146.3781806
BEL,1994,22.20243151,24208.55479,147.3984977
BEL,1995,21.88330707,28413.82644,148.2435143
BEL,1996,21.4791053,27489.55518,148.9946863
BEL,1997,20.97112415,24820.93805,149.7009389
BEL,1998,20.42588306,25338.44329,150.2870189
BEL,1999,19.9099015,25252.80191,150.6822603
BEL,2000,19.48969892,23098.88651,150.8122185
BEL,2001,19.07773735,23015.07126,150.6652225
BEL,2002,18.59226938,25006.1914,150.3005548
BEL,2003,18.10850027,30655.20927,149.7397849
BEL,2004,17.70163525,35429.40779,149.0155086
BEL,2005,17.4468796,36809.70134,148.1479206
BEL,2006,17.330608,38705.1068,146.6461772
BEL,2007,17.26349728,44319.16545,144.3651665
BEL,2008,17.20720587,48303.39796,141.8315125
BEL,2009,17.12339224,44923.34001,139.583775
BEL,2010,16.97371483,44197.39367,138.1564544
BEL,2011,16.36627396,47760.82988,137.4334661
BEL,2012,15.21500846,44874.17092,136.8893246
BEL,2013,14.36978731,46964.59468,136.4104922
BEL,2014,12.90035871,47995.7787,135.8925772
BEL,2015,13.33904294,40893.80454,135.2342219
BEL,2016,12.39390071,41854.54983,133.9360836
BEL,2017,12.76915779,44035.32394,132.0085322
BEL,2018,12.4925875,47487.21004,130.1028645
BEL,2019,11.21437918,46716.62275,128.8634418
BEL,2020,11.21606647,45906.28758,128.514835
BLZ,1990,28.41054298,2988.649523,17.75928939
BLZ,1991,27.83035865,3192.365269,17.95358995
BLZ,1992,27.33225939,3645.612437,18.14142662
BLZ,1993,26.94122286,3862.71049,18.31959204
BLZ,1994,26.68222674,3879.013747,18.48483805
BLZ,1995,26.58024867,4012.07959,18.63395907
BLZ,1996,26.64036505,4045.694451,18.77579002
BLZ,1997,26.80358668,4016.629416,18.91495935
BLZ,1998,26.99879285,4127.937186,19.04247551
BLZ,1999,27.15486289,4291.831682,19.14991095
BLZ,2000,27.2006761,4729.670804,19.22948381
BLZ,2001,26.99329616,4721.816257,19.31905433
BLZ,2002,26.52027767,4861.743142,19.44039752
BLZ,2003,25.90623632,4962.08962,19.56191572
BLZ,2004,25.27578777,5156.098171,19.65193833
BLZ,2005,24.75354769,5272.744172,19.67897124
BLZ,2006,24.25890025,5527.167759,19.63838613
BLZ,2007,23.69638241,5765.281999,19.55944399
BLZ,2008,23.16833902,5713.281268,19.46149776
BLZ,2009,22.77711493,5401.229631,19.36440296
BLZ,2010,22.625055,5451.138972,19.28821106
BLZ,2011,25.01672143,5582.221706,19.20561916
BLZ,2012,23.70910477,5709.689188,19.09514096
BLZ,2013,26.87327821,5950.202999,18.98582276
BLZ,2014,26.76633079,6128.142885,18.90690567
BLZ,2015,27.55667482,6154.495935,18.88730972
BLZ,2016,25.608807,6142.498732,19.00377217
BLZ,2017,26.17511656,6072.582676,19.24819721
BLZ,2018,26.7474103,6031.281396,19.52223734
BLZ,2019,26.14653347,6190.047923,19.72715542
BLZ,2020,28.65180702,5227.193638,19.85844363
BEN,1990,56.74970345,371.1016043,28.7642023
BEN,1991,54.11956501,364.689296,29.03361127
BEN,1992,52.23444994,301.773297,29.30010844
BEN,1993,51.00211276,387.3100548,29.5501434
BEN,1994,50.33030803,262.1298074,29.78204474
BEN,1995,50.12679028,348.4352389,29.98231594
BEN,1996,51.21552787,369.3943841,30.18551194
BEN,1997,53.81191711,344.5504915,30.41619519
BEN,1998,56.91085452,361.6019831,30.65398663
BEN,1999,59.5072366,525.1305972,30.88542583
BEN,2000,60.59595987,487.4241414,31.08158294
BEN,2001,58.95971078,492.4014995,31.29056087
BEN,2002,55.05375246,546.4638297,31.54394388
BEN,2003,50.3818465,676.0028781,31.79440231
BEN,2004,46.44775444,758.6958038,31.99893801
BEN,2005,44.75523786,779.4377778,32.1036613
BEN,2006,44.70142445,809.1470725,32.11371932
BEN,2007,44.68214547,912.3382472,32.08288814
BEN,2008,44.69921775,1060.602545,32.03081143
BEN,2009,44.75445817,1024.102779,31.98131312
BEN,2010,44.84968358,973.2442545,31.95326889
BEN,2011,47.39275907,1059.413589,31.93069746
BEN,2012,51.56281882,1071.525836,31.89575732
BEN,2013,42.08812525,1168.926993,31.86017693
BEN,2014,42.01125969,1204.399187,31.83751086
BEN,2015,66.65612843,1002.418869,31.84076892
BEN,2016,59.47934062,1010.533896,31.89036699
BEN,2017,58.38795872,1054.974081,31.99601719
BEN,2018,54.05626794,1151.74097,32.14758005
BEN,2019,46.56252753,1130.821353,32.33912781
BEN,2020,51.0478242,1197.501364,32.94977998
BMU,1990,9.086681,27665.52581,21.74420131
BMU,1991,9.060370028,28195.70916,21.74289458
BMU,1992,9.039041249,28761.96346,21.72232072
BMU,1993,9.02166514,30950.07991,21.68594121
BMU,1994,9.007212183,31543.06349,21.63656926
BMU,1995,8.994652857,34115.34456,21.57689415
BMU,1996,9.032174858,45063.61493,21.46623439
BMU,1997,9.133648718,48736.6768,21.28110922
BMU,1998,9.246569174,51629.28149,21.05388815
BMU,1999,9.318430962,54388.34173,20.81681227
BMU,2000,9.296728816,56542.95695,20.60225766
BMU,2001,9.165103281,59490.2452,20.36439845
BMU,2002,8.962578116,63358.56587,20.06430842
BMU,2003,8.71972288,67106.80281,19.74794292
BMU,2004,8.467107133,71692.1589,19.46100144
BMU,2005,8.235300435,77628.10352,19.24924397
BMU,2006,8.024546388,97781.4559,19.10202978
BMU,2007,7.813627662,107395.6515,18.97999582
BMU,2008,7.600922426,110268.5624,18.88558043
BMU,2009,7.384808846,104711.7124,18.82121292
BMU,2010,7.163665091,104111.8242,18.78920757
BMU,2011,6.915391947,99049.01699,18.76948539
BMU,2012,6.972502777,100213.4934,18.74661024
BMU,2013,6.612591534,101704.4075,18.73028002
BMU,2014,7.053814874,100961.5766,18.73011331
BMU,2015,6.974482694,104855.3668,18.75569935
BMU,2016,7.542735262,108747.3561,19.03923233
BMU,2017,7.671249721,112339.4256,19.62111043
BMU,2018,7.397566781,113204.8221,20.22743311
BMU,2019,7.206799052,115798.0408,20.58558013
BMU,2020,7.336000525,106973.1757,20.65857523
BTN,1990,31.94184725,488.3274315,36.63378912
BTN,1991,31.7529006,400.6347052,35.94154373
BTN,1992,31.61939849,415.7915226,35.33787904
BTN,1993,31.53820376,407.3998425,34.84631916
BTN,1994,31.50617925,467.0083121,34.36721626
BTN,1995,31.52018778,530.1036769,33.90625445
BTN,1996,31.61064067,552.8738914,33.4782628
BTN,1997,31.79051734,630.4474101,33.05911758
BTN,1998,32.03053283,638.2789623,32.65476517
BTN,1999,32.30140216,685.4198306,32.26332645
BTN,2000,32.57384036,771.9249114,31.88697191
BTN,2001,32.91600699,812.2382108,31.49840879
BTN,2002,33.34418245,895.7994899,31.09331302
BTN,2003,33.75126304,1022.382403,30.70428582
BTN,2004,34.03014503,1130.359346,30.36418958
BTN,2005,34.07372473,1299.949386,30.10676463
BTN,2006,33.14962238,1405.607162,29.92951703
BTN,2007,31.1047419,1850.415704,29.80086941
BTN,2008,28.70090506,1919.597749,29.71317274
BTN,2009,26.69993366,1918.395992,29.661705
BTN,2010,25.86364946,2435.579807,29.64100017
BTN,2011,30.4700767,2787.979677,29.62309952
BTN,2012,38.13157147,2751.212887,29.5970687
BTN,2013,37.41624372,2679.952172,29.58628876
BTN,2014,40.29815305,2849.499987,29.61472522
BTN,2015,37.48569113,2954.04082,29.70258769
BTN,2016,36.94161228,3152.309051,30.25338982
BTN,2017,33.81151504,3435.288048,31.35899282
BTN,2018,34.08388194,3400.204172,32.57318966
BTN,2019,30.05189776,3576.879871,33.44815651
BTN,2020,23.94565764,3191.66907,33.99488145
BOL,1990,82.79136906,682.6768103,19.64866449
BOL,1991,82.38992188,733.9354876,19.96858095
BOL,1992,81.66515411,759.571135,20.26739045
BOL,1993,80.67878813,756.637016,20.53141389
BOL,1994,79.4925463,774.0356696,20.74620191
BOL,1995,78.16815099,852.7540349,20.89765757
BOL,1996,75.94267959,922.1132591,21.01477655
BOL,1997,72.53544881,970.3518434,21.13079293
BOL,1998,68.73154001,1022.145065,21.23988418
BOL,1999,65.31603454,979.344495,21.33517135
BOL,2000,63.07401375,975.7770604,21.40962908
BOL,2001,61.94814473,930.1682272,21.46981309
BOL,2002,61.18546741,888.221329,21.5210244
BOL,2003,60.52762245,893.0137602,21.55639415
BOL,2004,59.71625053,953.1918932,21.56848689
BOL,2005,58.49299231,1020.123262,21.54945184
BOL,2006,55.24069604,1202.711504,21.46752818
BOL,2007,49.43801495,1354.549059,21.31770653
BOL,2008,42.47029718,1692.672485,21.1329758
BOL,2009,35.72289089,1731.181721,20.94572445
BOL,2010,30.58114421,1929.783731,20.78819103
BOL,2011,27.31829333,2315.521219,20.64766669
BOL,2012,28.06975414,2575.598571,20.50030936
BOL,2013,26.0957497,2870.02377,20.36133103
BOL,2014,26.94154491,3041.435031,20.24619504
BOL,2015,27.45747117,2996.012898,20.17047353
BOL,2016,28.05461403,3035.873478,20.13884397
BOL,2017,26.54186339,3306.303012,20.1405407
BOL,2018,25.16675904,3500.726422,20.16729756
BOL,2019,24.48499244,3503.896011,20.2110897
BOL,2020,22.87945907,3099.94219,20.4093934
BIH,1990,35.70254113,1742.882622,62.64215575
BIH,1991,35.26566932,1373.371045,60.89540296
BIH,1992,34.93998015,1118.175699,59.56121027
BIH,1993,34.71478691,929.8721187,58.60116106
BIH,1994,34.57940288,337.090896,57.97086144
BIH,1995,34.52314135,502.365981,57.68418629
BIH,1996,34.69672165,718.9337971,58.16011099
BIH,1997,35.16320422,913.8133991,59.47664887
BIH,1998,35.78041403,1006.704797,61.17465012
BIH,1999,36.40617605,1134.60298,62.70803426
BIH,2000,36.89831526,1338.480596,63.50475618
BIH,2001,37.36141809,1387.893651,63.41173036
BIH,2002,37.91918642,1606.546722,62.83435981
BIH,2003,38.45811844,2033.947009,62.07225767
BIH,2004,38.86471233,2452.686168,61.42562303
BIH,2005,39.02546625,2739.610769,61.19194616
BIH,2006,38.63295094,3166.128653,61.37335267
BIH,2007,37.69695289,3931.489487,61.71698233
BIH,2008,36.57979392,4841.693119,62.12487941
BIH,2009,35.64379587,4539.918638,62.45906827
BIH,2010,35.25128056,4506.478285,62.58477159
BIH,2011,39.40316432,4982.693758,62.43664738
BIH,2012,35.50467113,4693.788991,62.10795561
BIH,2013,33.74190455,5034.56616,61.7302106
BIH,2014,32.4817989,5206.065583,61.42482581
BIH,2015,33.80553101,4662.258837,61.31304139
BIH,2016,30.38467695,4928.566525,61.67516179
BIH,2017,30.90182078,5345.019855,62.48380366
BIH,2018,32.49899221,6047.845843,63.40386608
BIH,2019,26.71579225,6122.375345,64.09936199
BIH,2020,26.60195327,6130.311332,64.47610426
BWA,1990,19.67367736,2903.153816,63.28227914
BWA,1991,19.54684697,2938.594427,64.15665418
BWA,1992,19.44906352,3004.612634,65.07927692
BWA,1993,19.37995153,2929.43119,66.03412187
BWA,1994,19.33913556,2917.255142,67.00867131
BWA,1995,19.32624013,3156.181945,67.9900503
BWA,1996,19.35133425,3156.268657,69.17890802
BWA,1997,19.41616675,3194.181061,70.62693376
BWA,1998,19.50788189,2981.196397,72.07302004
BWA,1999,19.61362395,3339.99596,73.26308534
BWA,2000,19.72053722,3450.811806,73.94336112
BWA,2001,19.83907298,3206.071237,74.27674603
BWA,2002,19.98635443,3117.250872,74.58208421
BWA,2003,20.15953377,4230.123269,74.82772033
BWA,2004,20.35576315,4956.692877,74.98422293
BWA,2005,20.57219477,5391.070766,75.02020304
BWA,2006,20.85047794,5291.583791,74.63932787
BWA,2007,21.20705755,5529.125746,73.76281514
BWA,2008,21.60127914,5503.073953,72.67390376
BWA,2009,21.99248827,5082.933883,71.656855
BWA,2010,22.34003048,6215.732161,70.99570982
BWA,2011,22.67685205,7287.382953,70.65261742
BWA,2012,22.70255377,6595.53845,70.40540109
BWA,2013,21.23413348,6666.912196,70.26064189
BWA,2014,21.10215117,7122.364234,70.2261952
BWA,2015,22.04614509,6141.203947,70.30948936
BWA,2016,21.25225331,6749.059943,70.56073026
BWA,2017,19.96632322,7104.964011,70.95979142
BWA,2018,19.91104108,7407.959401,71.41166569
BWA,2019,19.20354844,7172.089565,71.82346234
BWA,2020,18.90575499,6323.314192,72.84556908
BRA,1990,15.36373075,3117.735347,20.95353978
BRA,1991,15.40554314,2257.609297,20.81657195
BRA,1992,15.44139396,2127.316427,20.65988755
BRA,1993,15.4723738,2348.882477,20.5000262
BRA,1994,15.49957322,3298.712507,20.35415038
BRA,1995,15.52408281,4756.748408,20.23931695
BRA,1996,15.5458288,5179.13052,20.09568817
BRA,1997,15.56301887,5299.396304,19.87621131
BRA,1998,15.57416582,5105.890995,19.61469229
BRA,1999,15.57778245,3493.571625,19.34456085
BRA,2000,15.57238156,3766.548115,19.09922916
BRA,2001,15.55281271,3176.289357,18.86175399
BRA,2002,15.51760079,2855.940189,18.60416907
BRA,2003,15.47077157,3090.60701,18.34198085
BRA,2004,15.4163508,3663.823188,18.09079505
BRA,2005,15.35836426,4827.781731,17.86686787
BRA,2006,15.25038635,5934.144711,17.61519148
BRA,2007,15.08730864,7409.691307,17.30928288
BRA,2008,14.93513267,8908.331766,17.00894399
BRA,2009,14.85986001,8678.659225,16.77383001
BRA,2010,14.92749218,11403.28213,16.66339496
BRA,2011,15.5394718,13396.62436,16.68863065
BRA,2012,14.60074141,12521.72135,16.79428418
BRA,2013,13.88973204,12458.89121,16.94028567
BRA,2014,13.79164878,12274.99397,17.08635691
BRA,2015,12.40420076,8936.196618,17.19278285
BRA,2016,12.10850381,8836.286526,17.33652777
BRA,2017,12.21933885,10080.50928,17.56148688
BRA,2018,12.25164015,9300.661649,17.77666984
BRA,2019,12.34884009,9029.833267,17.89000984
BRA,2020,12.1793252,7074.193783,17.90081557
BRN,1990,8.370724168,23658.71663,35.14372697
BRN,1991,8.120196087,23932.18975,34.22217912
BRN,1992,7.891232078,23450.89644,33.39718639
BRN,1993,7.692423209,22397.07379,32.69191783
BRN,1994,7.532360544,22766.58719,32.13368403
BRN,1995,7.419635149,26443.25643,31.75670652
BRN,1996,7.34134211,25692.23564,31.50439891
BRN,1997,7.277497142,25522.39755,31.31426907
BRN,1998,7.22607225,17769.24636,31.18024862
BRN,1999,7.18503944,19752.20132,31.09904639
BRN,2000,7.152370717,20130.25715,31.07971611
BRN,2001,7.144199984,18287.82717,31.16753176
BRN,2002,7.163598698,18621.29227,31.39017728
BRN,2003,7.18894519,20677.90012,31.70138161
BRN,2004,7.198617793,24423.09477,32.04866415
BRN,2005,7.17099484,29386.27036,32.3917551
BRN,2006,7.044498108,34674.7996,32.76583909
BRN,2007,6.820393116,36217.3291,33.19959569
BRN,2008,6.571323808,42156.56852,33.6541733
BRN,2009,6.369934127,30946.46743,34.0761087
BRN,2010,6.288868017,34937.55552,34.41153666
BRN,2011,7.225343252,46382.82745,34.65574839
BRN,2012,7.641740714,46968.59711,34.84593039
BRN,2013,7.810452268,44003.06443,35.03565828
BRN,2014,8.038402569,41026.50839,35.26349472
BRN,2015,7.76801291,30625.12873,35.57529199
BRN,2016,7.708093727,26663.29732,36.27123382
BRN,2017,7.230648954,28024.38246,37.35967441
BRN,2018,7.494855877,30988.11905,38.41905053
BRN,2019,7.945858113,30426.57303,39.02663816
BRN,2020,7.597265034,26834.35925,38.88296901
BGR,1990,27.26248798,2366.529821,100.7329706
BGR,1991,26.85663164,1267.734375,101.8753603
BGR,1992,26.48459056,1211.980878,102.7312572
BGR,1993,26.14319034,1278.525114,103.3017693
BGR,1994,25.82925656,1148.494399,103.5935497
BGR,1995,25.53961481,2259.259226,103.6157224
BGR,1996,25.29156911,1470.192593,103.0115186
BGR,1997,25.10905749,1361.409384,101.6180301
BGR,1998,24.99885654,1820.448664,99.72472985
BGR,1999,24.96774286,1659.718611,97.62498823
BGR,2000,25.02249305,1621.262107,95.61300144
BGR,2001,25.14789716,1770.907049,93.4156343
BGR,2002,25.30239546,2092.982886,90.72366852
BGR,2003,25.45323983,2719.494369,87.78450362
BGR,2004,25.56768215,3389.687434,84.8502836
BGR,2005,25.61297431,3899.825963,82.16735058
BGR,2006,25.33392705,4523.146558,79.42801235
BGR,2007,24.66879437,5888.776852,76.40217693
BGR,2008,23.87499308,7271.303389,73.45193418
BGR,2009,23.20993999,6988.273163,70.93616887
BGR,2010,22.93105189,6863.667068,69.21247579
BGR,2011,26.19141438,7857.16707,68.07037976
BGR,2012,23.08638116,7430.73738,67.0712114
BGR,2013,21.49005296,7687.713682,66.23023843
BGR,2014,21.99215001,7912.274844,65.56241556
BGR,2015,20.79369013,7078.860323,65.08616797
BGR,2016,19.97916741,7570.931655,64.75342497
BGR,2017,20.03378582,8381.881346,64.50819239
BGR,2018,19.71598301,9436.144799,64.3551293
BGR,2019,17.53802566,9838.60059,64.30002248
BGR,2020,17.14742361,10198.53883,64.47252318
BFA,1990,57.09764127,338.5937591,31.50952639
BFA,1991,55.12355828,333.7060551,31.60653257
BFA,1992,53.80648461,348.5924439,31.69569591
BFA,1993,53.02099997,324.1115767,31.77175379
BFA,1994,52.64168407,187.2114237,31.83019572
BFA,1995,52.54311661,229.0922945,31.86572226
BFA,1996,53.56411652,242.7331714,31.88512851
BFA,1997,55.99939492,223.8539585,31.90289475
BFA,1998,58.90736977,249.5317329,31.91742188
BFA,1999,61.34645908,292.8369587,31.92999909
BFA,2000,62.37508081,248.9085269,31.94267144
BFA,2001,62.33796493,259.4852234,31.94041399
BFA,2002,62.22401481,285.6540876,31.92347716
BFA,2003,62.05790854,362.3739,31.9032061
BFA,2004,61.86432418,403.8128374,31.89512853
BFA,2005,61.66793982,441.164148,31.9156943
BFA,2006,61.43723191,455.5136556,31.97278406
BFA,2007,61.09445868,514.6844512,32.05805191
BFA,2008,60.59497088,619.4375333,32.15303059
BFA,2009,59.89411929,601.5695207,32.2409478
BFA,2010,58.94725464,624.9572522,32.30563534
BFA,2011,55.57161301,725.0247677,32.33451891
BFA,2012,61.76290447,731.4701389,32.34166737
BFA,2013,48.60569039,759.7620652,32.34668175
BFA,2014,49.91956418,764.8616751,32.36956941
BFA,2015,71.87324446,630.1247508,32.43032294
BFA,2016,66.09171173,663.7423648,32.6012738
BFA,2017,60.31006928,709.0915359,32.89206602
BFA,2018,58.1036119,777.4656185,33.2301028
BFA,2019,50.70572336,764.8530778,33.54276871
BFA,2020,58.4706762,825.2370388,34.01055326
BDI,1990,29.42271109,202.6294462,42.86080549
BDI,1991,29.5299432,204.6682584,42.96814212
BDI,1992,29.6358595,184.8689705,43.00761457
BDI,1993,29.73299873,165.3441203,42.99761064
BDI,1994,29.81389962,161.8925843,42.94050943
BDI,1995,29.87110093,164.9153117,42.82337808
BDI,1996,29.9520241,143.1567412,42.57477259
BDI,1997,30.0826026,160.278342,42.15457464
BDI,1998,30.22314324,144.4569483,41.61847609
BDI,1999,30.33395283,127.5141958,41.04248962
BDI,2000,30.37533817,134.5378618,40.50188243
BDI,2001,30.2604722,132.1595545,39.93467165
BDI,2002,29.99535313,120.9523086,39.26283354
BDI,2003,29.6795257,111.4066828,38.54286953
BDI,2004,29.41253464,125.1949652,37.82778334
BDI,2005,29.29392471,147.2346193,37.17407533
BDI,2006,29.28782993,161.8927556,36.54381672
BDI,2007,29.29504729,166.1627449,35.88284474
BDI,2008,29.32011597,189.5020746,35.2220229
BDI,2009,29.36757513,199.097633,34.59381578
BDI,2010,29.44196394,216.7277053,34.03053268
BDI,2011,30.46916592,230.0705774,33.46042151
BDI,2012,30.6146105,231.6884964,32.84339701
BDI,2013,29.7513342,234.8430454,32.26623894
BDI,2014,31.2135166,250.5404811,31.82335766
BDI,2015,30.12074632,280.9668313,31.6027829
BDI,2016,30.76306237,235.2862054,31.60634593
BDI,2017,29.30396985,236.6944726,31.7231962
BDI,2018,28.33849949,224.8993924,31.88243613
BDI,2019,28.77473699,210.2364945,32.01572584
BDI,2020,29.65413451,210.0081399,32.29052443
CPV,1990,42.97168829,817.4429255,51.01082976
CPV,1991,42.81895697,831.6138876,51.69187865
CPV,1992,42.72854445,907.8479095,52.41158011
CPV,1993,42.68538992,1220.049979,53.16344471
CPV,1994,42.67443257,991.1089744,53.9419219
CPV,1995,42.68061162,1165.138323,54.74213718
CPV,1996,43.28502714,1179.515227,55.63702218
CPV,1997,44.71225898,1133.574226,56.63693997
CPV,1998,46.41246601,1186.742948,57.65530265
CPV,1999,47.83580706,1326.744669,58.60434405
CPV,2000,48.432441,1189.514793,59.39643117
CPV,2001,47.52681826,1223.330553,60.09304653
CPV,2002,45.22335498,1328.578743,60.77556408
CPV,2003,42.14215861,1717.975654,61.4086231
CPV,2004,38.90333661,1929.490815,61.95490019
CPV,2005,36.12699643,2004.146804,62.3749142
CPV,2006,33.4651818,2256.996662,62.68480503
CPV,2007,30.49945921,3324.576752,62.93435021
CPV,2008,27.7442202,3908.648858,63.14909315
CPV,2009,25.71385632,3659.720464,63.35576506
CPV,2010,24.92275913,3579.460061,63.57948567
CPV,2011,42.20199122,4002.013869,63.90797269
CPV,2012,51.11123349,3736.81517,64.340041
CPV,2013,36.41467588,3960.975968,64.76845804
CPV,2014,31.35084589,3985.607065,65.08419876
CPV,2015,51.42041369,3415.062667,65.17710978
CPV,2016,43.03149009,3608.966066,64.70905012
CPV,2017,53.86926236,3893.095723,63.75915589
CPV,2018,31.73842295,4294.965105,62.85245898
CPV,2019,39.35191352,4380.781192,62.50869413
CPV,2020,42.32252209,3539.22662,63.51143942
KHM,1990,30.87483049,190.18147,35.49947028
KHM,1991,30.33377328,267.3363067,35.5051876
KHM,1992,29.87151139,307.0949224,35.46005494
KHM,1993,29.50012274,294.0593727,35.37540473
KHM,1994,29.23168523,302.1307855,35.26255372
KHM,1995,29.07827679,343.4852247,35.13257226
KHM,1996,29.07996251,324.655871,34.88379318
KHM,1997,29.22239325,297.5904196,34.46077032
KHM,1998,29.4360256,258.7809532,33.94205472
KHM,1999,29.65131614,286.7535964,33.41014032
KHM,2000,29.79872148,296.4266875,32.94706421
KHM,2001,29.90572447,327.5009843,32.53363919
KHM,2002,30.01915929,350.1472766,32.10821816
KHM,2003,30.09850954,386.6911239,31.68934983
KHM,2004,30.10325879,444.1990675,31.29753039
KHM,2005,29.99289064,525.7973251,30.95150537
KHM,2006,29.61304767,612.2526486,30.63009647
KHM,2007,28.86426229,731.6922951,30.31191105
KHM,2008,27.78835274,866.2839998,30.01411574
KHM,2009,26.42713726,875.7489362,29.75563953
KHM,2010,24.8224341,952.2746163,29.55274139
KHM,2011,21.68071077,1088.981528,29.37845188
KHM,2012,22.99657911,1192.80263,29.21115916
KHM,2013,25.77850235,1305.660097,29.07381849
KHM,2014,22.10528804,1431.563965,28.99063064
KHM,2015,21.5990289,1547.320104,28.98456493
KHM,2016,22.40718101,1675.195557,29.09445635
KHM,2017,20.70753128,1826.353917,29.29844702
KHM,2018,22.99194255,2036.673776,29.52855604
KHM,2019,22.97380172,2225.877055,29.71623019
KHM,2020,24.14360228,2081.739142,29.97704526
CMR,1990,43.72224894,1086.717009,32.90745553
CMR,1991,42.18202989,1014.828973,33.22753867
CMR,1992,41.06990565,1005.448976,33.56307948
CMR,1993,40.33657313,1309.9363,33.89997313
CMR,1994,39.93272923,700.7095019,34.23171138
CMR,1995,39.80907084,832.0066745,34.55003072
CMR,1996,40.42968813,826.9653223,34.89606119
CMR,1997,41.90962168,783.2516019,35.29798157
CMR,1998,43.67599399,798.7456214,35.71663164
CMR,1999,45.15592754,796.2626498,36.12020869
CMR,2000,45.77654483,708.5657316,36.47301432
CMR,2001,45.26271716,715.4702965,36.82129386
CMR,2002,44.01346907,789.6238111,37.2161452
CMR,2003,42.46715297,988.2412768,37.60015106
CMR,2004,41.06212124,1133.393267,37.92651983
CMR,2005,40.2367263,1142.624663,38.14420259
CMR,2006,39.90400055,1191.45459,38.27214425
CMR,2007,39.65812606,1325.672482,38.3720233
CMR,2008,39.45917971,1492.142698,38.44214526
CMR,2009,39.26723842,1461.389992,38.48841199
CMR,2010,39.04237906,1398.58702,38.51378953
CMR,2011,38.59233058,1513.96057,38.49415723
CMR,2012,41.85374145,1449.098744,38.42829952
CMR,2013,37.1006966,1575.928821,38.35102387
CMR,2014,37.00906903,1649.443391,38.30285704
CMR,2015,51.94994524,1415.000097,38.32234008
CMR,2016,44.76925343,1441.720173,38.45707317
CMR,2017,43.21490771,1496.089518,38.69985683
CMR,2018,40.88755967,1610.696416,39.00168971
CMR,2019,40.73557619,1555.226605,39.31846821
CMR,2020,39.8126251,1555.603707,40.02966181
CAN,1990,10.54542357,21525.86114,176.3085336
CAN,1991,10.52199308,21846.79305,177.0563361
CAN,1992,10.48357624,20950.33053,177.7872871
CAN,1993,10.43372191,20186.79888,178.5035377
CAN,1994,10.37597893,19997.62374,179.2024415
CAN,1995,10.31389616,20679.63479,179.8860274
CAN,1996,10.22572567,21296.97235,180.5372735
CAN,1997,10.10433877,21901.56285,181.1012273
CAN,1998,9.975213146,21024.58507,181.5227568
CAN,1999,9.863826465,22315.24667,181.7464103
CAN,2000,9.795656408,24271.00206,181.7208474
CAN,2001,9.760864765,23822.09621,181.2052226
CAN,2002,9.728108682,24256.01923,180.2157973
CAN,2003,9.690608872,28301.86459,179.0645871
CAN,2004,9.641586043,32145.54126,178.0656361
CAN,2005,9.574260908,36383.66001,177.5369323
CAN,2006,9.401820852,40504.0371,177.55587
CAN,2007,9.080262352,44660.08389,177.899942
CAN,2008,8.66701975,46710.25269,178.445307
CAN,2009,8.219527388,40874.88319,179.0587195
CAN,2010,7.795219609,47560.6666,179.6095094
CAN,2011,7.372876382,52223.85884,180.036403
CAN,2012,7.585589152,52670.34473,180.3927276
CAN,2013,7.260966323,52638.11872,180.7401549
CAN,2014,7.380929883,50960.84312,181.1302224
CAN,2015,7.115761831,43594.1941,181.613491
CAN,2016,6.406751551,42314.06158,182.6216282
CAN,2017,7.044920253,45129.62812,184.164064
CAN,2018,7.091751113,46539.17616,185.658622
CAN,2019,6.226801693,46352.86934,186.5254017
CAN,2020,6.565669944,43537.8393,186.5029248
CAF,1990,32.83474669,501.6562006,40.72951866
CAF,1991,32.72071409,464.8282836,40.88290293
CAF,1992,32.64829268,461.5873035,40.99145552
CAF,1993,32.60966493,404.9545469,41.06260588
CAF,1994,32.59701333,261.2603974,41.1020483
CAF,1995,32.60252036,333.1458632,41.11358916
CAF,1996,32.76640766,293.3065753,41.0442185
CAF,1997,33.1400609,265.5212824,40.87822632
CAF,1998,33.58240863,266.5705446,40.66859654
CAF,1999,33.95237941,267.995954,40.46907439
CAF,2000,34.10890181,239.1541337,40.33093716
CAF,2001,33.93057269,237.9517025,40.23092973
CAF,2002,33.50162558,248.639291,40.11904251
CAF,2003,32.989444,278.4039922,40.00600549
CAF,2004,32.56141147,303.4613212,39.89986965
CAF,2005,32.38491152,311.9500231,39.80501226
CAF,2006,32.42908325,333.9425199,39.66092411
CAF,2007,32.54653419,380.8870488,39.4346298
CAF,2008,32.72985047,437.2482747,39.17427568
CAF,2009,32.97161826,456.4716739,38.9282926
CAF,2010,33.2644237,476.873787,38.74250439
CAF,2011,34.73876755,534.0572815,38.57136823
CAF,2012,36.12711803,544.3958491,38.36450148
CAF,2013,33.66423378,364.3669626,38.15613024
CAF,2014,31.91562444,409.850486,37.97657583
CAF,2015,38.59993767,366.3228539,37.87397392
CAF,2016,34.41081479,387.1762034,37.86315982
CAF,2017,33.88538316,432.3240257,37.90056539
CAF,2018,31.97409776,455.2439629,37.96630417
CAF,2019,34.91437601,449.2284676,38.05196617
CAF,2020,34.43341845,462.8790713,38.46697062
TCD,1990,55.27760351,290.5990453,26.84795153
TCD,1991,53.40545797,302.4872684,27.12591482
TCD,1992,52.01681912,290.6482861,27.41440137
TCD,1993,51.0729421,220.7299649,27.70684187
TCD,1994,50.53508203,173.9288951,27.99140307
TCD,1995,50.36449403,203.9648527,28.27035782
TCD,1996,51.0489456,216.9125411,28.57134818
TCD,1997,52.68102262,201.384077,28.91749721
TCD,1998,54.62920779,219.7795309,29.29243955
TCD,1999,56.26198382,186.6385311,29.67906873
TCD,2000,56.9478334,163.1216637,30.06405105
TCD,2001,56.7977695,194.3229533,30.54380362
TCD,2002,56.41189481,219.061392,31.14099306
TCD,2003,55.89232661,289.0876211,31.7343022
TCD,2004,55.34118221,445.8507672,32.20527514
TCD,2005,54.86057888,643.8079293,32.42464207
TCD,2006,54.36682771,693.8545918,32.4419887
TCD,2007,53.78384875,780.581406,32.40135004
TCD,2008,53.22517282,905.6784319,32.33096068
TCD,2009,52.80433074,781.143474,32.26146372
TCD,2010,52.6348533,866.4396809,32.21827588
TCD,2011,54.15042277,954.3168729,32.19336679
TCD,2012,57.12047419,936.141445,32.16114513
TCD,2013,50.22566071,946.1295831,32.12669277
TCD,2014,46.80527884,982.5275631,32.09277757
TCD,2015,64.38275048,747.5884485,32.07208675
TCD,2016,58.38595025,668.0786361,32.02983611
TCD,2017,56.25062147,640.1170485,31.960854
TCD,2018,54.38081735,695.6423937,31.90833259
TCD,2019,51.86735771,678.1420357,31.91163552
TCD,2020,49.13884841,622.0955434,32.34893704
CHL,1990,27.01595942,2466.130142,107.5835606
CHL,1991,26.82192276,2770.079646,107.2438044
CHL,1992,26.69619925,3309.399239,106.8288328
CHL,1993,26.62773296,3494.994609,106.3336891
CHL,1994,26.60546796,3981.390189,105.7597322
CHL,1995,26.61834829,5055.614062,105.1088124
CHL,1996,26.80485645,5333.504387,104.1419964
CHL,1997,27.20355414,5741.95843,102.8287631
CHL,1998,27.65350431,5419.824173,101.4839252
CHL,1999,27.99376991,4933.555815,100.4204718
CHL,2000,28.06341387,5052.992458,99.95356014
CHL,2001,27.87502477,4563.595299,100.3947342
CHL,2002,27.56663367,4430.847412,101.5378987
CHL,2003,27.16546725,4773.401775,102.9242579
CHL,2004,26.69875218,6120.591521,104.0852314
CHL,2005,26.19371515,7480.32331,104.5540208
CHL,2006,25.43132188,9318.656553,104.5165907
CHL,2007,24.35825346,10346.41382,104.4759678
CHL,2008,23.25030965,10683.21888,104.4421412
CHL,2009,22.38329021,10098.80172,104.4215889
CHL,2010,22.03299489,12632.87047,104.4213714
CHL,2011,22.8717892,14487.39278,104.5203216
CHL,2012,21.91471808,15241.907,104.7252079
CHL,2013,23.76250281,15683.54864,104.9355241
CHL,2014,23.03175377,14529.67672,105.0506937
CHL,2015,24.27822981,13433.9203,104.9695818
CHL,2016,24.22184248,13649.85205,103.9302147
CHL,2017,23.41160413,14879.90862,101.8978927
CHL,2018,23.05121303,15659.48087,99.86211053
CHL,2019,22.73239277,14495.71672,98.81537469
CHL,2020,23.2750668,13114.81547,99.37395834
CHN,1990,49.29828357,317.884673,115.55788
CHN,1991,49.06723255,333.1421454,114.7318417
CHN,1992,48.89242284,366.4606923,113.6313161
CHN,1993,48.79136924,377.3898395,112.3273713
CHN,1994,48.78158654,473.4899164,110.8711084
CHN,1995,48.88058953,609.6043379,109.3223784
CHN,1996,49.08138047,709.4158882,106.9584917
CHN,1997,49.34862559,781.7425612,103.3707006
CHN,1998,49.6573356,828.594691,99.11519022
CHN,1999,49.98252123,873.2923363,94.73921425
CHN,2000,50.29919318,959.3604314,90.80391719
CHN,2001,50.62804896,1053.112314,86.95826741
CHN,2002,50.9679257,1148.514257,82.72945164
CHN,2003,51.26104362,1288.637491,78.51344721
CHN,2004,51.44962297,1508.667916,74.70128881
CHN,2005,51.47588394,1753.414192,71.68364178
CHN,2006,50.96967057,2099.21943,69.25783375
CHN,2007,49.88626029,2693.958732,67.00020108
CHN,2008,48.6560235,3468.327063,64.97981831
CHN,2009,47.70933061,3832.227457,63.25970628
CHN,2010,47.47655199,4550.473944,61.8969932
CHN,2011,51.3499437,5614.386022,60.61447329
CHN,2012,48.12072511,6300.58218,59.182512
CHN,2013,58.46622156,7020.386074,57.73180844
CHN,2014,54.5688343,7636.07434,56.38576659
CHN,2015,50.83253796,8016.445595,55.26487832
CHN,2016,46.83246825,8094.390167,54.16432891
CHN,2017,45.83693362,8817.045608,52.99069138
CHN,2018,40.26638752,9905.406383,52.02401014
CHN,2019,37.54757537,10143.86022,51.53624776
CHN,2020,34.81052372,10408.71955,52.3927231
COL,1990,26.47487559,1474.845529,16.38498897
COL,1991,26.30133928,1499.711042,16.92141021
COL,1992,26.14064108,1729.663973,17.46533145
COL,1993,25.98950815,1930.059765,18.01114673
COL,1994,25.84466763,2325.975573,18.55365305
COL,1995,25.70284667,2583.349914,19.08746534
COL,1996,25.62394775,2664.456256,19.67724826
COL,1997,25.62226732,2873.200188,20.33777171
COL,1998,25.62612348,2605.999381,20.98933948
COL,1999,25.56383434,2243.64205,21.55250581
COL,2000,25.36371802,2555.00751,21.94681887
COL,2001,24.82457791,2472.99084,22.20645329
COL,2002,23.92935361,2428.929698,22.42086695
COL,2003,22.88256755,2311.942188,22.59323581
COL,2004,21.88874213,2818.571954,22.72620189
COL,2005,21.15239976,3456.066109,22.82228983
COL,2006,20.60039193,3789.853612,22.86810348
COL,2007,20.06416392,4769.926147,22.86357508
COL,2008,19.60512884,5541.836297,22.83059194
COL,2009,19.2846998,5250.972924,22.79034858
COL,2010,19.16428992,6398.295845,22.76441564
COL,2011,20.55183771,7400.99407,22.75855882
COL,2012,18.14308603,8108.598382,22.75758167
COL,2013,18.92824886,8279.102556,22.75165588
COL,2014,18.33821148,8187.208249,22.73129448
COL,2015,17.60797874,6248.514905,22.68640584
COL,2016,17.31221549,5959.842504,22.59012617
COL,2017,17.25285225,6479.532313,22.45984125
COL,2018,16.04928757,6816.968183,22.35278391
COL,2019,14.5158658,6472.545449,22.3253186
COL,2020,14.18325149,5339.687114,22.57163826
COM,1990,10.55434224,966.3203846,26.64215809
COM,1991,10.4570577,930.9695614,26.64645901
COM,1992,10.39854434,983.3925336,26.62117212
COM,1993,10.36917149,956.0875758,26.57080273
COM,1994,10.35930848,662.0231887,26.49795836
COM,1995,10.35932463,812.2159968,26.40508511
COM,1996,10.54178316,793.5248472,26.26569357
COM,1997,10.97478316,717.727665,26.06324644
COM,1998,11.49199786,716.4322401,25.82456552
COM,1999,11.92710046,727.2583601,25.57592041
COM,2000,12.11376415,655.0077967,25.34351767
COM,2001,12.10936373,691.6999088,25.04041088
COM,2002,12.08579025,762.1169303,24.62507307
COM,2003,12.04849141,959.7878945,24.19856938
COM,2004,12.00291486,1091.272164,23.86105223
COM,2005,11.95450827,1103.206585,23.71337667
COM,2006,11.86286004,1154.904223,23.74838703
COM,2007,11.71373815,1289.736311,23.86372138
COM,2008,11.55185965,1455.027686,24.0129829
COM,2009,11.42194161,1410.30517,24.15073436
COM,2010,11.36870108,1386.574243,24.23031882
COM,2011,12.34368037,1531.437894,24.21881613
COM,2012,11.63964717,1490.315114,24.14837653
COM,2013,12.26758906,1603.327971,24.06747487
COM,2014,11.39615929,1615.717237,24.02549098
COM,2015,11.90892803,1329.370482,24.0713645
COM,2016,12.20417485,1365.484034,24.56211903
COM,2017,10.85987786,1423.924803,25.54473478
COM,2018,11.62829076,1540.711323,26.60857379
COM,2019,10.41272005,1519.263864,27.34231746
COM,2020,11.93327241,1527.16991,27.72790717
COD,1990,24.5776348,254.8726563,29.9396386
COD,1991,24.79675674,239.6247728,30.08363631
COD,1992,25.00146655,209.1882526,30.19282941
COD,1993,25.18345311,263.3732745,30.26808128
COD,1994,25.33440529,136.5425725,30.31045187
COD,1995,25.44601194,127.0080787,30.31948149
COD,1996,25.53427617,127.4160884,30.2761266
COD,1997,25.62061116,132.3235611,30.17335493
COD,1998,25.70482089,131.4613484,30.03864882
COD,1999,25.78670939,96.31922435,29.89853648
COD,2000,25.86608064,377.9254215,29.78255289
COD,2001,26.01607604,142.6781426,29.65750157
COD,2002,26.25963397,162.3805291,29.50132057
COD,2003,26.52125399,161.4915535,29.34281557
COD,2004,26.72543563,180.664765,29.21073404
COD,2005,26.79667843,203.5616689,29.13556486
COD,2006,26.70376288,238.4176394,29.11387666
COD,2007,26.51171416,267.8885088,29.12407285
COD,2008,26.2893989,307.3196386,29.15526186
COD,2009,26.10568371,280.7980515,29.19674051
COD,2010,26.02943522,314.5385863,29.24013892
COD,2011,26.60053389,364.7141918,29.29023523
COD,2012,26.70774842,400.0599018,29.36722703
COD,2013,26.11667673,431.1915282,29.4701764
COD,2014,26.90586819,458.0045418,29.59814007
COD,2015,28.46187088,467.9145805,29.75135586
COD,2016,26.75502951,442.3104721,29.97587133
COD,2017,26.844658,436.5845347,30.2870222
COD,2018,26.72277431,528.2560198,30.63016955
COD,2019,26.33793289,557.0441613,30.95087293
COD,2020,26.64948332,507.5212301,31.44495618
COG,1990,24.22280694,1175.667091,43.12718207
COG,1991,24.3801773,1112.535212,43.18510494
COG,1992,24.56142918,1164.22443,43.16276718
COG,1993,24.75980118,1034.372008,43.07128529
COG,1994,24.96853192,661.9042737,42.92375278
COG,1995,25.18086002,769.6067948,42.73295661
COG,1996,25.45047867,898.7940502,42.36045236
COG,1997,25.80321142,804.3040501,41.73529405
COG,1998,26.19049235,660.3797751,40.98599547
COG,1999,26.56375554,776.4163497,40.24915219
COG,2000,26.87443508,1024.301591,39.64668885
COG,2001,27.18841109,854.5983144,39.13276253
COG,2002,27.5563371,905.5381355,38.60169353
COG,2003,27.90680737,1016.823634,38.07921902
COG,2004,28.16841612,1306.101363,37.59434058
COG,2005,28.26975761,1799.051584,37.17575844
COG,2006,28.14079494,2103.582138,36.74327325
COG,2007,27.83685082,2206.471019,36.24774531
COG,2008,27.47455888,2832.091778,35.75297409
COG,2009,27.17055273,2271.152192,35.324365
COG,2010,27.041466,2946.557981,35.02734939
COG,2011,27.85799914,3396.165058,34.81466843
COG,2012,28.54475823,3732.327373,34.61004513
COG,2013,28.12029144,3697.417059,34.42891917
COG,2014,27.80599592,3601.236581,34.28511685
COG,2015,30.5591063,2439.351894,34.19329168
COG,2016,28.21607872,2093.107286,34.1692988
COG,2017,28.5831068,2211.633099,34.21520265
COG,2018,27.96446623,2694.434132,34.32798267
COG,2019,28.74841721,2488.424667,34.50290707
COG,2020,28.57374995,1993.586672,35.12900275
CRI,1990,20.71916317,1829.668709,21.98446025
CRI,1991,20.50900923,2253.381915,22.02198248
CRI,1992,20.34882462,2612.387565,22.09113113
CRI,1993,20.23625541,2840.387065,22.18788599
CRI,1994,20.16894769,3039.563286,22.30806738
CRI,1995,20.14454755,3275.252564,22.44735157
CRI,1996,20.28421684,3226.963956,22.6580056
CRI,1997,20.61762563,3407.776129,22.95656712
CRI,1998,21.00518233,3617.457567,23.28457101
CRI,1999,21.30729536,3690.961548,23.58357801
CRI,2000,21.38437311,3812.753883,23.79504546
CRI,2001,21.25036222,3985.129845,23.94922263
CRI,2002,21.02862425,4067.718514,24.1071976
CRI,2003,20.74369003,4173.148564,24.25671972
CRI,2004,20.42009043,4431.011721,24.38583913
CRI,2005,20.08235626,4703.007218,24.48298922
CRI,2006,19.60908454,5256.596409,24.55468632
CRI,2007,18.96732435,6137.711999,24.61789915
CRI,2008,18.31428459,6937.242616,24.67703271
CRI,2009,17.8071742,6832.698299,24.73652641
CRI,2010,17.60320209,8265.788203,24.80047021
CRI,2011,19.42518367,9276.391075,24.88011875
CRI,2012,17.93692329,10126.9991,24.97982926
CRI,2013,18.49015893,10803.2402,25.09328134
CRI,2014,17.553961,10911.49788,25.21428965
CRI,2015,17.66361551,11714.7106,25.33676574
CRI,2016,16.89735629,12091.03016,25.45806404
CRI,2017,17.16587534,12317.09028,25.57838921
CRI,2018,15.13074363,12590.24938,25.69480957
CRI,2019,13.37664409,12884.686,25.80447291
CRI,2020,14.30757125,12394.0494,26.00908775
CIV,1990,50.62186065,885.6478422,33.66640419
CIV,1991,47.31994038,827.2418892,33.91193615
CIV,1992,44.84185227,844.9022238,34.14673302
CIV,1993,43.13585279,804.1496572,34.35704127
CIV,1994,42.15019836,581.8884686,34.53136495
CIV,1995,41.83314546,740.4730999,34.65488207
CIV,1996,42.97279274,1170.23622,34.76835271
CIV,1997,45.69041317,1124.656749,34.90840987
CIV,1998,48.93402466,1177.371338,35.05695187
CIV,1999,51.6516451,1096.135206,35.19581311
CIV,2000,52.79129238,936.6365413,35.3056636
CIV,2001,52.44920162,924.727295,35.41446748
CIV,2002,51.56637072,967.8158644,35.54698102
CIV,2003,50.35796177,1111.171351,35.6800723
CIV,2004,49.03913686,1199.825245,35.79043859
CIV,2005,47.82505806,1197.74617,35.8550625
CIV,2006,46.47958448,1230.430568,35.87210294
CIV,2007,44.84742896,1367.538177,35.85811117
CIV,2008,43.26503422,1583.970667,35.81748743
CIV,2009,42.06884297,1540.453936,35.75468619
CIV,2010,41.59529794,1553.54887,35.67508314
CIV,2011,49.54970207,1596.628266,35.51602002
CIV,2012,51.35588903,1546.946018,35.25927718
CIV,2013,40.06595637,1786.15862,34.97782144
CIV,2014,38.93233491,1991.365394,34.74588016
CIV,2015,61.95460978,1814.718551,34.63778175
CIV,2016,55.65398553,1862.595971,34.73985167
CIV,2017,50.66544217,1964.299303,35.0298454
CIV,2018,50.8958061,2130.866194,35.41914953
CIV,2019,44.33242667,2141.768362,35.8193131
CIV,2020,49.49778273,2179.729348,36.55258789
HRV,1990,24.89057849,5369.109786,122.3103662
HRV,1991,24.76079503,4000.916774,121.8888397
HRV,1992,24.60660857,2321.152041,121.2894457
HRV,1993,24.43103146,2447.503191,120.5421799
HRV,1994,24.23707609,3237.926463,119.6692627
HRV,1995,24.02775481,4929.057722,118.6972686
HRV,1996,23.71919601,5299.641054,117.5109879
HRV,1997,23.30446208,5331.023439,116.032909
HRV,1998,22.9019664,5712.589857,114.3576932
HRV,1999,22.63012233,5269.033946,112.5707027
HRV,2000,22.60734325,4953.651588,110.760992
HRV,2001,22.92271001,5364.838247,108.4687135
HRV,2002,23.47050606,6219.581641,105.4760226
HRV,2003,24.0769486,8190.111352,102.2474262
HRV,2004,24.56825483,9718.973228,99.24468666
HRV,2005,24.77064198,10443.52784,96.92648622
HRV,2006,24.43590678,11502.75312,95.16077796
HRV,2007,23.63769207,13757.60565,93.51842414
HRV,2008,22.6849842,15889.43471,92.00039133
HRV,2009,21.8867695,14475.96329,90.61575787
HRV,2010,21.5520343,13731.28652,89.36861331
HRV,2011,23.6135683,14694.99932,88.05948004
HRV,2012,20.91953659,13508.6837,86.59472249
HRV,2013,20.26404131,14136.39677,85.13487905
HRV,2014,19.82894091,14187.96945,83.84824958
HRV,2015,20.17187104,12285.30326,82.90069023
HRV,2016,18.17783133,12821.17381,82.11686916
HRV,2017,18.7613906,13902.63105,81.31113403
HRV,2018,20.00144978,15460.41833,80.65415668
HRV,2019,15.91485399,15563.81674,80.32203744
HRV,2020,16.1208593,14808.46202,80.27597759
CUB,1990,20.92157155,2694.31698,77.04380802
CUB,1991,20.64558934,2268.834932,76.70386098
CUB,1992,20.43088197,2047.679003,76.10136379
CUB,1993,20.27809423,2063.203663,75.28871639
CUB,1994,20.18787091,2613.289719,74.31752693
CUB,1995,20.1608568,2785.24443,73.23764525
CUB,1996,20.29433152,2282.188093,71.7388902
CUB,1997,20.604977,2306.424834,69.62492604
CUB,1998,20.97254149,2332.306561,67.11521306
CUB,1999,21.27677326,2561.779804,64.42704787
CUB,2000,21.39742057,2751.381771,61.77831668
CUB,2001,21.20630854,2842.967043,58.92819096
CUB,2002,20.75606115,3005.211042,55.68818918
CUB,2003,20.19762491,3202.781099,52.35701212
CUB,2004,19.68194634,3399.219629,49.23142514
CUB,2005,19.35997194,3786.337992,46.61012812
CUB,2006,19.19549163,4329.98266,44.29039072
CUB,2007,19.0582325,4807.43889,41.99175635
CUB,2008,18.95804684,4986.124365,39.89356299
CUB,2009,18.90478694,5089.235198,38.17556642
CUB,2010,18.90830509,5272.267558,37.01727318
CUB,2011,19.67207389,6104.461052,36.22474895
CUB,2012,19.62763655,6470.836734,35.51760843
CUB,2013,19.91134939,6828.364282,34.94396601
CUB,2014,20.76206027,7146.704591,34.55225559
CUB,2015,21.40051655,7727.919972,34.39094829
CUB,2016,19.74760389,8110.55874,34.4762067
CUB,2017,20.13278651,8610.608295,34.71784404
CUB,2018,20.91536648,8911.46206,35.0044464
CUB,2019,20.34311224,9232.261159,35.22466631
CUB,2020,21.23672428,9605.261251,35.39664301
CYP,1990,19.49737906,9641.575195,44.28726239
CYP,1991,19.9045162,9696.099609,44.32090397
CYP,1992,20.2539222,11310.07227,44.36022648
CYP,1993,20.54317034,10526.1416,44.39902669
CYP,1994,20.76983393,11617.69238,44.43131751
CYP,1995,20.93148623,15261.41699,44.45145144
CYP,1996,20.96692337,15139.2207,44.50113426
CYP,1997,20.85881418,14234.24121,44.60121032
CYP,1998,20.67054109,15092.82813,44.71454767
CYP,1999,20.46548652,15287.91797,44.80320304
CYP,2000,20.30703288,14388.35254,44.82910555
CYP,2001,20.18140931,14821.44922,44.83798209
CYP,2002,20.03596158,16093.21582,44.88298028
CYP,2003,19.87574701,20252.24609,44.93875711
CYP,2004,19.70582297,23792.61914,44.98068697
CYP,2005,19.53124678,24959.26172,44.98535813
CYP,2006,19.32343618,26729.28125,44.95115313
CYP,2007,19.07761312,31244.87891,44.88814413
CYP,2008,18.83454122,35397.29688,44.79140529
CYP,2009,18.63498412,32236.44922,44.65597497
CYP,2010,18.51970543,31105.02734,44.47720784
CYP,2011,18.48750179,32485.79688,44.17269183
CYP,2012,16.87664944,28991.93555,43.74454138
CYP,2013,16.24066749,27797.45703,43.31543381
CYP,2014,16.11148336,27244.35156,43.00768126
CYP,2015,16.91221478,23487.22852,42.9430087
CYP,2016,14.48133425,24715.1543,43.21767871
CYP,2017,15.10712261,26696.99023,43.70655733
CYP,2018,15.24949999,29599.98633,44.19891545
CYP,2019,15.00666147,29703.05273,44.48482324
CYP,2020,13.50870189,28649.01563,44.40967447
CZE,1990,25.72029703,3969.367335,108.7253762
CZE,1991,25.53405465,2917.086555,110.5342105
CZE,1992,25.26156481,3396.709724,111.9682322
CZE,1993,24.91803115,3984.146344,113.0178083
CZE,1994,24.51865734,4663.286653,113.6715012
CZE,1995,24.07864699,5865.294606,113.9185932
CZE,1996,23.4020539,6573.196431,113.3602142
CZE,1997,22.45060148,6069.387624,111.901785
CZE,1998,21.47599781,6526.596358,109.9941446
CZE,1999,20.729951,6377.621108,108.0844753
CZE,2000,20.46416915,6062.921528,106.62044
CZE,2001,20.69390256,6669.074948,105.5826142
CZE,2002,21.15748509,8101.260186,104.6433001
CZE,2003,21.69125023,9852.456779,103.7903179
CZE,2004,22.13153143,11782.55467,103.0090836
CZE,2005,22.31466217,13442.49163,102.2882202
CZE,2006,22.16830993,15259.07882,101.491878
CZE,2007,21.81930174,18452.65328,100.5438035
CZE,2008,21.40271035,22774.70451,99.528808
CZE,2009,21.05360852,19817.42158,98.53907719
CZE,2010,20.90706902,20160.43551,97.66542966
CZE,2011,21.01411848,22049.10808,96.82503637
CZE,2012,19.28828088,20014.0354,95.91341459
CZE,2013,18.93363849,20260.4955,94.99644328
CZE,2014,18.36174831,20038.41632,94.14175775
CZE,2015,17.81281111,17931.59877,93.41947045
CZE,2016,16.99289917,18753.96867,92.63980153
CZE,2017,16.94327843,20913.19763,91.72467708
CZE,2018,17.34674382,23705.93298,90.90297671
CZE,2019,14.2336874,24062.719,90.40192086
CZE,2020,14.11107114,23472.89155,90.2967836
DNK,1990,18.39263452,26885.69942,139.136638
DNK,1991,18.00910104,27002.80577,137.4733521
DNK,1992,17.64471843,29579.49136,135.2619882
DNK,1993,17.29941493,27581.72411,132.6060157
DNK,1994,16.97311877,29967.83039,129.6086858
DNK,1995,16.66575819,35321.09808,126.3653385
DNK,1996,16.40278461,35621.98781,122.1938912
DNK,1997,16.19361835,32779.87905,116.8319358
DNK,1998,16.01414095,33346.48843,110.9631249
DNK,1999,15.84023395,33426.23811,105.286811
DNK,2000,15.64777889,30722.02518,100.4907056
DNK,2001,15.39541236,30768.47755,96.33459463
DNK,2002,15.08175255,33257.16226,92.24973271
DNK,2003,14.7426534,40519.09749,88.42081414
DNK,2004,14.41396883,46625.0501,85.04311652
DNK,2005,14.1315528,48925.80767,82.30709974
DNK,2006,13.86452435,52119.1788,79.97357145
DNK,2007,13.58544206,58631.65664,77.73421482
DNK,2008,13.33531922,64616.66576,75.68116784
DNK,2009,13.15516912,58412.74724,73.90559343
DNK,2010,13.08600502,58104.54456,72.50382328
DNK,2011,13.35567895,61809.7379,71.36995026
DNK,2012,10.81145609,58443.77471,70.33111764
DNK,2013,10.39632879,61377.59406,69.39405025
DNK,2014,10.81048908,62520.45097,68.55414215
DNK,2015,10.22672701,53094.01336,67.81606631
DNK,2016,9.234317032,54500.92604,67.0700522
DNK,2017,10.09455952,57521.5515,66.29328401
DNK,2018,10.35393406,61324.7665,65.63350653
DNK,2019,9.611972854,59404.26632,65.23294056
DNK,2020,9.069839273,60985.48856,65.16023964
DJI,1990,37.20444289,780.4977194,24.79040611
DJI,1991,36.23316437,732.7331016,24.6850807
DJI,1992,35.6404846,763.6592145,24.60637919
DJI,1993,35.33384815,758.7338427,24.55613225
DJI,1994,35.2206996,784.5562074,24.53086019
DJI,1995,35.20848348,786.2018667,24.54032907
DJI,1996,36.01479199,761.9436595,24.5938835
DJI,1997,37.92682857,748.2328402,24.69320396
DJI,1998,40.20645473,735.3491079,24.81386544
DJI,1999,42.11553199,740.2193098,24.92729425
DJI,2000,42.91592185,737.6121836,25.01842547
DJI,2001,42.46525859,742.1337911,25.10484204
DJI,2002,41.38958844,743.0132704,25.22593789
DJI,2003,40.10339083,764.6344652,25.35404076
DJI,2004,39.02114521,806.2616529,25.45865644
DJI,2005,38.55733103,844.4483574,25.51581024
DJI,2006,38.64805846,898.4646281,25.51284568
DJI,2007,38.95662273,969.5732202,25.47911612
DJI,2008,39.48828088,1119.152333,25.43116207
DJI,2009,40.24828994,1150.937586,25.385071
DJI,2010,41.24190694,1213.233526,25.36170577
DJI,2011,44.85043435,1306.345528,25.35075225
DJI,2012,49.94589026,1400.193579,25.34524004
DJI,2013,47.87596036,2074.296689,25.35199247
DJI,2014,42.84276234,2208.678103,25.37651191
DJI,2015,45.16489347,2376.125547,25.43111575
DJI,2016,44.09597154,2510.430008,25.58747299
DJI,2017,44.08540384,2618.955211,25.87164758
DJI,2018,43.05730569,2718.085323,26.20679877
DJI,2019,39.72185739,2837.171033,26.51615378
DJI,2020,35.92433048,2881.999245,27.01452938
DMA,1990,20.48240575,2892.981597,14.43010922
DMA,1991,20.26644155,3171.365778,14.4642829
DMA,1992,20.08246508,3376.260501,14.5161229
DMA,1993,19.93716604,3536.156092,14.58611592
DMA,1994,19.83723412,3805.202788,14.6746044
DMA,1995,19.78935899,3951.722671,14.78175682
DMA,1996,19.81054868,4210.99532,14.93055822
DMA,1997,19.8858752,4372.19713,15.12313286
DMA,1998,19.97412424,4664.242681,15.3278741
DMA,1999,20.03408151,4817.181055,15.51375164
DMA,2000,20.0245327,4867.398963,15.6504013
DMA,2001,19.83222844,4981.895849,15.7508627
DMA,2002,19.45224258,4873.6422,15.84096283
DMA,2003,19.00584566,5009.573932,15.91067123
DMA,2004,18.61430819,5348.949001,15.95028483
DMA,2005,18.39890072,5299.495964,15.95020766
DMA,2006,18.36059215,5671.770657,15.88169825
DMA,2007,18.38967576,6120.442054,15.74425302
DMA,2008,18.44140862,6654.499214,15.57167689
DMA,2009,18.4710478,7102.02826,15.39776062
DMA,2010,18.43385038,7171.552389,15.25587031
DMA,2011,18.06562815,7255.672106,15.10346848
DMA,2012,18.60395066,7031.399871,14.90328687
DMA,2013,19.05418632,7147.619541,14.69636466
DMA,2014,19.28370033,7395.302597,14.52374356
DMA,2015,21.02139051,7679.832936,14.42640872
DMA,2016,21.02693109,8278.447686,14.49404869
DMA,2017,20.17032266,7614.34028,14.71253751
DMA,2018,20.31272567,8137.565206,14.96720254
DMA,2019,20.04342444,9009.090115,15.14358074
DMA,2020,20.66729982,7461.779332,15.22065825
DOM,1990,17.76492881,989.1639412,13.75062516
DOM,1991,17.55441029,1345.846737,13.76807448
DOM,1992,17.42514758,1558.297821,13.83949966
DOM,1993,17.35996305,1722.41996,13.95388209
DOM,1994,17.34167906,1891.670557,14.10040147
DOM,1995,17.35311797,2109.169407,14.26824765
DOM,1996,17.54241309,2270.865587,14.58296657
DOM,1997,17.9651417,2448.893935,15.09515847
DOM,1998,18.46529208,2607.854573,15.68191617
DOM,1999,18.88685251,2620.889682,16.2205316
DOM,2000,19.0738113,2831.458836,16.58780087
DOM,2001,19.01261882,2935.893673,16.81273756
DOM,2002,18.83237347,3065.603295,17.0114078
DOM,2003,18.59103551,2383.261718,17.19065201
DOM,2004,18.34656523,2451.691616,17.35681096
DOM,2005,18.15692289,3878.312067,17.5168549
DOM,2006,18.00881106,4055.142703,17.70598963
DOM,2007,17.85924372,4649.645589,17.927405
DOM,2008,17.72164831,5026.840911,18.13838274
DOM,2009,17.60945224,4977.798844,18.29614903
DOM,2010,17.53608296,5484.646379,18.35815344
DOM,2011,17.47133115,5834.705907,18.23728823
DOM,2012,17.64682051,6025.725827,17.94939854
DOM,2013,17.66345514,6149.027489,17.60617818
DOM,2014,18.93966371,6512.507714,17.31853718
DOM,2015,19.95718476,6819.932252,17.19846613
DOM,2016,19.24917224,7174.823496,17.41399716
DOM,2017,19.12032993,7499.692862,17.91422229
DOM,2018,19.58928026,7934.981412,18.48222233
DOM,2019,19.49681819,8164.220809,18.90070335
DOM,2020,19.82674404,7162.291752,19.183284
ECU,1990,46.99345808,1455.007485,21.11078449
ECU,1991,46.54614263,1587.3605,21.38610059
ECU,1992,46.11345139,1655.446132,21.80978458
ECU,1993,45.6940884,1697.888841,22.35039102
ECU,1994,45.28675769,1996.858948,22.97527093
ECU,1995,44.8901633,2108.006982,23.65216428
ECU,1996,44.49112384,2135.847937,24.56685413
ECU,1997,44.09593523,2340.766,25.80450917
ECU,1998,43.73251755,2284.015728,27.18316298
ECU,1999,43.42879084,1575.302347,28.51940859
ECU,2000,43.21267515,1382.234218,29.6310477
ECU,2001,43.11107157,1791.303597,30.56434271
ECU,2002,43.08139741,2059.158554,31.4667192
ECU,2003,43.04734706,2315.622152,32.30852955
ECU,2004,42.9326149,2586.209147,33.05947599
ECU,2005,42.66089535,2909.02606,33.69047123
ECU,2006,40.66499989,3243.670104,34.28033288
ECU,2007,36.28669716,3478.924888,34.89522008
ECU,2008,30.81311723,4194.757507,35.48726599
ECU,2009,25.53139016,4053.363311,36.00804036
ECU,2010,21.72864603,4520.30959,36.40963209
ECU,2011,19.59193301,5153.691642,36.67676522
ECU,2012,20.86503769,5634.083932,36.82912657
ECU,2013,19.85926207,6109.290315,36.871358
ECU,2014,20.2791789,6405.799793,36.80880705
ECU,2015,20.17296397,5976.159681,36.64602995
ECU,2016,20.73991696,5917.637713,36.24630001
ECU,2017,19.24593286,6233.322448,35.63730633
ECU,2018,18.38668341,6303.918925,35.0674468
ECU,2019,17.76993165,6205.057595,34.7875479
ECU,2020,16.65702108,5463.645096,34.99318304
EGY,1990,57.42674819,735.982935,25.92530807
EGY,1991,60.08160376,622.829605,25.86834336
EGY,1992,62.25352702,680.7992386,25.78859819
EGY,1993,63.88114201,740.3342174,25.69123966
EGY,1994,64.90307275,807.3035372,25.57970799
EGY,1995,65.25794327,916.3266177,25.45656707
EGY,1996,64.71088589,1008.976376,25.27036133
EGY,1997,63.4051112,1146.201721,24.9988878
EGY,1998,61.84636067,1212.822598,24.69277783
EGY,1999,60.54037576,1268.309492,24.40240435
EGY,2000,59.99289795,1366.092744,24.17793492
EGY,2001,60.08159059,1295.137418,23.99888536
EGY,2002,60.33264844,1116.828846,23.82855241
EGY,2003,60.72461002,1031.275563,23.69166706
EGY,2004,61.23601387,991.2556891,23.6124139
EGY,2005,61.84539851,1104.803407,23.61478854
EGY,2006,63.78294495,1298.979002,23.7169155
EGY,2007,67.46148195,1547.741707,23.89363154
EGY,2008,71.63351964,1896.215943,24.10263
EGY,2009,75.05156815,2161.639646,24.30277396
EGY,2010,76.46813762,2455.081946,24.45272463
EGY,2011,62.04861638,2590.643849,24.5430857
EGY,2012,61.72475587,2996.067707,24.61080973
EGY,2013,70.14845997,3025.525636,24.68068642
EGY,2014,66.12149608,3133.391023,24.7795575
EGY,2015,67.64896316,3306.981594,24.93501452
EGY,2016,61.4577553,3270.628777,25.34932633
EGY,2017,58.93533841,2395.103333,26.05258453
EGY,2018,65.46313016,2484.703156,26.81280874
EGY,2019,67.75290209,2962.98892,27.40195534
EGY,2020,54.85870565,3511.11381,27.86555138
SLV,1990,33.25101977,892.1827152,35.06084666
SLV,1991,33.0044413,955.8268974,35.10674423
SLV,1992,32.79575261,1040.781641,35.15663677
SLV,1993,32.6274187,1180.268543,35.20935361
SLV,1994,32.50190459,1343.929057,35.26489922
SLV,1995,32.42167531,1548.376304,35.32067589
SLV,1996,32.46309963,1651.310168,35.41202794
SLV,1997,32.63265489,1748.92112,35.54902361
SLV,1998,32.82796897,1859.730859,35.6876036
SLV,1999,32.94666975,1908.080455,35.78304642
SLV,2000,32.88638511,1982.870935,35.79155156
SLV,2001,32.37041864,2058.044591,35.60945756
SLV,2002,31.35156893,2115.411874,35.21795932
SLV,2003,30.07170632,2207.830895,34.70014403
SLV,2004,28.77270113,2285.689074,34.13801897
SLV,2005,27.69642371,2447.391408,33.61347144
SLV,2006,26.72832208,2665.618072,33.06368705
SLV,2007,25.69859158,2830.656938,32.42053035
SLV,2008,24.76622347,2983.248296,31.75899123
SLV,2009,24.09020901,2910.186518,31.15246632
SLV,2010,23.82953946,3040.07301,30.67466165
SLV,2011,27.55674694,3330.600495,30.29683623
SLV,2012,24.2617826,3497.912569,29.94025595
SLV,2013,25.80096364,3582.26694,29.60169641
SLV,2014,23.56244814,3666.012489,29.27742409
SLV,2015,23.94108317,3790.340891,28.96423009
SLV,2016,22.75540511,3901.34015,28.58900181
SLV,2017,22.10659549,4020.126714,28.17759419
SLV,2018,21.08534123,4183.54621,27.87351427
SLV,2019,18.26758858,4320.116715,27.81944155
SLV,2020,20.02871445,3997.192796,28.16046806
GNQ,1990,36.07250499,236.4021884,36.14325691
GNQ,1991,34.39528051,225.3193785,35.65193727
GNQ,1992,33.09632729,263.7335471,35.18638524
GNQ,1993,32.17245432,256.6830237,34.7578321
GNQ,1994,31.62047061,183.2394827,34.37695392
GNQ,1995,31.43718516,248.3148962,34.05445203
GNQ,1996,31.9334763,391.6868682,33.77768709
GNQ,1997,33.11693952,717.0414816,33.51561826
GNQ,1998,34.52945951,577.8685253,33.2638296
GNQ,1999,35.71292093,930.9125493,33.01809805
GNQ,2000,36.20920847,1487.316551,32.77418058
GNQ,2001,35.62370816,1948.611459,32.49121936
GNQ,2002,34.21656525,2264.210656,32.16250675
GNQ,2003,32.51180322,2930.601837,31.83283065
GNQ,2004,31.03344558,4901.301274,31.54749023
GNQ,2005,30.30551582,8673.902609,31.35221199
GNQ,2006,30.13776422,10184.88412,31.21514274
GNQ,2007,29.99598315,12616.95329,31.0873768
GNQ,2008,29.88825921,18210.5553,30.98460297
GNQ,2009,29.82267902,13232.50194,30.92334896
GNQ,2010,29.80732919,13720.16587,30.91999946
GNQ,2011,30.90974836,17198.21367,30.97313938
GNQ,2012,30.27007806,17308.57239,31.07576489
GNQ,2013,29.58597598,16304.07132,31.22849266
GNQ,2014,29.85737491,15548.66247,31.43065927
GNQ,2015,38.49467534,9068.910032,31.68038499
GNQ,2016,36.53133737,7453.197979,32.07547167
GNQ,2017,32.75219318,7809.104657,32.63408573
GNQ,2018,31.39130535,8102.470848,33.23128406
GNQ,2019,31.55237846,6804.149231,33.74166244
GNQ,2020,35.37905218,5764.055029,34.24884133
ERI,1992,40.44705496,265.240963,32.02773029
ERI,1993,39.7789527,252.0857771,32.26632201
ERI,1994,39.39345662,277.8014236,32.50635103
ERI,1995,39.26962921,285.402184,32.74181594
ERI,1996,39.71874144,325.8387054,33.0426626
ERI,1997,40.78964753,318.9809608,33.43349924
ERI,1998,42.06778482,341.917364,33.83899497
ERI,1999,43.13859062,311.3362093,34.17918345
ERI,2000,43.58750227,314.3573968,34.38109338
ERI,2001,43.22942618,325.4091615,34.49360039
ERI,2002,42.37484535,304.7757565,34.59958044
ERI,2003,41.35256201,348.9503271,34.68624615
ERI,2004,40.49137837,426.8409479,34.74197925
ERI,2005,40.12009665,412.7530792,34.75474221
ERI,2006,40.15858883,447.9974047,34.68048596
ERI,2007,40.27849304,480.4476237,34.51852539
ERI,2008,40.43626071,490.066956,34.32198503
ERI,2009,40.58834328,642.9257229,34.14417853
ERI,2010,40.69119219,539.6995121,34.03714974
ERI,2011,40.86248558,688.6816596,33.97666279
EST,1993,13.78087772,2685.908893,170.5214376
EST,1994,13.59663375,2819.126121,169.6815857
EST,1995,13.3934628,3134.389753,168.7895057
EST,1996,13.14871697,3380.926302,167.5476986
EST,1997,12.84916157,3682.952301,165.7340302
EST,1998,12.51414579,4093.392477,163.4721377
EST,1999,12.16301879,4140.936602,160.9242541
EST,2000,11.81512974,4070.609024,158.2180933
EST,2001,11.39228624,4502.66615,154.0692285
EST,2002,10.865989,5343.183108,147.9252261
EST,2003,10.33012686,7205.407033,140.8670876
EST,2004,9.878588666,8916.072827,134.019613
EST,2005,9.605263268,10414.63812,128.4867086
EST,2006,9.491502117,12641.4801,124.092312
EST,2007,9.428737755,16745.4308,119.9631138
EST,2008,9.375980663,18205.90641,116.1212243
EST,2009,9.29224132,14712.44942,112.6147495
EST,2010,9.136530205,14663.7041,109.466121
EST,2011,8.276636196,17555.54552,106.1817135
EST,2012,7.990138869,17568.2138,102.5850739
EST,2013,8.081221799,19310.38749,99.13380855
EST,2014,8.707678881,20581.7899,96.2966102
EST,2015,7.184960633,17722.15577,94.52544668
EST,2016,6.878352797,18666.37365,93.62472534
EST,2017,6.154852382,20851.52235,93.03110809
EST,2018,7.796681106,23618.13613,92.66195775
EST,2019,6.844825147,24021.25014,92.44751306
EST,2020,6.14573291,23933.99394,92.43235604
SWZ,1990,24.03028353,1277.69173,56.14968816
SWZ,1991,24.15349401,1273.012245,56.53967959
SWZ,1992,24.23323871,1361.81698,57.1124185
SWZ,1993,24.27715365,1397.265933,57.83642759
SWZ,1994,24.29287483,1461.364001,58.67891637
SWZ,1995,24.28803826,1750.754008,59.60687656
SWZ,1996,24.23733233,1619.191197,60.86510002
SWZ,1997,24.12042308,1705.398749,62.58212579
SWZ,1998,23.95241303,1546.515193,64.55058687
SWZ,1999,23.74840469,1501.664267,66.56037643
SWZ,2000,23.52350058,1668.974913,68.40199206
SWZ,2001,23.10924389,1467.538902,70.34486786
SWZ,2002,22.45442095,1351.865502,72.56678445
SWZ,2003,21.74999897,2060.184181,74.71364549
SWZ,2004,21.18694515,2581.241728,76.43023469
SWZ,2005,20.9562267,2945.363949,77.36325927
SWZ,2006,21.04365154,3035.061561,77.70339406
SWZ,2007,21.25341578,3180.861215,77.90076262
SWZ,2008,21.50406893,2999.828169,77.98760422
SWZ,2009,21.71416048,3239.757801,78.00488051
SWZ,2010,21.80223993,3992.951996,77.99731072
SWZ,2011,20.66140671,4312.342434,77.83601593
SWZ,2012,21.13945882,4347.995693,77.46385511
SWZ,2013,20.97358885,3910.063976,77.02419594
SWZ,2014,20.78155051,3740.692776,76.66036809
SWZ,2015,21.04861758,3393.533678,76.51070224
SWZ,2016,18.92037806,3223.920041,76.46849195
SWZ,2017,20.26132158,3831.425953,76.39536803
SWZ,2018,20.42432931,3986.105572,76.37765334
SWZ,2019,21.16663653,3894.329516,76.50399258
SWZ,2020,18.78312114,3442.321653,77.5699001
ETH,1990,26.01815128,262.1089711,46.49088346
ETH,1991,24.72777459,277.5659104,46.2367538
ETH,1992,23.77895403,207.4064009,45.89716377
ETH,1993,23.14020544,168.5204014,45.49547653
ETH,1994,22.78004467,127.6859235,45.04543259
ETH,1995,22.66698756,136.5236191,44.55502837
ETH,1996,23.12587611,147.3274589,43.94883449
ETH,1997,24.23017336,143.3695315,43.16086162
ETH,1998,25.57132669,126.4650958,42.2635201
ETH,1999,26.74078349,120.7346315,41.32683047
ETH,2000,27.32999115,122.2692026,40.41968053
ETH,2001,27.45694338,118.4572043,39.49192295
ETH,2002,27.53349724,109.5938136,38.4552437
ETH,2003,27.59189512,116.8004911,37.38036476
ETH,2004,27.6643794,133.1698125,36.33354089
ETH,2005,27.78319248,158.2434581,35.37760547
ETH,2006,28.08627842,189.3457375,34.46928486
ETH,2007,28.62669516,237.146256,33.52594907
ETH,2008,29.30935591,316.4104751,32.60000164
ETH,2009,30.03917389,368.5747123,31.74171877
ETH,2010,30.72106231,330.6194128,30.99967324
ETH,2011,31.42915595,343.0249424,30.30030431
ETH,2012,32.64396306,452.1010319,29.5710516
ETH,2013,32.2039077,484.0398331,28.89221961
ETH,2014,29.7131512,549.9865771,28.34181518
ETH,2015,31.44360902,621.8456738,27.99736227
ETH,2016,30.92712568,696.1958847,27.80677102
ETH,2017,30.41206651,745.6324492,27.66873074
ETH,2018,30.26233922,747.9681436,27.60921935
ETH,2019,28.68769463,828.7089723,27.65631485
ETH,2020,27.30532765,905.3131758,28.07109775
FJI,1990,10.16959313,1728.940769,69.29163804
FJI,1991,9.964458005,1774.992111,70.17681129
FJI,1992,9.839392212,1951.255929,70.88132563
FJI,1993,9.775661875,2070.047341,71.38764529
FJI,1994,9.754533117,2297.180059,71.67807297
FJI,1995,9.757272059,2466.743478,71.73553953
FJI,1996,10.10762037,2648.327663,71.48622181
FJI,1997,10.93293014,2573.723386,70.96067116
FJI,1998,11.91988315,2010.496361,70.29796331
FJI,1999,12.75516117,2327.957205,69.64333372
FJI,2000,13.12544595,1995.720712,69.13854446
FJI,2001,13.11907825,1944.997415,68.71490182
FJI,2002,13.0520185,2136.567941,68.2324745
FJI,2003,12.952378,2655.580796,67.70789112
FJI,2004,12.84826807,3097.190967,67.15891764
FJI,2005,12.76780002,3377.69127,66.60391587
FJI,2006,12.69848962,3455.105999,65.87069822
FJI,2007,12.61688854,3762.746928,64.8997571
FJI,2008,12.53466193,3899.922315,63.87322481
FJI,2009,12.46347492,3164.132754,62.97201152
FJI,2010,12.41499268,3449.144529,62.3799183
FJI,2011,12.48716076,4139.602886,62.02204605
FJI,2012,12.69281837,4341.403387,61.7131343
FJI,2013,12.65568574,4572.443775,61.46644934
FJI,2014,12.14271622,5293.356791,61.29589958
FJI,2015,11.9373871,5097.531088,61.21602146
FJI,2016,12.32842427,5363.790256,61.25571838
FJI,2017,12.30804019,5826.848141,61.40376177
FJI,2018,12.73530387,6085.419792,61.61627488
FJI,2019,12.91237731,5950.828686,61.84891937
FJI,2020,12.41879817,4844.42129,62.51224743
FIN,1990,9.252752593,28366.20428,192.3511773
FIN,1991,9.148946699,25488.84505,192.6601961
FIN,1992,9.040494158,22320.11247,192.7060557
FIN,1993,8.927173585,17588.67817,192.5248804
FIN,1994,8.808763597,20278.2911,192.1339145
FIN,1995,8.685042808,26246.27432,191.5743734
FIN,1996,8.546880648,25756.67771,190.3153795
FIN,1997,8.395099475,24682.29083,188.1389537
FIN,1998,8.244407301,25999.98617,185.5201702
FIN,1999,8.109512137,26180.41286,182.9259655
FIN,2000,8.005121995,24335.92251,180.8371856
FIN,2001,7.918639881,24965.203,179.2826405
FIN,2002,7.828031086,26989.38926,177.8460885
FIN,2003,7.733847046,32920.08572,176.3149214
FIN,2004,7.636639201,37768.13342,174.4675814
FIN,2005,7.536958987,39049.87038,172.1116615
FIN,2006,7.434183442,41214.01878,168.5973951
FIN,2007,7.327668335,48473.02401,163.908967
FIN,2008,7.217933193,53769.47262,158.7667221
FIN,2009,7.105497548,47478.34953,153.8895703
FIN,2010,6.990880929,46506.2919,150.0104434
FIN,2011,6.870394552,51060.32426,147.0547692
FIN,2012,6.231156295,47551.67408,144.3653884
FIN,2013,5.852852677,49691.01452,141.7839432
FIN,2014,6.118573163,50073.77608,139.1601924
FIN,2015,5.625008546,42560.34568,136.339943
FIN,2016,5.278134567,43451.25624,132.4324684
FIN,2017,5.126739613,46085.01747,127.5911794
FIN,2018,5.496957363,49654.2497,123.2524327
FIN,2019,5.378670328,48358.18078,120.8452782
FIN,2020,4.895180902,48828.68469,120.5926142
FRA,1990,18.30549575,21586.46746,136.8961507
FRA,1991,18.11751466,21500.77784,137.2140406
FRA,1992,17.92264517,23615.01686,137.3098265
FRA,1993,17.71943348,22238.82506,137.218187
FRA,1994,17.50642578,23359.89851,136.9751401
FRA,1995,17.28216825,26791.8152,136.6152793
FRA,1996,17.0410325,26757.63515,135.7817688
FRA,1997,16.78748658,24169.40081,134.2983599
FRA,1998,16.53522133,24869.40308,132.4721818
FRA,1999,16.29792758,24576.31523,130.6097452
FRA,2000,16.08929618,22340.59395,129.0166148
FRA,2001,15.88029279,22331.79483,127.5939704
FRA,2002,15.6420885,24144.5727,126.0777575
FRA,2003,15.38868229,29479.52221,124.5249783
FRA,2004,15.13407314,33644.92822,122.9936372
FRA,2005,14.89226004,34696.37183,121.542263
FRA,2006,14.6287317,36431.56589,119.9266128
FRA,2007,14.33399712,41486.19078,117.9992322
FRA,2008,14.05958574,45464.81814,115.9639398
FRA,2009,13.85702699,41728.08842,114.0262994
FRA,2010,13.77785029,40694.82117,112.3915566
FRA,2011,13.79747194,43929.78409,111.0390208
FRA,2012,12.55858852,40863.58144,109.7736391
FRA,2013,12.45829227,42669.17951,108.5395792
FRA,2014,10.68767467,43148.04593,107.2817442
FRA,2015,11.34429766,36702.43237,105.9468839
FRA,2016,10.50815481,37024.21571,103.9625832
FRA,2017,10.45831237,38687.16264,101.344826
FRA,2018,10.45994533,41418.17665,98.92453933
FRA,2019,9.825246005,40408.28486,97.53211015
FRA,2020,9.600381448,39169.8606,97.36749208
GAB,1990,27.24778091,6050.71469,40.89422951
GAB,1991,26.96227794,5345.09653,40.89564204
GAB,1992,26.7698013,5385.688117,40.87339522
GAB,1993,26.65338507,4105.987013,40.83242789
GAB,1994,26.59606335,3828.211181,40.77386551
GAB,1995,26.58087021,4414.875583,40.70418873
GAB,1996,26.72982554,4942.6787,40.59955611
GAB,1997,27.08477929,4508.753405,40.42977819
GAB,1998,27.50851068,3699.995139,40.22182731
GAB,1999,27.86379892,3751.35319,40.00224532
GAB,2000,28.0134232,3982.906201,39.79941934
GAB,2001,27.92319556,3835.757183,39.56094999
GAB,2002,27.70071784,3966.480019,39.24022802
GAB,2003,27.42145398,4710.748628,38.88527787
GAB,2004,27.16086794,5465.791936,38.54242769
GAB,2005,26.99442366,6547.87614,38.25813977
GAB,2006,26.88797604,6847.009857,37.94210525
GAB,2007,26.77040918,8003.542897,37.51934148
GAB,2008,26.66173078,9688.645197,37.06919845
GAB,2009,26.58194856,7290.575261,36.67057907
GAB,2010,26.55107024,8356.74662,36.40355464
GAB,2011,27.16768002,10219.11393,36.29586935
GAB,2012,26.82598906,9296.965879,36.29362511
GAB,2013,27.78038275,9197.701063,36.35914998
GAB,2014,26.2746904,9201.362766,36.45619896
GAB,2015,30.73902463,7047.126546,36.5515681
GAB,2016,29.76796607,6677.070039,36.66070263
GAB,2017,27.16910842,6921.733731,36.80854288
GAB,2018,27.03830514,7624.277523,36.98558842
GAB,2019,27.52418958,7441.178647,37.18161876
GAB,2020,29.95487346,6605.803461,37.71872356
GMB,1990,61.22257862,300.6398957,25.54035276
GMB,1991,61.08753056,627.5789193,25.5140865
GMB,1992,60.97740229,623.4859278,25.53549416
GMB,1993,60.89248714,635.3611677,25.59460196
GMB,1994,60.83307845,608.2774908,25.6818444
GMB,1995,60.79946957,621.6813913,25.78735534
GMB,1996,60.82585001,651.7849457,26.03140137
GMB,1997,60.91116877,600.2240234,26.46392263
GMB,1998,61.00285842,610.2347115,26.96971239
GMB,1999,61.04835148,575.4598932,27.43251155
GMB,2000,60.99508052,538.0540723,27.73609638
GMB,2001,60.12178452,459.8030684,27.91227175
GMB,2002,58.20261283,376.531027,28.06690049
GMB,2003,55.92811359,308.7191234,28.20057936
GMB,2004,53.98883495,593.2853463,28.31412949
GMB,2005,53.07532505,616.4836579,28.41012767
GMB,2006,52.93034886,614.5443079,28.49560184
GMB,2007,52.83830395,724.7264072,28.57351188
GMB,2008,52.80218735,859.1276714,28.64293547
GMB,2009,52.82499611,774.8880309,28.70307261
GMB,2010,52.90972723,801.0333727,28.75316493
GMB,2011,56.19343048,710.6084115,28.80034192
GMB,2012,66.41985059,692.5793616,28.85316593
GMB,2013,47.62546975,653.8627133,28.91164978
GMB,2014,50.9583279,568.0045356,28.97597399
GMB,2015,63.75039343,619.5363643,29.0458073
GMB,2016,58.79105609,650.0565013,29.14236016
GMB,2017,64.53906317,642.5226413,29.28126216
GMB,2018,59.27349287,696.219807,29.45455465
GMB,2019,54.87329162,738.186752,29.65435531
GMB,2020,58.36404022,720.3351434,30.18526215
GEO,1990,16.81100629,1610.980271,33.35761172
GEO,1991,16.945399,1310.973159,33.33916363
GEO,1992,17.03015132,757.2235485,33.32765572
GEO,1993,17.06868515,550.0155426,33.32803741
GEO,1994,17.06442239,519.8161871,33.34467793
GEO,1995,17.02078494,578.3367633,33.38372143
GEO,1996,16.86410261,689.0344137,33.43590563
GEO,1997,16.57042934,807.0322858,33.48550421
GEO,1998,16.21777316,851.5155425,33.52887384
GEO,1999,15.88414213,673.5377829,33.56322975
GEO,2000,15.64754428,749.908535,33.5833465
GEO,2001,15.48587963,801.9838371,33.60004653
GEO,2002,15.34041908,853.5261719,33.62677316
GEO,2003,15.234227,1010.031516,33.66894604
GEO,2004,15.19036779,1305.047486,33.72712668
GEO,2005,15.23190583,1642.783594,33.80386451
GEO,2006,15.42106514,1996.020133,33.91915029
GEO,2007,15.81764516,2635.366503,34.08561752
GEO,2008,16.44107335,3324.753721,34.29884211
GEO,2009,17.31077715,2822.689397,34.55405353
GEO,2010,18.44618402,3281.729309,34.84835118
GEO,2011,22.19918141,4119.668183,35.21513789
GEO,2012,23.06312599,4530.695334,35.66627888
GEO,2013,22.25175769,4712.002294,36.17338713
GEO,2014,20.97917548,4830.334862,36.70703417
GEO,2015,20.33047365,4086.622347,37.23702379
GEO,2016,19.31396689,4143.401257,38.00235286
GEO,2017,18.53426896,4418.752065,39.04220884
GEO,2018,18.45423844,4804.054604,40.02783071
GEO,2019,17.61830215,4741.283272,40.63281211
GEO,2020,17.04384211,4300.857013,40.70745446
DEU,1990,22.52620215,22385.67783,96.62385168
DEU,1991,22.20709568,23443.33508,97.81447254
DEU,1992,21.85870331,26559.85439,98.75918921
DEU,1993,21.48302484,25616.65088,99.44231172
DEU,1994,21.08206004,27201.95936,99.84820203
DEU,1995,20.65780868,31747.24494,99.96784539
DEU,1996,20.16692963,30599.7891,99.59364876
DEU,1997,19.60711598,27046.95655,98.66222798
DEU,1998,19.04191889,27395.94406,97.37666529
DEU,1999,18.53488952,26965.49228,95.93886238
DEU,2000,18.14957903,23925.85599,94.55304273
DEU,2001,17.80805648,23878.36415,92.92934747
DEU,2002,17.42512097,25486.5942,90.83326484
DEU,2003,17.05341866,30711.10225,88.55542977
DEU,2004,16.74559574,34566.73591,86.3903057
DEU,2005,16.55429837,35084.43635,84.6337458
DEU,2006,16.46733402,36980.33499,83.11533186
DEU,2007,16.41788403,42350.92172,81.5701613
DEU,2008,16.3766554,46386.32959,80.14244701
DEU,2009,16.31435512,42487.21371,78.97778832
DEU,2010,16.2016902,42409.9357,78.22675794
DEU,2011,15.71617116,47646.58204,77.76088659
DEU,2012,13.90785926,44735.58823,77.3656558
DEU,2013,13.66339682,47220.01021,77.04514939
DEU,2014,12.28224809,48971.08247,76.80294898
DEU,2015,12.82535251,41911.01099,76.64899863
DEU,2016,11.7806959,42961.03569,76.63635353
DEU,2017,11.89784511,45526.59996,76.75202354
DEU,2018,11.6526031,48874.8595,76.90840924
DEU,2019,10.63784953,47623.86561,77.01713369
DEU,2020,10.28768943,47379.76519,77.07002043
GHA,1990,60.84589948,382.5424637,23.46754047
GHA,1991,56.87535025,418.2541213,23.53194676
GHA,1992,53.8815753,396.4264076,23.62941821
GHA,1993,51.81032761,359.8008441,23.75255866
GHA,1994,50.60736015,320.5039034,23.89371428
GHA,1995,50.21842589,371.537243,24.04708759
GHA,1996,51.55878229,389.2712679,24.27270754
GHA,1997,54.75501677,377.8419355,24.59577719
GHA,1998,58.56987729,400.3667995,24.95878654
GHA,1999,61.76611178,403.0373261,25.30423714
GHA,2000,63.10646818,253.7469362,25.57493877
GHA,2001,61.75777732,263.5421565,25.77941127
GHA,2002,58.50799901,297.4616447,25.96712187
GHA,2003,54.55157468,358.3992714,26.14218962
GHA,2004,51.08294575,406.1321053,26.30897629
GHA,2005,49.29655363,478.6119092,26.47247033
GHA,2006,48.78541182,906.4410276,26.65667437
GHA,2007,48.35785834,1050.124615,26.86397414
GHA,2008,48.03132141,1182.657613,27.06741982
GHA,2009,47.82322922,1047.704301,27.24039769
GHA,2010,47.75100997,1263.892518,27.35683729
GHA,2011,52.80143161,1507.435732,27.3941593
GHA,2012,56.95704233,1543.775242,27.3763459
GHA,2013,44.73062367,2294.025645,27.34765425
GHA,2014,43.96272936,1953.645136,27.35281566
GHA,2015,68.01122849,1721.699644,27.43676341
GHA,2016,62.88896429,1913.186733,27.63614435
GHA,2017,60.35903417,2012.970258,27.92893961
GHA,2018,56.00418258,2196.612906,28.27089218
GHA,2019,49.6566317,2186.189241,28.61733655
GHA,2020,54.24278731,2196.547893,29.23961341
GRC,1990,24.24292122,9466.662385,35.7052999
GRC,1991,24.16884323,10046.66639,35.1712911
GRC,1992,24.1190685,11021.01222,34.67345871
GRC,1993,24.08730487,10257.30858,34.24066539
GRC,1994,24.06726016,10937.02238,33.89704049
GRC,1995,24.0526422,12779.08149,33.6658761
GRC,1996,24.1063301,13432.52622,33.47787605
GRC,1997,24.24395376,13015.9175,33.27259525
GRC,1998,24.38834713,13022.96488,33.08586129
GRC,1999,24.46234419,12742.54044,32.95853687
GRC,2000,24.38877889,11638.20107,32.92768053
GRC,2001,24.14883388,12156.95728,32.99473287
GRC,2002,23.80196717,13782.19564,33.11963999
GRC,2003,23.38842576,18020.61204,33.27544857
GRC,2004,22.94845667,21449.25528,33.42903534
GRC,2005,22.52230692,22054.13158,33.55154794
GRC,2006,22.03116294,24416.0233,33.66720571
GRC,2007,21.44685799,28440.76253,33.80282073
GRC,2008,20.88560931,31695.83311,33.93235714
GRC,2009,20.46363412,29425.45732,34.02948117
GRC,2010,20.29714968,26653.0488,34.06883074
GRC,2011,21.38335429,25504.78665,34.02134199
GRC,2012,18.80951135,21624.34605,33.91007889
GRC,2013,17.96008079,21573.34498,33.78143226
GRC,2014,16.86992653,21474.72571,33.68223101
GRC,2015,17.23720728,17980.72982,33.661138
GRC,2016,15.77503457,17919.24264,34.07478411
GRC,2017,15.67241003,18631.99301,34.95812416
GRC,2018,15.58401002,19873.40152,35.87557056
GRC,2019,14.94190555,19335.3602,36.38759426
GRC,2020,14.40892804,17886.73317,36.41035391
GRL,1990,7.551455159,18326.9295,641.8165348
GRL,1991,7.559912449,18315.31656,649.9731194
GRL,1992,7.553275975,18768.82753,656.4865981
GRL,1993,7.532949905,16797.35782,661.0430433
GRL,1994,7.500338411,18124.09981,663.4668845
GRL,1995,7.456845662,21665.82952,664.9054458
GRL,1996,7.379927297,21422.46099,664.2538339
GRL,1997,7.26263362,19145.61489,664.0688898
GRL,1998,7.129760796,20496.57878,661.8992648
GRL,1999,7.006104991,20170.32276,658.386625
GRL,2000,6.916462368,19004.00384,653.729794
GRL,2001,6.859112467,19275.43397,647.0691126
GRL,2002,6.810878924,20652.8417,637.7804539
GRL,2003,6.764374052,27459.87533,626.2984322
GRL,2004,6.712210161,32023.68205,614.9697026
GRL,2005,6.646999565,32489.72773,604.4776687
GRL,2006,6.562318525,35458.2543,594.5445989
GRL,2007,6.456460021,39780.94414,583.2201578
GRL,2008,6.32911144,44366.78587,571.921012
GRL,2009,6.17996017,44918.84138,560.8532684
GRL,2010,6.008693596,43988.52803,552.3772844
GRL,2011,5.74056233,47186.876,545.136052
GRL,2012,6.180185817,45936.95628,538.0009986
GRL,2013,6.23885063,47535.48838,531.0520906
GRL,2014,6.551713058,50485.22441,524.5112811
GRL,2015,6.144690393,44536.35497,517.81925
GRL,2016,6.467248274,48181.74535,509.6988268
GRL,2017,7.492154833,50765.74947,500.9531367
GRL,2018,6.756305492,54545.13586,493.3779218
GRL,2019,6.489507459,53309.20359,489.3277733
GRL,2020,6.556247542,54693.07668,489.8988684
GRD,1990,24.23313246,2782.183969,16.42305125
GRD,1991,23.9558928,2983.916432,16.36849575
GRD,1992,23.72712733,3052.700187,16.30672481
GRD,1993,23.55597404,3026.041542,16.24076941
GRD,1994,23.45157093,3152.202048,16.17422264
GRD,1995,23.42305598,3294.269883,16.10974525
GRD,1996,23.50019898,3508.294237,16.02365838
GRD,1997,23.66374565,3724.754662,15.902087
GRD,1998,23.84929787,4206.280529,15.76322835
GRD,1999,23.99245753,4516.283324,15.62506378
GRD,2000,24.02882652,4839.828111,15.50590889
GRD,2001,23.77806558,4819.507767,15.34529655
GRD,2002,23.23052652,4984.474059,15.10541135
GRD,2003,22.57784785,5427.963773,14.8415105
GRD,2004,22.01166805,5480.261176,14.61011537
GRD,2005,21.72362564,6338.560114,14.46965572
GRD,2006,21.70008351,6344.038377,14.39735172
GRD,2007,21.76567391,6864.548168,14.3308516
GRD,2008,21.86943933,7448.204056,14.26968098
GRD,2009,21.96042222,6932.564722,14.21312846
GRD,2010,21.98766509,6909.601696,14.16086168
GRD,2011,21.6067771,6947.381361,14.09365786
GRD,2012,22.05410281,7092.719854,14.0066654
GRD,2013,22.86590001,7424.802123,13.92262512
GRD,2014,23.32492928,7986.334212,13.8657206
GRD,2015,25.17774215,8694.12438,13.86015362
GRD,2016,25.07688149,9221.234611,14.03068325
GRD,2017,24.30147196,9751.426612,14.3821191
GRD,2018,24.09698816,10083.02128,14.7604937
GRD,2019,24.26473714,10462.79292,15.01287893
GRD,2020,24.65724161,8968.558901,15.12838881
GUM,2002,8.939517658,20909.95903,124.6984273
GUM,2003,8.745297066,21877.31784,124.4501765
GUM,2004,8.551086423,23618.82669,124.247038
GUM,2005,8.387357884,25631.97761,124.2602751
GUM,2006,8.268786785,25709.93515,124.5831476
GUM,2007,8.173274714,26605.43242,125.1593969
GUM,2008,8.076133203,28112.23166,125.9120552
GUM,2009,7.952673781,29054.05812,126.7732226
GUM,2010,7.77820798,29719.79678,127.6809622
GUM,2011,7.380915789,29926.20524,128.7208785
GUM,2012,7.500947959,31653.75065,129.9625519
GUM,2013,8.603966567,32530.75931,131.3135778
GUM,2014,8.150542497,33900.14865,132.6868169
GUM,2015,10.77679589,35165.70146,133.9944339
GUM,2016,8.951240874,35930.65949,135.2506253
GUM,2017,8.620619473,36779.00789,136.4734701
GUM,2018,10.00656452,37195.95031,137.5805338
GUM,2019,9.887840137,39274.94314,138.477722
GUM,2020,9.575105533,36482.9364,139.5498393
GTM,1990,40.92954645,847.6885618,15.33064188
GTM,1991,40.65486978,1014.402797,15.97617509
GTM,1992,40.36110272,1096.45977,16.65041407
GTM,1993,40.05129708,1165.674427,17.34830809
GTM,1994,39.72850464,1292.672028,18.06451985
GTM,1995,39.39577722,1421.061778,18.79376945
GTM,1996,39.0758623,1481.059868,19.64681263
GTM,1997,38.76319824,1638.462819,20.63586723
GTM,1998,38.41837313,1741.201142,21.60764097
GTM,1999,38.00197503,1603.647761,22.40907267
GTM,2000,37.47459203,1648.96579,22.88719603
GTM,2001,36.54607335,1537.686636,23.13050076
GTM,2002,35.13176907,1669.335175,23.32356681
GTM,2003,33.50051853,1722.547019,23.4582269
GTM,2004,31.9211611,1840.911849,23.52644598
GTM,2005,30.66253614,2046.466117,23.52013055
GTM,2006,29.59995086,2225.123475,23.30347401
GTM,2007,28.52475038,2458.815739,22.82360062
GTM,2008,27.5798309,2763.059882,22.19610403
GTM,2009,26.90808866,2611.646328,21.53650181
GTM,2010,26.65241987,2805.259602,20.96029155
GTM,2011,30.2785785,3168.983706,20.40063506
GTM,2012,27.30055972,3286.619593,19.76792279
GTM,2013,29.0925323,3444.159718,19.14254089
GTM,2014,26.7327979,3689.144725,18.60463499
GTM,2015,27.40041639,3893.505218,18.23472682
GTM,2016,25.21679649,4060.137556,17.99492712
GTM,2017,25.18454521,4324.996079,17.80659843
GTM,2018,23.22339649,4352.946518,17.68987114
GTM,2019,20.21028105,4511.997552,17.66497343
GTM,2020,21.63573559,4477.617618,17.86352233
GIN,1990,48.85569722,604.3044227,26.6680477
GIN,1991,47.45983232,656.4237312,26.77485177
GIN,1992,46.27682835,692.6478027,26.89903067
GIN,1993,45.36259902,670.7417782,27.04388691
GIN,1994,44.77305805,671.5763851,27.2010692
GIN,1995,44.56411912,713.0314606,27.36141448
GIN,1996,44.76837665,726.0254426,27.56194113
GIN,1997,45.25546478,695.5817423,27.83771884
GIN,1998,45.83685682,647.3799208,28.15636791
GIN,1999,46.3240261,610.6148429,28.47708573
GIN,2000,46.52844592,518.1570669,28.77410598
GIN,2001,46.2915149,483.0851202,29.07711701
GIN,2002,45.71955326,495.9160736,29.42352216
GIN,2003,45.02141677,566.4854059,29.77851659
GIN,2004,44.40596116,584.8977405,30.11914717
GIN,2005,44.0820422,463.1776869,30.42364248
GIN,2006,43.98174361,446.9805541,30.73765845
GIN,2007,43.90491347,650.1485753,31.10327253
GIN,2008,43.86205404,703.5328258,31.46720895
GIN,2009,43.86366754,662.1859147,31.77844755
GIN,2010,43.92025622,659.2353262,31.9838109
GIN,2011,45.73554951,636.6949587,32.09828195
GIN,2012,47.84514747,699.3533772,32.1863755
GIN,2013,37.44481107,748.4550208,32.26321793
GIN,2014,39.84963663,765.1469994,32.3440495
GIN,2015,54.27766809,747.3569668,32.44504748
GIN,2016,49.6336311,711.9965098,32.62234993
GIN,2017,49.7395461,833.5986217,32.89580857
GIN,2018,48.41239674,933.2736156,33.22116287
GIN,2019,42.87810689,1031.341465,33.55358393
GIN,2020,43.76744501,1053.660977,34.15312188
GNB,1990,57.07579375,651.3376407,37.92522642
GNB,1991,56.18975102,672.0738788,38.21887971
GNB,1992,55.43116631,574.3211064,38.49506056
GNB,1993,54.83770574,581.6126818,38.7395127
GNB,1994,54.44703541,560.8834225,38.9377431
GNB,1995,54.29682144,589.4870231,39.07494164
GNB,1996,54.39473556,614.7298925,39.18351925
GNB,1997,54.65196671,598.9534702,39.30308643
GNB,1998,54.96145676,497.7242796,39.42799733
GNB,1999,55.21614758,478.733191,39.55185339
GNB,2000,55.30898104,316.945495,39.66663974
GNB,2001,54.58555726,327.138432,39.82538084
GNB,2002,52.89425078,362.0345746,40.05068365
GNB,2003,50.88216516,419.7848661,40.29454918
GNB,2004,49.19640392,431.3765577,40.50954913
GNB,2005,48.48407061,463.0739627,40.64773949
GNB,2006,48.51400572,448.5130755,40.70985699
GNB,2007,48.62243321,519.0697898,40.73640074
GNB,2008,48.80753187,640.2103311,40.74033028
GNB,2009,49.06748047,583.1900201,40.73472374
GNB,2010,49.40045777,600.1942985,40.7323222
GNB,2011,51.05425376,719.5395735,40.72551063
GNB,2012,55.8088468,635.4616533,40.70332729
GNB,2013,41.54104053,654.3045344,40.67470429
GNB,2014,43.55934685,652.022501,40.64882621
GNB,2015,56.92019194,645.0668372,40.63442836
GNB,2016,52.69972657,679.6653866,40.62430323
GNB,2017,56.78145126,783.1231866,40.62756574
GNB,2018,54.14097843,808.5316132,40.67450817
GNB,2019,48.50289705,807.359904,40.79553817
GNB,2020,50.21276551,817.7803357,41.4048855
GUY,1990,24.33507308,528.8510953,59.51278978
GUY,1991,24.02541112,466.039939,60.03037409
GUY,1992,23.84701749,498.1566366,60.57338619
GUY,1993,23.77152628,603.0843167,61.12037702
GUY,1994,23.77057158,715.6115252,61.65059487
GUY,1995,23.81578747,819.6685416,62.14683034
GUY,1996,24.29591126,927.5238472,62.72254282
GUY,1997,25.35552462,982.8047538,63.43172513
GUY,1998,26.60002822,939.6854882,64.16513368
GUY,1999,27.63482271,908.7906314,64.81527652
GUY,2000,28.06530877,931.7966517,65.27178687
GUY,2001,27.67492182,931.5747238,65.639306
GUY,2002,26.73731742,950.8669325,66.05721919
GUY,2003,25.59322644,973.7425981,66.4662242
GUY,2004,24.58337972,1033.310309,66.80826332
GUY,2005,24.04850813,1084.065414,67.02445373
GUY,2006,23.93752553,3135.605535,67.09001594
GUY,2007,23.92764144,3608.286852,67.04143766
GUY,2008,23.95203019,4008.962867,66.91203641
GUY,2009,23.94386607,4209.132306,66.73723912
GUY,2010,23.8363234,4581.761797,66.55348053
GUY,2011,23.13275796,4947.221706,66.35511566
GUY,2012,24.02027505,5444.397519,66.13336419
GUY,2013,23.91241807,5556.912312,65.92215734
GUY,2014,24.23118673,5472.688205,65.75388401
GUY,2015,25.8352499,5640.415606,65.66088423
GUY,2016,25.38549304,5870.878238,65.63941571
GUY,2017,25.21647707,6178.665044,65.69790712
GUY,2018,25.7636449,6048.386972,65.90000599
GUY,2019,26.09207348,6405.824434,66.29780829
GUY,2020,25.46066805,6775.709391,68.18132247
HTI,1990,18.95736867,451.7202497,25.63408718
HTI,1991,18.74819359,496.5459874,25.52642015
HTI,1992,18.62105921,316.2765131,25.40738191
HTI,1993,18.55702239,258.0663723,25.28607043
HTI,1994,18.53713999,292.1342244,25.16994169
HTI,1995,18.54246889,372.0061047,25.06693348
HTI,1996,18.72352468,377.229465,24.92756248
HTI,1997,19.13953493,425.1110859,24.72019035
HTI,1998,19.63462449,465.3633063,24.48219417
HTI,1999,20.0529182,509.5785853,24.25293781
HTI,2000,20.2385409,820.6000468,24.07124039
HTI,2001,20.16266278,748.8211598,23.91301422
HTI,2002,19.9490168,720.969568,23.74017989
HTI,2003,19.67057193,578.9952911,23.57162373
HTI,2004,19.40029713,683.1852982,23.42513346
HTI,2005,19.21116136,775.8457041,23.32111646
HTI,2006,19.09653579,828.8057003,23.25708514
HTI,2007,19.00118374,984.5669834,23.2105235
HTI,2008,18.92516245,1094.660584,23.17240441
HTI,2009,18.86852916,1196.852871,23.13492501
HTI,2010,18.83134111,1209.727335,23.05645616
HTI,2011,18.88570067,1312.039536,22.95526433
HTI,2012,19.06409408,1361.393966,22.86928754
HTI,2013,19.39522239,1457.832212,22.78839044
HTI,2014,20.75841618,1460.188986,22.73427758
HTI,2015,21.50586329,1411.126847,22.72885602
HTI,2016,20.52779838,1318.402682,22.82968833
HTI,2017,20.71086317,1395.239452,23.02655475
HTI,2018,21.54791555,1496.38049,23.23926632
HTI,2019,20.938502,1352.172042,23.3875704
HTI,2020,21.35025544,1290.325387,23.58901942
HND,1990,32.01000593,988.4592738,11.08838631
HND,1991,31.58859761,907.2711146,10.94882868
HND,1992,31.23305461,937.828918,10.80617931
HND,1993,30.94379656,908.4460133,10.66370832
HND,1994,30.72124308,832.0629724,10.52456128
HND,1995,30.56581378,931.6695473,10.39190285
HND,1996,30.58157437,883.3112498,10.25584677
HND,1997,30.78525376,944.9301024,10.10807875
HND,1998,31.0462664,1021.158188,9.954114814
HND,1999,31.23402675,1002.19633,9.800198008
HND,2000,31.21794923,1092.564007,9.652743646
HND,2001,30.87545807,1132.164875,9.500048832
HND,2002,30.24623346,1132.499653,9.335488716
HND,2003,29.44307385,1156.081627,9.172884349
HND,2004,28.5787777,1215.139954,9.026256599
HND,2005,27.76614348,1304.700392,8.909439099
HND,2006,26.85386059,1425.847801,8.818284464
HND,2007,25.76188074,1577.737892,8.737546547
HND,2008,24.70989572,1732.490627,8.664479914
HND,2009,23.91759738,1781.157036,8.596275524
HND,2010,23.60467753,1893.327227,8.53003908
HND,2011,27.5473866,2073.661211,8.45000864
HND,2012,24.20906684,2126.034747,8.356421071
HND,2013,26.21008307,2081.128435,8.269825117
HND,2014,24.19704863,2179.88172,8.210556709
HND,2015,24.69319894,2271.20266,8.199048556
HND,2016,22.88298468,2307.344684,8.308422777
HND,2017,22.05712509,2413.007656,8.533490791
HND,2018,20.51759699,2464.642415,8.777291274
HND,2019,18.14366035,2502.327443,8.942849037
HND,2020,20.31368339,2307.614943,9.032846277
HUN,1990,25.26056828,3312.698238,154.1541183
HUN,1991,25.23871515,3350.258323,154.3664145
HUN,1992,25.11788394,3735.10582,154.2574793
HUN,1993,24.91544488,3873.987723,153.8727211
HUN,1994,24.64876819,4173.373024,153.2531824
HUN,1995,24.33522411,4494.707624,152.4433782
HUN,1996,23.7339532,4525.039103,150.4508606
HUN,1997,22.78166038,4596.182622,146.7872167
HUN,1998,21.7620624,4744.212264,142.2617414
HUN,1999,20.95887599,4793.478522,137.6810579
HUN,2000,20.65581789,4624.281657,133.8541179
HUN,2001,20.82024777,5276.033189,130.531518
HUN,2002,21.15222119,6655.333009,127.0545534
HUN,2003,21.53449868,8419.430871,123.6247832
HUN,2004,21.84984078,10301.70339,120.4425097
HUN,2005,21.98100803,11223.3993,117.7099726
HUN,2006,21.8234248,11489.56087,115.2896368
HUN,2007,21.44764939,13940.90928,112.9266109
HUN,2008,20.99914326,15772.33008,110.6478795
HUN,2009,20.62336786,13077.30547,108.4777756
HUN,2010,20.46578462,13217.5046,106.441912
HUN,2011,21.30889279,14234.47158,104.3454091
HUN,2012,18.93202126,12984.83657,102.1286051
HUN,2013,17.85297566,13715.07036,100.022643
HUN,2014,17.93977439,14294.25842,98.25862832
HUN,2015,17.98025014,12717.0386,97.06761358
HUN,2016,16.23893892,13104.69955,96.34441582
HUN,2017,17.02368843,14621.2396,95.7989051
HUN,2018,17.50185352,16425.20503,95.38451991
HUN,2019,14.64123544,16786.21364,95.05429388
HUN,2020,14.13649958,16131.95404,95.32417487
ISL,1990,7.733270832,25384.91502,106.9455371
ISL,1991,7.669478816,26802.98952,107.5899036
ISL,1992,7.613260827,27124.27454,107.9915056
ISL,1993,7.56328775,23579.79536,108.09527
ISL,1994,7.518230472,24018.6314,107.9596201
ISL,1995,7.476759882,26633.59138,107.5817281
ISL,1996,7.4492749,27614.87703,106.6898686
ISL,1997,7.439545156,27919.1855,105.2309729
ISL,1998,7.4362976,31030.0536,103.4117055
ISL,1999,7.428259179,32381.62524,101.4789572
ISL,2000,7.404156844,32096.37226,99.70511624
ISL,2001,7.364013509,28897.44394,97.92775579
ISL,2002,7.315432387,32409.21615,95.97803981
ISL,2003,7.258510879,39476.69785,93.96081073
ISL,2004,7.193346385,47334.93065,91.95659363
ISL,2005,7.120036303,56794.85016,90.12176543
ISL,2006,7.007141437,57492.93425,88.14935396
ISL,2007,6.849790485,69495.72674,85.91331953
ISL,2008,6.687932693,56943.37045,83.66043278
ISL,2009,6.561517303,41301.27322,81.60179033
ISL,2010,6.510493562,43237.07295,80.05504262
ISL,2011,6.708740317,47714.59223,78.84636526
ISL,2012,6.110175404,45995.54788,77.69510448
ISL,2013,5.96459941,49804.983,76.71385336
ISL,2014,5.787105614,54576.74481,75.97161002
ISL,2015,5.733280953,52951.68151,75.58965451
ISL,2016,5.277177726,61987.92636,75.55147316
ISL,2017,5.839962796,72010.14903,75.67487815
ISL,2018,5.559240656,74452.18907,75.8351739
ISL,2019,5.481558072,68452.23622,75.89253545
ISL,2020,5.105548275,59023.56635,75.78614316
IND,1990,62.00388801,371.0859362,121.4965291
IND,1991,61.25817932,305.5740559,122.8960696
IND,1992,60.64968034,319.1824726,123.9986366
IND,1993,60.17964032,302.8848062,124.7572876
IND,1994,59.84930853,347.7342147,125.1277735
IND,1995,59.65993422,375.1760054,125.0662794
IND,1996,59.72660953,401.0467547,124.5166187
IND,1997,60.07619575,416.2281162,123.5591655
IND,1998,60.57759588,413.6308641,122.3502669
IND,1999,61.09971289,441.9279914,121.0441836
IND,2000,61.51144978,442.7502189,119.7952903
IND,2001,61.90683477,450.3579005,118.6032191
IND,2002,62.37252215,469.149929,117.3460342
IND,2003,62.76635396,544.1431335,116.0016998
IND,2004,62.94617225,624.2588265,114.5476685
IND,2005,62.76981905,710.4880804,112.9557989
IND,2006,61.19510992,801.6683537,110.7861994
IND,2007,58.02113499,1021.887077,107.9297478
IND,2008,54.3676481,992.5195849,104.8406964
IND,2009,51.35440313,1094.949746,101.964809
IND,2010,50.10115395,1347.519391,99.74460054
IND,2011,61.70862421,1445.461275,98.1109227
IND,2012,74.00316075,1429.321995,96.67698832
IND,2013,76.25017683,1432.843975,95.41191791
IND,2014,79.03739571,1553.883961,94.28770503
IND,2015,73.81099141,1583.998159,93.27523001
IND,2016,75.78900353,1707.508929,92.12668245
IND,2017,67.31227139,1950.104683,90.89138282
IND,2018,68.12095251,1966.254552,89.9739637
IND,2019,59.89198088,2041.428637,89.7571537
IND,2020,48.39481152,1907.042516,90.87423314
IDN,1990,29.83679546,578.4201211,21.82537445
IDN,1991,29.53305595,624.3874954,21.82777075
IDN,1992,29.21366259,673.6710395,21.79938863
IDN,1993,28.88323004,817.3951164,21.746518
IDN,1994,28.54637295,899.7939829,21.67593577
IDN,1995,28.20770595,1011.226142,21.59422813
IDN,1996,27.8429926,1118.92133,21.45423988
IDN,1997,27.43910618,1044.606748,21.23264398
IDN,1998,27.01732603,454.8778008,20.96769604
IDN,1999,26.59893146,657.2689347,20.69794148
IDN,2000,26.20520179,763.711125,20.46150796
IDN,2001,25.85437605,732.3070934,20.24680659
IDN,2002,25.52916865,881.0029136,20.02597547
IDN,2003,25.19757196,1043.210584,19.80699532
IDN,2004,24.82757837,1126.840044,19.5988847
IDN,2005,24.38718025,1238.214476,19.40965995
IDN,2006,23.88605543,1558.315628,19.22798134
IDN,2007,23.31567113,1823.219763,19.04271512
IDN,2008,22.6167038,2124.554839,18.85861288
IDN,2009,21.72982988,2218.485419,18.68047737
IDN,2010,20.59572582,3065.683484,18.51241309
IDN,2011,17.91857231,3579.464425,18.31842103
IDN,2012,19.5533516,3632.27254,18.09192617
IDN,2013,20.10299356,3566.602845,17.87620753
IDN,2014,18.53546489,3441.068085,17.71517003
IDN,2015,18.67127865,3288.222697,17.65272335
IDN,2016,19.13100428,3521.469435,17.75915538
IDN,2017,16.95556348,3798.883262,18.00534262
IDN,2018,18.43718958,3860.953531,18.27905218
IDN,2019,19.4270919,4106.948562,18.46812176
IDN,2020,17.8814995,3853.702888,18.60397785
IRN,1990,33.82191939,2137.942227,57.34406058
IRN,1991,33.85838881,2194.439068,58.22600274
IRN,1992,33.94895956,1957.485078,58.99438648
IRN,1993,34.08149565,1038.109857,59.64559523
IRN,1994,34.24386109,1167.762725,60.10522835
IRN,1995,34.4239199,1550.009596,60.26220519
IRN,1996,34.7557611,1914.781213,60.16343433
IRN,1997,35.27973852,1790.066176,59.92717757
IRN,1998,35.84311333,1709.193341,59.58924559
IRN,1999,36.2931467,1739.59462,59.18206508
IRN,2000,36.47709978,1650.013858,58.73528838
IRN,2001,36.30096767,1881.022666,58.15872906
IRN,2002,35.88096034,1891.257561,57.40511543
IRN,2003,35.37966126,2208.996366,56.55367243
IRN,2004,34.95965393,2672.422665,55.66094157
IRN,2005,34.78352182,3132.050819,54.80005707
IRN,2006,34.9942072,3618.916014,53.89128133
IRN,2007,35.55671598,4687.991663,52.8541389
IRN,2008,36.36672711,5377.411507,51.77069053
IRN,2009,37.31991955,5415.522806,50.72769375
IRN,2010,38.31197226,6291.194437,49.8145098
IRN,2011,39.61247997,8025.687434,48.98786692
IRN,2012,38.00776161,8114.080998,48.16949363
IRN,2013,38.75256476,6222.741948,47.40370762
IRN,2014,36.37103615,5672.063729,46.73793856
IRN,2015,38.69803296,4952.733555,46.21938505
IRN,2016,37.48381454,5477.037124,45.82515345
IRN,2017,35.01595826,5753.115447,45.5306465
IRN,2018,37.67622919,4631.78709,45.37328459
IRN,2019,34.01578957,3831.278948,45.38557692
IRN,2020,32.28737336,2988.781224,45.70778844
IRQ,1990,43.40480248,10261.41577,35.53164537
IRQ,1991,41.98947242,22.95213276,35.37804308
IRQ,1992,40.83127757,30.25390126,35.26410376
IRQ,1993,39.96319315,53.74378423,35.17246738
IRQ,1994,39.41819436,198.1821019,35.11390278
IRQ,1995,39.22925642,619.1355309,35.10462029
IRQ,1996,39.4957863,485.2584928,35.2464169
IRQ,1997,40.14086495,936.3411709,35.56049767
IRQ,1998,40.93297859,900.9371426,35.93638628
IRQ,1999,41.64061343,1560.364667,36.26461499
IRQ,2000,42.03225569,1980.18916,36.43816544
IRQ,2001,42.15095349,1435.695684,36.45865504
IRQ,2002,42.21863064,1266.159613,36.42227842
IRQ,2003,42.27208692,817.8878625,36.37082404
IRQ,2004,42.34812207,1328.371576,36.34648036
IRQ,2005,42.48353586,1762.393604,36.38484297
IRQ,2006,43.23384006,2276.554357,36.58643624
IRQ,2007,44.76652314,3128.990103,36.97162704
IRQ,2008,46.53634987,4542.96609,37.41953569
IRQ,2009,47.99808507,3714.71206,37.8378378
IRQ,2010,48.60649351,4461.751962,38.18931894
IRQ,2011,44.59020542,5775.542291,38.49750274
IRQ,2012,43.76335815,6477.596185,38.80268555
IRQ,2013,42.91624625,6650.352822,39.0947189
IRQ,2014,37.79473333,6249.39227,39.37622261
IRQ,2015,44.64398884,4440.141893,39.63757973
IRQ,2016,42.33678519,4334.420964,39.9189879
IRQ,2017,40.02670907,4759.284644,40.24699346
IRQ,2018,41.75586361,5646.689321,40.57962867
IRQ,2019,37.7315693,5671.856863,40.87961851
IRQ,2020,38.17506998,4295.189451,41.48590264
IRL,1990,14.26908067,14031.30257,91.13526457
IRL,1991,14.15728942,14087.2078,93.08574716
IRL,1992,14.03073939,15714.38475,94.96684721
IRL,1993,13.89099301,14657.06155,96.77391927
IRL,1994,13.73961272,15902.92968,98.479868
IRL,1995,13.57816094,19158.45648,100.085022
IRL,1996,13.38490533,20835.89737,101.6646909
IRL,1997,13.15637881,22551.11391,103.2461779
IRL,1998,12.92154175,24294.85477,104.7394269
IRL,1999,12.70935449,26338.10775,106.0410151
IRL,2000,12.54877737,26334.56721,107.0688331
IRL,2001,12.42648337,28282.40988,108.0263007
IRL,2002,12.3040623,32705.43456,109.0972532
IRL,2003,12.17284973,41203.52958,110.0910537
IRL,2004,12.02418126,47754.20232,110.8190795
IRL,2005,11.8493925,50933.02161,111.0844305
IRL,2006,11.5711334,54329.16186,110.3275525
IRL,2007,11.18342761,61396.41746,108.4699677
IRL,2008,10.78467119,61353.10656,106.0710858
IRL,2009,10.47326022,52133.09092,103.6685046
IRL,2010,10.34759077,48679.40268,101.8009348
IRL,2011,10.54042298,52692.78131,100.4272479
IRL,2012,9.588933029,49411.73875,99.09186697
IRL,2013,9.194087161,52619.21237,97.74178415
IRL,2014,8.844726652,57278.25909,96.29894209
IRL,2015,8.811582161,64311.82347,94.69712241
IRL,2016,8.110193748,64292.65997,92.29960197
IRL,2017,8.384296366,72499.32687,89.16722805
IRL,2018,8.298636937,81248.31354,86.27754823
IRL,2019,7.892394674,82508.46599,84.62036075
IRL,2020,8.170586013,87567.1149,84.1373958
ISR,1990,24.62134993,13284.37946,60.7463587
ISR,1991,25.43146827,14320.28319,61.26716432
ISR,1992,26.10090635,15482.10057,61.753169
ISR,1993,26.62339916,15151.54463,62.20297361
ISR,1994,26.9926817,16776.61249,62.61839594
ISR,1995,27.20248896,18991.47117,62.99840141
ISR,1996,27.1027613,20180.37705,63.38517893
ISR,1997,26.67413085,20432.83764,63.76949355
ISR,1998,26.10637018,20157.09663,64.08148578
ISR,1999,25.5892519,19782.28697,64.24450969
ISR,2000,25.31254857,21660.84038,64.18832159
ISR,2001,25.22342725,20907.1143,63.79400572
ISR,2002,25.14122655,19034.31757,63.06764687
ISR,2003,25.06397647,19629.41451,62.14452021
ISR,2004,24.98970698,20546.22917,61.14681313
ISR,2005,24.91644809,21226.72139,60.20238914
ISR,2006,24.84307024,22502.07222,59.11798049
ISR,2007,24.76999517,25635.92684,57.72547316
ISR,2008,24.69757973,30176.28651,56.20367768
ISR,2009,24.6261808,28381.64494,54.72494171
ISR,2010,24.55615523,31338.55689,53.4660807
ISR,2011,24.48040021,34433.82261,52.29768822
ISR,2012,22.10385554,33236.57312,51.06143336
ISR,2013,22.57820735,36929.60422,49.89127454
ISR,2014,21.17546972,38230.4954,48.91710817
ISR,2015,22.10430273,36123.99079,48.27500995
ISR,2016,18.81701137,37556.62729,47.91353243
ISR,2017,20.02934413,40997.91102,47.67572521
ISR,2018,20.56259748,42233.26103,47.53322143
ISR,2019,19.55564321,44140.82894,47.45675313
ISR,2020,18.59827563,44679.77158,47.47341411
ITA,1990,29.05838131,20873.78341,54.17710891
ITA,1991,28.77940751,22007.1351,54.78190892
ITA,1992,28.50198958,23297.04603,55.23907894
ITA,1993,28.22167959,18781.95294,55.54121739
ITA,1994,27.9340296,19382.20022,55.67837386
ITA,1995,27.63459167,20712.17987,55.63987531
ITA,1996,27.35125563,23122.93372,55.36696143
ITA,1997,27.09726867,21883.98727,54.86054682
ITA,1998,26.84621887,22365.18376,54.21095824
ITA,1999,26.57169434,22049.99906,53.50577378
ITA,2000,26.24728315,20190.00356,52.8323957
ITA,2001,25.81274118,20571.47877,52.14357795
ITA,2002,25.25716783,22463.52221,51.33803937
ITA,2003,24.62816643,27618.94177,50.43094917
ITA,2004,23.97334037,31425.82087,49.43949726
ITA,2005,23.34029298,32171.79337,48.37789534
ITA,2006,22.62268577,33684.72004,47.01327414
ITA,2007,21.78825756,38031.97095,45.24732192
ITA,2008,20.99572772,41095.40634,43.30222287
ITA,2009,20.40381562,37388.45371,41.39742341
ITA,2010,20.17124061,36184.71187,39.75408619
ITA,2011,21.33536766,38851.38813,38.22103691
ITA,2012,18.76568812,35235.79891,36.59783683
ITA,2013,18.05409983,35747.70795,35.02731165
ITA,2014,16.89368288,35750.71975,33.6506628
ITA,2015,17.76001652,30387.12932,32.60946636
ITA,2016,15.7011487,31126.32469,31.75919734
ITA,2017,15.96602618,32554.14668,30.94844498
ITA,2018,16.33543613,34746.34414,30.31276933
ITA,2019,14.89368586,33812.78872,29.98499446
ITA,2020,14.65863862,32091.48666,29.96715265
JAM,1990,15.70202205,1929.598919,11.57849932
JAM,1991,15.44179257,1710.300582,11.34041765
JAM,1992,15.2306991,1458.101469,11.12821918
JAM,1993,15.07329562,2220.515183,10.96266746
JAM,1994,14.97413608,2202.85831,10.86437989
JAM,1995,14.93777444,2630.849354,10.85416869
JAM,1996,15.00284246,2928.896926,10.9012187
JAM,1997,15.16964013,3296.916348,10.95737605
JAM,1998,15.38522385,3419.493529,11.01689776
JAM,1999,15.59664996,3431.568135,11.07363946
JAM,2000,15.75097485,3453.092528,11.12175063
JAM,2001,15.84525775,3503.550267,11.18630083
JAM,2002,15.91201309,3680.645517,11.28250754
JAM,2003,15.95148004,3549.707584,11.39019221
JAM,2004,15.96389778,3807.562931,11.48909871
JAM,2005,15.9495055,4184.439749,11.55940159
JAM,2006,15.9267244,4417.001271,11.56769634
JAM,2007,15.8986674,4716.486125,11.51703283
JAM,2008,15.84261127,5029.800953,11.44226617
JAM,2009,15.73583278,4428.381533,11.3800324
JAM,2010,15.5556087,4809.97738,11.3656223
JAM,2011,14.94712272,5232.636449,11.38192136
JAM,2012,15.42473149,5340.833332,11.39379932
JAM,2013,15.77491587,5124.213014,11.40800923
JAM,2014,16.45971525,4975.11327,11.43278101
JAM,2015,16.8646376,5062.895565,11.47518946
JAM,2016,15.95584478,5009.794501,11.72545729
JAM,2017,16.65664146,5259.313341,12.21813878
JAM,2018,16.84268215,5578.103461,12.72649134
JAM,2019,17.0706325,5607.243007,13.02411021
JAM,2020,17.41363704,4879.440246,13.07805437
JPN,1990,13.37278269,25801.39504,140.0379245
JPN,1991,13.29348113,29428.4289,141.8529483
JPN,1992,13.22619896,31992.79021,143.8701845
JPN,1993,13.17147064,36345.24413,146.0452176
JPN,1994,13.12983064,39933.51506,148.3297196
JPN,1995,13.10181341,44197.6191,150.6751616
JPN,1996,13.10080211,39150.03963,153.3251017
JPN,1997,13.12642315,35638.23196,156.4157034
JPN,1998,13.15857586,32423.75561,159.7373225
JPN,1999,13.17715959,36610.16832,163.0785178
JPN,2000,13.16207369,39169.35957,166.2248095
JPN,2001,13.08372197,34406.18246,169.6961016
JPN,2002,12.93949089,32820.79364,173.6981741
JPN,2003,12.74975377,35387.03742,177.53567
JPN,2004,12.53488394,38298.98017,180.5164663
JPN,2005,12.31525472,37812.89502,181.9411408
JPN,2006,12.01742402,35991.546,182.0529808
JPN,2007,11.62145882,35779.02454,181.6493106
JPN,2008,11.22799611,39876.30397,180.8670169
JPN,2009,10.93767287,41308.99684,179.8414555
JPN,2010,10.85112606,44968.15623,178.7035677
JPN,2011,12.27425307,48760.07895,177.0874738
JPN,2012,12.80684313,49145.28043,174.7713456
JPN,2013,13.25425124,40898.6479,172.116824
JPN,2014,13.7406103,38475.39525,169.4803526
JPN,2015,12.86853593,34960.63938,167.2186976
JPN,2016,12.7990612,39375.47316,164.886097
JPN,2017,13.11982762,38834.05293,162.1955529
JPN,2018,13.07903303,39751.1331,159.754451
JPN,2019,12.93787279,40415.95676,158.166778
JPN,2020,12.83520166,40040.76551,157.4854375
JOR,1990,23.40115089,1148.590055,27.39921477
JOR,1991,24.61830056,1109.655646,27.4790029
JOR,1992,25.59955689,1286.634736,27.52727986
JOR,1993,26.32505226,1289.414543,27.54931715
JOR,1994,26.77491907,1367.187218,27.54972463
JOR,1995,26.9292897,1415.711516,27.53260673
JOR,1996,26.64845625,1410.174242,27.43103685
JOR,1997,25.97877649,1435.875938,27.21221806
JOR,1998,25.17948129,1532.113804,26.92716951
JOR,1999,24.50980153,1544.587506,26.62591006
JOR,2000,24.22896808,1570.610029,26.35834815
JOR,2001,24.63912794,1632.29454,26.09788876
JOR,2002,25.67361916,1706.267444,25.80520094
JOR,2003,27.03845919,1775.676256,25.50671218
JOR,2004,28.43966548,1940.086413,25.2243023
JOR,2005,29.58325548,2087.870793,24.97964247
JOR,2006,30.58722981,2342.634596,24.67254542
JOR,2007,31.65550643,2506.205995,24.2521428
JOR,2008,32.62297879,3241.652414,23.81090139
JOR,2009,33.32454035,3435.833759,23.39928061
JOR,2010,33.59508454,3718.465716,23.05462667
JOR,2011,29.66242608,3946.855039,22.72625918
JOR,2012,29.02445731,4169.504701,22.37123516
JOR,2013,32.67791912,4311.219167,22.04514407
JOR,2014,30.20224554,4191.180501,21.80351648
JOR,2015,32.11423751,4042.756781,21.71420773
JOR,2016,28.37548045,3986.71677,21.92777735
JOR,2017,28.38316836,4065.616287,22.40348787
JOR,2018,30.89112137,4145.439897,22.9232075
JOR,2019,31.25973135,4170.1144,23.2708677
JOR,2020,28.77376392,4022.040136,23.52225942
KAZ,1990,18.94474606,1570.008831,121.7659597
KAZ,1991,19.02982244,1442.424555,123.1461315
KAZ,1992,19.05507621,1437.598481,124.8678381
KAZ,1993,19.02895577,1355.134939,126.8691038
KAZ,1994,18.95990956,1246.83633,129.0702983
KAZ,1995,18.85638598,1217.791388,131.4252294
KAZ,1996,18.58101401,1281.391529,134.4791681
KAZ,1997,18.08536682,1381.635933,138.4387969
KAZ,1998,17.51130915,1414.592897,142.7419165
KAZ,1999,17.00070576,1091.547277,146.8129215
KAZ,2000,16.69542137,1180.044456,150.0906972
KAZ,2001,16.56322001,1422.273318,152.9684005
KAZ,2002,16.48252201,1573.552199,155.9933564
KAZ,2003,16.46117665,1958.020502,158.8160267
KAZ,2004,16.50703317,2722.474078,161.0689827
KAZ,2005,16.62794083,3577.35804,162.405768
KAZ,2006,16.8840447,5030.134947,162.8098934
KAZ,2007,17.35835024,6449.439311,162.6223695
KAZ,2008,18.09299726,8123.547059,162.0385311
KAZ,2009,19.1301256,6938.011757,161.2415425
KAZ,2010,20.51187509,8793.0759,160.4136464
KAZ,2011,25.4893927,11287.14649,159.40264
KAZ,2012,27.20318244,12018.79665,158.0128932
KAZ,2013,25.84437386,13478.45963,156.3395268
KAZ,2014,23.8358367,12427.70946,154.4885206
KAZ,2015,22.5590496,10196.12263,152.56202
KAZ,2016,22.76375252,7475.566887,149.7231238
KAZ,2017,21.01661068,8943.084168,145.9350265
KAZ,2018,20.5938701,9472.485273,142.494471
KAZ,2019,20.85698539,9457.126147,140.6935883
KAZ,2020,20.02787243,8781.507978,141.1367705
KEN,1990,16.28448781,374.4589929,29.4937832
KEN,1991,16.30250845,344.7226421,29.54304389
KEN,1992,16.35661605,336.6813998,29.62251804
KEN,1993,16.44309097,228.9980328,29.72766214
KEN,1994,16.55821358,276.447872,29.85527983
KEN,1995,16.69826426,340.0648422,30.00136545
KEN,1996,17.25723831,440.5270789,30.23998812
KEN,1997,18.37140976,466.7238146,30.5872068
KEN,1998,19.65047702,487.8832399,30.95808278
KEN,1999,20.70413854,433.7212357,31.270357
KEN,2000,21.14209273,414.6263651,31.44282641
KEN,2001,20.89182869,410.7004525,31.46313978
KEN,2002,20.29504521,402.9363856,31.38518062
KEN,2003,19.58275524,442.8984573,31.22774584
KEN,2004,18.98597176,463.6627813,31.01031442
KEN,2005,18.73570772,523.4563124,30.75133174
KEN,2006,18.97807,699.8023706,30.39300149
KEN,2007,19.63839316,840.2014395,29.91422212
KEN,2008,20.61653168,915.5443547,29.38887277
KEN,2009,21.81234003,1047.967832,28.89146755
KEN,2010,23.12567269,1091.518731,28.49701231
KEN,2011,25.18221651,1096.144998,28.1436811
KEN,2012,25.6442241,1285.005362,27.76124876
KEN,2013,24.57576359,1370.878852,27.41163255
KEN,2014,23.75138703,1482.815663,27.15807487
KEN,2015,24.77606126,1489.119598,27.06456234
KEN,2016,24.02118625,1554.126103,27.22047976
KEN,2017,19.90155127,1667.484472,27.58040588
KEN,2018,20.98756533,1836.452755,28.00680625
KEN,2019,19.57052723,1960.408089,28.36431083
KEN,2020,24.39179065,1927.66459,28.82414693
KIR,1990,10.9730335,488.0675279,116.9458408
KIR,1991,11.00375109,540.1256089,118.4583903
KIR,1992,11.05026212,791.9964221,119.7154965
KIR,1993,11.10885711,747.7534271,120.6692043
KIR,1994,11.17582659,837.9720739,121.2750982
KIR,1995,11.24746108,844.4292941,121.4758516
KIR,1996,11.38361937,985.8857991,121.2365136
KIR,1997,11.6061836,953.1627774,120.6880025
KIR,1998,11.85447936,874.4845739,119.9607382
KIR,1999,12.0678322,887.4956781,119.1878726
KIR,2000,12.18556769,845.3675561,118.5049234
KIR,2001,12.21136175,718.8337573,117.7501492
KIR,2002,12.19716874,810.10895,116.7769354
KIR,2003,12.15473195,1020.500502,115.6819276
KIR,2004,12.09579463,1083.26859,114.5627174
KIR,2005,12.03210005,1161.783727,113.5193301
KIR,2006,11.9542996,1123.192683,112.3950819
KIR,2007,11.85076478,1352.5783,111.0900491
KIR,2008,11.729819,1410.622495,109.7811352
KIR,2009,11.5997857,1316.627346,108.6457922
KIR,2010,11.46898831,1522.101102,107.8617216
KIR,2011,11.32194117,1771.128945,107.36714
KIR,2012,11.32261412,1843.553469,106.9534761
KIR,2013,11.32026841,1772.087069,106.570993
KIR,2014,10.99722879,1736.705301,106.1699144
KIR,2015,10.62014423,1639.852743,105.6992996
KIR,2016,11.10670562,1742.668124,104.8880337
KIR,2017,10.97003858,1853.05113,103.7702806
KIR,2018,11.33669959,1912.737981,102.7464962
KIR,2019,11.54812068,1750.997509,102.2340858
KIR,2020,11.25682725,1769.432118,103.0671864
KOR,1990,25.98121022,6609.997283,92.01854549
KOR,1991,25.83403313,7636.948064,94.79222185
KOR,1992,25.70271058,8126.662062,98.09057598
KOR,1993,25.59142131,8884.919464,101.8126974
KOR,1994,25.50434404,10385.39046,105.852414
KOR,1995,25.44565751,12564.72437,110.1122375
KOR,1996,25.42758585,13402.9946,114.9289744
KOR,1997,25.44285366,12398.49045,120.5495573
KOR,1998,25.4663904,8281.719483,126.727962
KOR,1999,25.47312552,10672.44756,133.2360746
KOR,2000,25.43798849,12257.02066,139.8283693
KOR,2001,25.34457248,11561.20717,147.3356657
KOR,2002,25.19651308,13165.08362,156.0103787
KOR,2003,24.99880342,14672.80575,164.7587743
KOR,2004,24.75643662,16496.13162,172.5053165
KOR,2005,24.47440579,19402.50263,178.1604954
KOR,2006,23.98378064,21743.47745,182.3700872
KOR,2007,23.25544772,24086.41044,186.3241784
KOR,2008,22.50412546,21350.42798,189.7672077
KOR,2009,21.9445323,19143.85161,192.4834377
KOR,2010,21.79138667,23079.26013,194.2339781
KOR,2011,24.88304504,25097.59543,195.2811466
KOR,2012,25.57679161,25459.1689,195.9765847
KOR,2013,27.49296584,27179.51701,196.2627859
KOR,2014,28.37600754,29252.93124,196.0751013
KOR,2015,26.28996201,28737.43917,195.3333027
KOR,2016,26.67043441,29280.44032,191.7539393
KOR,2017,26.00436711,31600.73587,185.0489236
KOR,2018,25.93439201,33447.15628,178.2063598
KOR,2019,26.01536343,31902.4169,174.1863379
KOR,2020,25.94398995,31721.29891,173.3889209
KWT,1990,54.80304004,10937.54153,25.26692587
KWT,1991,52.21513327,8147.108073,25.19048929
KWT,1992,50.37869322,12146.19506,25.19811655
KWT,1993,49.19239732,14317.72094,25.32181388
KWT,1994,48.554923,14929.74411,25.44056358
KWT,1995,48.36494769,16168.1656,25.61427585
KWT,1996,49.25593735,18201.09586,26.06820769
KWT,1997,51.46445558,16977.38956,26.82893311
KWT,1998,54.29382626,14066.95096,27.6669322
KWT,1999,57.04737326,15853.62644,28.36250721
KWT,2000,59.02842044,19296.34717,28.69401584
KWT,2001,60.42273055,17374.23187,28.68710836
KWT,2002,61.77713529,18512.7523,28.57477006
KWT,2003,62.93656198,22690.65518,28.4103365
KWT,2004,63.74593795,27552.28274,28.22858677
KWT,2005,64.05019054,36122.61427,28.07229095
KWT,2006,63.76965572,42946.63741,27.91314697
KWT,2007,63.10068807,45709.41329,27.71244547
KWT,2008,62.30224281,55585.18893,27.49132125
KWT,2009,61.63327516,37907.10013,27.29002573
KWT,2010,61.35274034,39212.27267,27.12901281
KWT,2011,65.11153441,49169.6064,27.00051737
KWT,2012,65.13855841,52155.22255,26.89067174
KWT,2013,66.14124619,49651.04397,26.81366083
KWT,2014,50.02893187,44368.78137,26.80806354
KWT,2015,64.54796443,29882.21269,26.8916724
KWT,2016,59.23195606,27323.68906,27.20585599
KWT,2017,58.12917197,29047.65358,27.74256673
KWT,2018,63.45835545,32067.96237,28.30311996
KWT,2019,52.7825055,31707.87375,28.68837443
KWT,2020,53.71514344,25236.07555,28.95596406
KGZ,1990,22.02014767,605.798145,75.48231251
KGZ,1991,22.16829705,569.548584,75.86877595
KGZ,1992,22.30796626,512.7667979,76.06382882
KGZ,1993,22.43910665,448.5541909,76.08942675
KGZ,1994,22.56166953,372.4818012,75.95778396
KGZ,1995,22.67560624,364.2503653,75.68424805
KGZ,1996,22.78746421,394.8569223,75.06431709
KGZ,1997,22.89414806,376.4279701,74.02293406
KGZ,1998,22.98114492,345.1370823,72.8114398
KGZ,1999,23.03394188,258.0480559,71.67115554
KGZ,2000,23.03802607,279.621767,70.83737699
KGZ,2001,22.9429163,308.4113267,70.15225574
KGZ,2002,22.75829358,321.7267754,69.35614282
KGZ,2003,22.55988825,380.5058288,68.54425402
KGZ,2004,22.42343065,433.2339157,67.80486057
KGZ,2005,22.42465112,476.5482398,67.22152253
KGZ,2006,22.63795091,543.1135125,66.79559741
KGZ,2007,23.11687791,721.771646,66.4576125
KGZ,2008,23.90588243,966.3885694,66.18126256
KGZ,2009,25.0494148,870.1988945,65.94162235
KGZ,2010,26.59192533,876.9544764,65.70631522
KGZ,2011,33.45058437,1117.401844,65.46240582
KGZ,2012,34.38170871,1168.622447,65.22043861
KGZ,2013,33.82805701,1269.663035,64.98114149
KGZ,2014,30.54846352,1264.526795,64.75465875
KGZ,2015,29.74841214,1105.65203,64.54502693
KGZ,2016,29.0193222,1103.274984,64.26579705
KGZ,2017,26.85622542,1221.390565,63.9115062
KGZ,2018,27.45181448,1283.520403,63.6083453
KGZ,2019,26.76138443,1421.999275,63.49175482
KGZ,2020,24.38172523,1229.517757,63.78487066
LAO,1990,29.69120714,200.7349055,56.87117376
LAO,1991,29.59609982,231.8062275,56.73488113
LAO,1992,29.50170184,247.3452862,56.47064349
LAO,1993,29.41204295,283.4005733,56.1030338
LAO,1994,29.33115288,320.968129,55.66038842
LAO,1995,29.26306138,357.7581622,55.16889932
LAO,1996,29.18564546,371.3418792,54.32542284
LAO,1997,29.08551031,339.0931924,52.95756188
LAO,1998,28.97977788,243.9239625,51.32207035
LAO,1999,28.88557017,272.325307,49.6756208
LAO,2000,28.82000911,318.7498522,48.27123213
LAO,2001,28.82741068,320.3160054,47.06457758
LAO,2002,28.89527399,313.3508171,45.88013812
LAO,2003,28.95549575,355.0972162,44.75209372
LAO,2004,28.93997267,409.2962983,43.71564019
LAO,2005,28.78060147,466.061507,42.8065083
LAO,2006,28.4053139,579.3919474,41.96369642
LAO,2007,27.77752698,697.3230137,41.13313316
LAO,2008,26.88236538,885.7473761,40.3594129
LAO,2009,25.70495372,935.0323728,39.68896807
LAO,2010,24.23041667,1125.916102,39.16493209
LAO,2011,20.57890117,1361.547044,38.75566858
LAO,2012,22.4365697,1563.565077,38.40613869
LAO,2013,24.24236261,1812.517744,38.1211004
LAO,2014,21.39289979,1981.039109,37.90529275
LAO,2015,20.16709886,2121.013391,37.76350143
LAO,2016,22.46378728,2303.22156,37.67865566
LAO,2017,19.15159822,2432.430595,37.6401435
LAO,2018,20.984069,2545.107542,37.65593386
LAO,2019,22.42896038,2589.32081,37.73415703
LAO,2020,22.31766705,2583.777307,38.13602032
LVA,1995,25.86027798,2256.773604,159.6542797
LVA,1996,25.31579971,2360.171482,158.8570184
LVA,1997,24.67169786,2609.893087,157.7022211
LVA,1998,23.96351493,2893.799987,156.2232069
LVA,1999,23.22679341,3063.897946,154.4487502
LVA,2000,22.4970758,3278.178964,152.452172
LVA,2001,21.60679184,3504.618295,148.9830466
LVA,2002,20.50803412,4003.609358,143.4943999
LVA,2003,19.41583942,4914.579928,137.136746
LVA,2004,18.5452445,6109.732652,131.0357494
LVA,2005,18.11128612,7283.787381,126.3282061
LVA,2006,18.00870869,9211.737447,122.8280114
LVA,2007,17.96040778,13370.97895,119.6053608
LVA,2008,17.92364695,15677.60809,116.6768181
LVA,2009,17.85568975,11996.03227,114.0569523
LVA,2010,17.71379972,11188.41917,111.7621725
LVA,2011,15.52558965,12902.57405,109.4886405
LVA,2012,14.98250474,13329.34999,107.1157702
LVA,2013,15.40936951,14484.47153,104.8824456
LVA,2014,16.09931701,15185.81458,103.0368981
LVA,2015,13.65540005,13321.97531,101.84332
LVA,2016,12.60307298,13838.52668,101.1930242
LVA,2017,11.66799731,15132.49583,100.774354
LVA,2018,14.20760397,17252.17104,100.530667
LVA,2019,12.48658332,17294.97516,100.4107272
LVA,2020,11.6020322,17564.23215,100.3557282
LBN,1990,16.4011832,789.5263385,34.42994025
LBN,1991,17.04126097,1278.421257,34.37953672
LBN,1992,17.60509767,1559.381006,34.3130693
LBN,1993,18.05483448,2078.638642,34.24024095
LBN,1994,18.35261256,2467.769427,34.17091619
LBN,1995,18.46057307,2958.74264,34.10978635
LBN,1996,18.4111216,3393.050907,34.0387973
LBN,1997,18.29259542,3834.059079,33.94078028
LBN,1998,18.15103325,4124.855279,33.82762646
LBN,1999,18.03247382,4086.938728,33.7123631
LBN,2000,17.98295583,3986.835139,33.60474737
LBN,2001,18.01627136,4009.559298,33.4896761
LBN,2002,18.10862327,4290.852838,33.36451417
LBN,2003,18.24966652,4437.715885,33.25483009
LBN,2004,18.42905604,4600.683714,33.18012002
LBN,2005,18.63644677,4602.198046,33.16608625
LBN,2006,19.12891925,4635.251412,33.24656401
LBN,2007,19.9880976,5125.2581,33.4101516
LBN,2008,20.94045219,5912.045328,33.63158243
LBN,2009,21.71245335,7090.854939,33.88647878
LBN,2010,22.03057144,7625.810516,34.14204487
LBN,2011,19.34509354,7834.962571,34.40860898
LBN,2012,18.78419579,8406.984056,34.69119571
LBN,2013,20.25074642,8162.379294,34.92246161
LBN,2014,20.36311985,7577.64133,35.09579548
LBN,2015,20.68614677,7714.11,35.28435094
LBN,2016,19.36023611,8089.012088,35.59265275
LBN,2017,18.89146139,8608.21085,35.99144233
LBN,2018,19.98088996,9174.536662,36.37905334
LBN,2019,20.59700906,8905.880055,36.69541581
LBN,2020,19.23101729,5561.19167,37.07191132
LSO,1990,26.36942322,329.5637852,56.76994658
LSO,1991,26.38921925,382.2912477,56.7511057
LSO,1992,26.38781299,443.6242972,56.96313646
LSO,1993,26.36992153,439.3654107,57.37392344
LSO,1994,26.34026199,455.5935862,57.94855512
LSO,1995,26.30355147,513.4134488,58.65098646
LSO,1996,26.1693734,479.6713946,59.72272958
LSO,1997,25.87544399,501.9813889,61.30570126
LSO,1998,25.46867945,464.6837455,63.21396256
LSO,1999,24.99599603,455.6500544,65.25826811
LSO,2000,24.50430994,442.7795458,67.24578379
LSO,2001,23.78698343,412.6774737,69.39828373
LSO,2002,22.77861368,388.9233499,71.91856662
LSO,2003,21.73796933,583.2700362,74.58844988
LSO,2004,20.92381905,766.6858209,77.18521113
LSO,2005,20.59493148,861.3814964,79.47734541
LSO,2006,21.07397801,925.4674855,81.6431886
LSO,2007,22.26179388,861.1884209,83.90707307
LSO,2008,23.78439353,898.4825179,86.1030065
LSO,2009,25.26779138,878.8479505,88.06893721
LSO,2010,26.33800187,1119.475578,89.64589631
LSO,2011,26.94817199,1280.733909,90.96170178
LSO,2012,26.52415764,1217.930712,92.23345369
LSO,2013,25.24284933,1151.037358,93.42370674
LSO,2014,26.80115603,1173.537793,94.49245324
LSO,2015,25.89110637,1121.198513,95.40454397
LSO,2016,25.37340802,992.4918407,96.25109845
LSO,2017,22.43470122,1069.366732,97.11025486
LSO,2018,23.02400268,1170.655697,97.92400435
LSO,2019,21.18105939,1082.057068,98.64292298
LSO,2020,23.43910132,918.5825774,99.86427937
LBR,1990,39.46157826,172.8676101,28.84928972
LBR,1991,36.63763583,177.8670066,29.0250853
LBR,1992,34.46839953,107.8428014,29.0658406
LBR,1993,32.93826487,74.42720286,29.06022961
LBR,1994,32.03162736,61.49043131,29.1163314
LBR,1995,31.73288253,62.14381406,29.19883692
LBR,1996,32.49690708,71.40652487,29.32694069
LBR,1997,34.36011151,122.6279937,29.53359522
LBR,1998,36.67919192,134.6753934,29.75770153
LBR,1999,38.81084445,156.5731669,29.97050193
LBR,2000,40.11176521,298.4853406,30.14730409
LBR,2001,40.76534994,300.4638286,30.29819277
LBR,2002,41.35321456,299.5364455,30.47979928
LBR,2003,41.82938544,239.7795567,30.67307862
LBR,2004,42.14788898,284.140224,30.85325215
LBR,2005,42.26275158,287.4873334,31.00046574
LBR,2006,41.36577209,320.5580862,31.14264435
LBR,2007,39.23012175,374.2113081,31.32884432
LBR,2008,36.68188543,451.7138563,31.51287756
LBR,2009,34.54714805,448.386367,31.67405188
LBR,2010,33.6519945,492.252808,31.78464468
LBR,2011,43.09113061,568.0878655,31.82899308
LBR,2012,40.95086225,638.3687515,31.85355334
LBR,2013,33.83676235,710.7445709,31.86503359
LBR,2014,34.34611358,706.7144901,31.89130412
LBR,2015,51.11808732,692.5900824,31.94157728
LBR,2016,48.30142678,714.6130631,32.06143678
LBR,2017,41.50682371,699.2690957,32.26268478
LBR,2018,42.0381018,692.2031271,32.49297941
LBR,2019,37.15912536,658.1641808,32.71237666
LBR,2020,42.36165903,616.787867,33.11683227
LBY,1990,32.81504928,6502.278866,33.45488065
LBY,1991,33.77157843,7039.83392,33.93099434
LBY,1992,34.63959485,7302.689087,34.31443285
LBY,1993,35.35277733,6477.870358,34.60386471
LBY,1994,35.84480466,5933.291214,34.798402
LBY,1995,36.04935563,5205.257064,34.89132871
LBY,1996,36.05874136,5591.020275,34.71199257
LBY,1997,36.02771132,6061.81366,34.23139089
LBY,1998,35.98360186,5301.083548,33.64700134
LBY,1999,35.95374936,6894.518755,33.15854657
LBY,2000,35.96549017,7214.100404,32.96101257
LBY,2001,36.44872242,6312.800305,33.11020974
LBY,2002,37.62707294,3718.294347,33.46446352
LBY,2003,39.21847106,4674.099432,33.92883849
LBY,2004,40.94084614,5773.763332,34.40855435
LBY,2005,42.51212754,8079.249573,34.80992568
LBY,2006,44.19915562,10048.84804,35.15293411
LBY,2007,46.19497899,11144.94484,35.51372504
LBY,2008,48.10683932,13906.14078,35.8755692
LBY,2009,49.54197828,9551.054039,36.22418066
LBY,2010,50.10763757,11600.90686,36.5471406
LBY,2011,36.57342759,7593.839153,36.9352
LBY,2012,33.03925847,14975.89028,37.42152493
LBY,2013,41.82876213,11951.71341,37.91191727
LBY,2014,36.29436523,8926.420746,38.32097605
LBY,2015,36.08680012,7458.489178,38.56135504
LBY,2016,38.1668033,7525.802993,38.62856981
LBY,2017,33.68592205,9965.832367,38.61979989
LBY,2018,41.42097409,11196.58548,38.59834167
LBY,2019,36.48447322,9963.194891,38.63063778
LBY,2020,32.9707065,6650.338106,38.86896612
LTU,1995,21.10937996,2182.691569,202.3247662
LTU,1996,20.6411819,2340.67546,206.6420619
LTU,1997,20.06129759,2844.162868,212.8787102
LTU,1998,19.41287565,3180.644986,219.3906662
LTU,1999,18.73906472,3127.511767,224.5255945
LTU,2000,18.08301344,3300.636349,226.6438366
LTU,2001,17.32761908,3532.527874,225.3003967
LTU,2002,16.42954352,4148.130915,221.8017944
LTU,2003,15.54258233,5507.474342,217.1266667
LTU,2004,14.82053108,6734.574871,212.2559028
LTU,2005,14.41718532,7857.031488,208.1671361
LTU,2006,14.27657153,9210.101182,204.7263374
LTU,2007,14.20387141,12295.12128,201.1995848
LTU,2008,14.14461345,14955.53455,197.6470543
LTU,2009,14.04432614,11854.37111,194.1597267
LTU,2010,13.84853794,11829.12261,190.8094706
LTU,2011,12.31945198,14261.84338,186.7057732
LTU,2012,12.37312479,14294.71786,181.5056449
LTU,2013,12.41317146,15655.35133,176.1144611
LTU,2014,12.75774047,16473.56782,171.4413293
LTU,2015,11.30285782,14300.25537,168.3827304
LTU,2016,10.23294181,14981.62081,166.4940809
LTU,2017,9.799936427,16884.71003,164.843437
LTU,2018,11.08385728,19368.5391,163.6167172
LTU,2019,10.24650237,19727.76075,162.9638798
LTU,2020,9.218938604,20541.82499,163.5290482
LUX,1990,17.42413558,33465.47821,110.6342898
LUX,1991,17.26267643,35747.3378,110.6828512
LUX,1992,17.06279171,39570.86157,110.4833602
LUX,1993,16.83002075,40066.72425,110.0723637
LUX,1994,16.56990285,43933.23544,109.4889739
LUX,1995,16.28797733,51032.34964,108.7512038
LUX,1996,15.9172701,50444.35912,107.6646035
LUX,1997,15.44372964,46641.64088,106.0953812
LUX,1998,14.9522792,47445.38108,104.2112741
LUX,1999,14.527842,50872.44927,102.2077843
LUX,2000,14.25534124,48659.59888,100.2698155
LUX,2001,14.09142561,48440.14202,98.07436353
LUX,2002,13.93644826,53005.73392,95.37413445
LUX,2003,13.79088916,65689.32145,92.47790185
LUX,2004,13.65522829,76544.91709,89.74196379
LUX,2005,13.52994563,80988.13762,87.51685376
LUX,2006,13.42672957,90788.80049,85.60276992
LUX,2007,13.34366684,107475.3203,83.6635986
LUX,2008,13.26083484,120422.1379,81.8104163
LUX,2009,13.15831101,109419.747,80.16142935
LUX,2010,13.01617275,110885.9914,78.86304055
LUX,2011,12.72798641,119025.0572,77.75669726
LUX,2012,11.37645887,112584.6763,76.63609282
LUX,2013,11.70814779,120000.1407,75.60800668
LUX,2014,9.997828706,123678.7021,74.74778824
LUX,2015,10.39153032,105462.0126,74.14267971
LUX,2016,9.613185387,106899.2935,74.01826086
LUX,2017,9.608466546,110193.2138,74.33555133
LUX,2018,9.291788266,116786.5117,74.74192725
LUX,2019,8.459104619,112726.4397,74.86845028
LUX,2020,8.674761895,116905.3704,74.52803478
MDG,1990,10.70600835,326.0992532,32.36677895
MDG,1991,10.58430707,262.0244024,32.29272696
MDG,1992,10.51042704,290.2120464,32.18915939
MDG,1993,10.47245716,307.8876031,32.06204957
MDG,1994,10.45848633,258.7238064,31.91727806
MDG,1995,10.45660345,273.1496539,31.75954429
MDG,1996,10.5780517,339.8772837,31.49911101
MDG,1997,10.87907669,284.371844,31.10298363
MDG,1998,11.26527092,284.1929231,30.66032752
MDG,1999,11.64222689,267.360531,30.26231612
MDG,2000,11.91553713,280.2829056,29.99579743
MDG,2001,12.07878242,319.2832782,29.83973805
MDG,2002,12.2058972,304.9417774,29.70922114
MDG,2003,12.32300448,352.6200958,29.59138106
MDG,2004,12.45622727,272.2007486,29.47314139
MDG,2005,12.63168856,305.8120749,29.34136064
MDG,2006,12.85101204,324.1468749,29.16121528
MDG,2007,13.11900191,419.5480014,28.93206544
MDG,2008,13.46655191,512.5798001,28.69055653
MDG,2009,13.92455578,446.3152384,28.47403646
MDG,2010,14.52390726,450.0093916,28.31928805
MDG,2011,16.01701781,506.1636916,28.19805886
MDG,2012,14.70097017,493.5111629,28.07074547
MDG,2013,15.50495195,515.3015894,27.95471395
MDG,2014,15.00220058,505.6849225,27.867431
MDG,2015,16.07771766,445.3200695,27.82557088
MDG,2016,16.13873646,453.9707145,27.86591539
MDG,2017,12.55149979,491.8668487,27.98581249
MDG,2018,12.72380957,500.4571855,28.14168927
MDG,2019,12.79453865,499.8188376,28.29026042
MDG,2020,12.75351995,450.7716152,28.71582722
MWI,1990,21.71966898,286.730599,31.58975243
MWI,1991,20.99928347,325.7527311,31.73169415
MWI,1992,20.49321505,258.3934309,31.85330634
MWI,1993,20.17030951,293.0168831,31.95431618
MWI,1994,19.99941262,169.1965269,32.03148161
MWI,1995,19.94937014,200.36237,32.08294041
MWI,1996,20.26573196,320.6627356,32.11240821
MWI,1997,21.02124534,366.9544613,32.1143134
MWI,1998,21.92555221,236.0454795,32.07921884
MWI,1999,22.6882945,233.9359862,32.00161633
MWI,2000,23.01911411,224.2241592,31.87326433
MWI,2001,23.00779054,215.4745249,31.70283291
MWI,2002,22.95545599,428.2104398,31.50472122
MWI,2003,22.88878138,383.3485969,31.27866762
MWI,2004,22.83443767,404.6742484,31.02468629
MWI,2005,22.81909578,414.361122,30.74220333
MWI,2006,22.88596892,440.822149,30.4080798
MWI,2007,23.06525061,475.1802617,30.0281913
MWI,2008,23.3640823,554.0488204,29.64560622
MWI,2009,23.78960542,625.8697299,29.30531432
MWI,2010,24.34896144,683.1246947,29.0491199
MWI,2011,26.3935445,763.0610004,28.83249775
MWI,2012,26.4999841,558.4620883,28.60387517
MWI,2013,25.35241226,496.9473683,28.39379276
MWI,2014,25.99733984,529.513344,28.2335481
MWI,2015,25.0076393,539.6053632,28.15322713
MWI,2016,24.96046106,450.5061055,28.20600777
MWI,2017,21.29094594,495.7696834,28.37832447
MWI,2018,21.19738471,533.2031737,28.59948801
MWI,2019,22.33702298,580.8898161,28.79967489
MWI,2020,23.69831944,602.5074782,29.30333034
MYS,1990,31.52800144,2468.690803,34.34908296
MYS,1991,29.9538012,2679.201011,34.2615276
MYS,1992,28.5079371,3141.43322,34.1377594
MYS,1993,27.24437742,3461.995042,33.98333482
MYS,1994,26.21709042,3757.652929,33.80645083
MYS,1995,25.48004434,4363.144583,33.61597496
MYS,1996,24.94551458,4837.168973,33.35039087
MYS,1997,24.48652355,4678.563901,32.97785404
MYS,1998,24.09816002,3294.309784,32.56759126
MYS,1999,23.77551278,3527.815814,32.18711403
MYS,2000,23.51367062,4083.528745,31.90392542
MYS,2001,23.33079248,3943.799439,31.66754156
MYS,2002,23.21297526,4184.031638,31.41724957
MYS,2003,23.10721468,4465.321946,31.17439317
MYS,2004,22.96050646,4939.248519,30.96164158
MYS,2005,22.71984634,5555.5818,30.8019479
MYS,2006,22.14597455,6158.407855,30.67156259
MYS,2007,21.15849556,7168.930319,30.54774021
MYS,2008,19.9427015,8371.821561,30.44470227
MYS,2009,18.68388446,7191.432872,30.37817171
MYS,2010,17.56733656,8899.345055,30.36500688
MYS,2011,16.55437274,10217.10686,30.39421235
MYS,2012,17.91013822,10600.57442,30.44765054
MYS,2013,18.79541989,10713.64076,30.52297398
MYS,2014,17.10525023,11013.31073,30.62147362
MYS,2015,16.92973309,9648.679794,30.74608481
MYS,2016,16.38644193,9476.534098,31.07162027
MYS,2017,14.94500758,9862.548066,31.64674078
MYS,2018,16.65417533,10901.802,32.2698945
MYS,2019,17.81975108,10920.19176,32.74151166
MYS,2020,16.19385322,9957.526267,33.07459239
MDV,1990,22.0908747,956.7630198,35.88781485
MDV,1991,22.0829101,1054.334138,36.00698618
MDV,1992,21.97215713,1194.232524,36.00151372
MDV,1993,21.77907669,1316.614549,35.87613103
MDV,1994,21.5241297,1419.392765,35.64054705
MDV,1995,21.22777705,1554.609428,35.30201916
MDV,1996,20.61780668,1716.742818,34.71941311
MDV,1997,19.593279,1898.43225,33.84323507
MDV,1998,18.4315636,1980.384484,32.8311433
MDV,1999,17.41003006,2124.060075,31.84033199
MDV,2000,16.80604798,2213.812351,31.02361097
MDV,2001,16.56951346,3033.932345,30.35802559
MDV,2002,16.42794891,3076.070072,29.72284807
MDV,2003,16.32516338,3548.576701,29.13264864
MDV,2004,16.20496593,4070.260946,28.60200362
MDV,2005,16.01116561,3796.515465,28.14627811
MDV,2006,15.71448915,5018.943354,27.70315955
MDV,2007,15.31800152,5758.102869,27.24337748
MDV,2008,14.8140192,6757.432809,26.81212255
MDV,2009,14.19485865,6734.031656,26.45524729
MDV,2010,13.45283633,7173.596018,26.21895817
MDV,2011,12.07395543,7424.520411,26.04511042
MDV,2012,12.9660176,7461.297037,25.86952326
MDV,2013,13.24011392,8236.081779,25.72472876
MDV,2014,11.72584273,8939.074166,25.64555556
MDV,2015,10.80856143,9644.90655,25.668449
MDV,2016,12.37548719,9947.807447,25.99034502
MDV,2017,11.33337061,10509.62881,26.61054735
MDV,2018,12.50346193,11423.28384,27.28342687
MDV,2019,12.31398191,11740.2724,27.7731708
MDV,2020,12.01239117,7393.888654,28.11481931
MLI,1990,65.83840792,292.1845321,29.33395252
MLI,1991,63.56128903,290.949914,29.37384078
MLI,1992,61.75613189,296.2957582,29.39250067
MLI,1993,60.44250558,288.9126512,29.39692456
MLI,1994,59.63997915,208.8732841,29.3870129
MLI,1995,59.36812166,265.7170516,29.3580073
MLI,1996,59.9560841,267.1613124,29.28927373
MLI,1997,61.35820532,253.3327469,29.18021763
MLI,1998,63.03183621,267.442574,29.04796449
MLI,1999,64.43432762,306.4574267,28.89513331
MLI,2000,65.02303043,256.199555,28.7288613
MLI,2001,64.81054745,291.1594979,28.51191211
MLI,2002,64.30251894,318.042432,28.23041808
MLI,2003,63.69585198,371.6270164,27.9236972
MLI,2004,63.18745363,416.2783444,27.62911577
MLI,2005,62.97423097,461.4579203,27.38428043
MLI,2006,63.46752476,493.6287065,27.18081204
MLI,2007,64.64385517,564.1579583,26.99593202
MLI,2008,66.04789836,658.4931833,26.83992808
MLI,2009,67.2243305,662.8833881,26.72276733
MLI,2010,67.71782775,670.369099,26.65470149
MLI,2011,62.45093735,789.0627255,26.63135914
MLI,2012,69.89371112,733.7389353,26.6407252
MLI,2013,51.33683035,758.4755326,26.67766761
MLI,2014,56.47858194,797.1545108,26.73530703
MLI,2015,74.14799084,704.8216464,26.80903393
MLI,2016,66.18723029,730.8549382,26.923761
MLI,2017,66.77434433,775.5364921,27.08908128
MLI,2018,63.6849309,835.0867106,27.27848855
MLI,2019,57.39043743,820.1973908,27.46557296
MLI,2020,56.78304892,804.3439567,27.83607483
MLT,1990,18.05880155,7192.394102,37.16392639
MLT,1991,18.15599839,7558.754389,37.10119925
MLT,1992,18.22352115,8220.339253,37.08725291
MLT,1993,18.26453009,7296.354359,37.11385636
MLT,1994,18.28218547,8000.342436,37.18781084
MLT,1995,18.27964756,9828.23236,37.30226742
MLT,1996,18.21615362,10061.69524,37.51819828
MLT,1997,18.07354407,9893.309297,37.87496952
MLT,1998,17.88888385,10408.06199,38.2862506
MLT,1999,17.6992379,10609.19472,38.67768568
MLT,2000,17.54167116,10348.48655,38.97182947
MLT,2001,17.37394016,10357.70404,39.27351581
MLT,2002,17.16076904,11251.20609,39.68837725
MLT,2003,16.94967416,13593.9742,40.11587695
MLT,2004,16.78817189,15212.12674,40.44441575
MLT,2005,16.72377861,15831.34405,40.57369625
MLT,2006,16.75907692,16653.60718,40.49103673
MLT,2007,16.84324982,19444.1875,40.29049677
MLT,2008,16.94371426,22315.31986,40.05094485
MLT,2009,17.02788716,21176.31124,39.82806697
MLT,2010,17.06318547,21946.60697,39.70030561
MLT,2011,16.10270759,23516.96912,39.6516154
MLT,2012,14.1063558,22878.31309,39.61838284
MLT,2013,13.3766873,25346.52365,39.60901768
MLT,2014,13.48048643,27356.60803,39.60841147
MLT,2015,13.68147309,25481.89776,39.62373125
MLT,2016,12.53256336,26409.62859,39.72191072
MLT,2017,12.90260227,30259.39526,39.8906213
MLT,2018,13.11329596,33332.19056,40.04521452
MLT,2019,12.59091753,32412.26978,40.09874606
MLT,2020,11.72266488,31796.82134,39.91953082
MHL,1990,11.23847143,1758.40821,107.421816
MHL,1991,11.05386686,1810.634656,108.7845697
MHL,1992,10.9309091,1963.072346,110.0055204
MHL,1993,10.85990068,2112.012401,111.0637129
MHL,1994,10.83114415,2265.069584,111.9381656
MHL,1995,10.83494205,2490.987445,112.5998048
MHL,1996,10.95402563,2272.844695,112.940734
MHL,1997,11.21540063,2230.753771,112.959412
MHL,1998,11.52578139,2254.160549,112.8046147
MHL,1999,11.79188224,2257.920003,112.6285755
MHL,2000,11.92041749,2264.791149,112.5737425
MHL,2001,11.9175548,2394.345011,112.657856
MHL,2002,11.86431179,2566.067088,112.7588041
MHL,2003,11.77967779,2539.330738,112.8508529
MHL,2004,11.68264213,2566.08291,112.9096935
MHL,2005,11.59219411,2658.652179,112.9080119
MHL,2006,11.50738025,2754.269888,112.7742287
MHL,2007,11.41376799,2892.28404,112.4940596
MHL,2008,11.31012809,2817.605228,112.1416061
MHL,2009,11.19523127,2906.63027,111.7917134
MHL,2010,11.0678483,3095.45769,111.5154284
MHL,2011,10.89049254,3319.398154,111.3149102
MHL,2012,10.78379854,3514.265155,111.1141384
MHL,2013,10.7702518,3677.906908,110.8745535
MHL,2014,10.54062824,3735.239778,110.5579336
MHL,2015,10.27291372,3764.344262,110.1258783
MHL,2016,10.34455531,4229.809889,109.1482609
MHL,2017,10.38342887,4592.834576,107.6363193
MHL,2018,10.54290754,4858.120791,106.2137336
MHL,2019,10.80311032,5292.339855,105.5054703
MHL,2020,10.72561945,5661.967873,106.2439816
MRT,1990,78.5620222,772.0330921,26.09531268
MRT,1991,79.36814339,1061.677043,26.19250512
MRT,1992,80.15390651,1036.474378,26.25282613
MRT,1993,80.8979443,849.6203017,26.27305255
MRT,1994,81.5788895,864.5994784,26.26858825
MRT,1995,82.17537486,904.7191701,26.23318738
MRT,1996,82.83006104,904.1208798,26.12245098
MRT,1997,83.59986316,859.2839582,25.92032266
MRT,1998,84.33479569,821.2663786,25.66121452
MRT,1999,84.88487311,781.3370336,25.40365773
MRT,2000,85.10010987,680.9110619,25.17524596
MRT,2001,83.78080529,651.8178402,24.94749981
MRT,2002,80.63293279,648.8796439,24.68554334
MRT,2003,76.865018,732.0178208,24.41623104
MRT,2004,73.68558655,823.5544571,24.18925621
MRT,2005,72.30316407,998.9658342,24.02681351
MRT,2006,72.30627695,1300.60368,23.90639188
MRT,2007,72.43458083,1405.150162,23.79197739
MRT,2008,72.6232952,1635.563062,23.69399702
MRT,2009,72.80763956,1435.430108,23.62863185
MRT,2010,72.9228334,1659.963697,23.60514553
MRT,2011,72.98831295,1931.199755,23.61675812
MRT,2012,83.03609208,1859.117332,23.65093025
MRT,2013,64.50656978,1934.241031,23.70797785
MRT,2014,64.15164703,1713.008653,23.7891418
MRT,2015,83.02763439,1554.948979,23.8952689
MRT,2016,76.54806529,1565.765757,24.1234056
MRT,2017,79.97441808,1615.004013,24.50336786
MRT,2018,75.83447869,1722.935289,24.9337514
MRT,2019,72.1994109,1767.072711,25.31566271
MRT,2020,70.82244421,1795.764596,25.79161705
MUS,1990,8.73603502,2539.928465,91.37765608
MUS,1991,8.823964965,2705.266482,92.30267573
MUS,1992,8.906561409,3013.237063,92.99329292
MUS,1993,8.981945249,3013.833138,93.45048749
MUS,1994,9.048237382,3240.386247,93.68769593
MUS,1995,9.103558706,3648.016496,93.71593792
MUS,1996,9.144503752,3951.944946,93.17608648
MUS,1997,9.175615866,3695.736688,91.89850577
MUS,1998,9.206939164,3641.621426,90.18395147
MUS,1999,9.24851776,3745.696251,88.34363301
MUS,2000,9.310395771,3981.983432,86.68449697
MUS,2001,9.560666606,3908.556949,84.93152129
MUS,2002,10.04846135,4073.060531,82.77277885
MUS,2003,10.60538062,4858.265755,80.45642592
MUS,2004,11.06302506,5460.608002,78.23154466
MUS,2005,11.25299529,5354.029743,76.34808329
MUS,2006,11.07757337,5695.975255,74.54136078
MUS,2007,10.65242542,6574.663576,72.55110171
MUS,2008,10.12922816,8030.052281,70.63332578
MUS,2009,9.65965831,7318.12641,69.04486462
MUS,2010,9.395392576,8000.376432,68.04274295
MUS,2011,9.327235695,9197.042991,67.51923516
MUS,2012,9.102718198,9291.236276,67.18735133
MUS,2013,9.578834143,9764.644131,67.03293261
MUS,2014,9.446592175,10366.35508,67.04195153
MUS,2015,9.130273744,9507.871337,67.20089487
MUS,2016,8.988295409,9965.725311,67.57889882
MUS,2017,8.995949851,10841.68478,68.14369768
MUS,2018,9.64568181,11643.4606,68.73017228
MUS,2019,9.276666907,11403.25279,69.17274308
MUS,2020,9.152968806,9011.042884,69.72631006
MEX,1990,32.29922147,3154.469203,14.96358896
MEX,1991,32.15655973,3708.842055,14.99165419
MEX,1992,32.01379393,4220.566437,15.06326076
MEX,1993,31.86939732,6048.348408,15.17442969
MEX,1994,31.72184318,6202.365884,15.32112828
MEX,1995,31.56960474,4183.878477,15.49939339
MEX,1996,31.46993391,4674.367927,15.82187143
MEX,1997,31.42816794,5567.355995,16.32801002
MEX,1998,31.36490805,5832.69342,16.90456918
MEX,1999,31.2007555,6499.97183,17.43823076
MEX,2000,30.85631154,7524.027137,17.81557098
MEX,2001,29.94440989,7952.764796,18.04599754
MEX,2002,28.37541339,7983.033985,18.22768501
MEX,2003,26.51621702,7434.074649,18.37997625
MEX,2004,24.73371572,7849.667596,18.52185503
MEX,2005,23.39480446,8671.758919,18.6716632
MEX,2006,22.36966305,9512.635753,18.86862691
MEX,2007,21.36375483,10134.33271,19.12343879
MEX,2008,20.49690008,10523.76854,19.41025758
MEX,2009,19.88891904,8423.569332,19.70329965
MEX,2010,19.65963197,9728.800784,19.97680522
MEX,2011,22.47363362,10664.4944,20.26572194
MEX,2012,20.1560213,10744.13352,20.60916411
MEX,2013,20.87393174,11216.80085,20.98758066
MEX,2014,19.66785024,11391.37735,21.38133376
MEX,2015,19.48648534,10021.23861,21.77047274
MEX,2016,18.84491824,9097.923977,22.38705864
MEX,2017,18.30022855,9649.278168,23.27007076
MEX,2018,16.65218627,10084.79376,24.10943727
MEX,2019,14.7051078,10369.55536,24.5937684
MEX,2020,14.99234402,8841.27075,24.74020988
FSM,1990,12.43750547,1459.043692,111.9221694
FSM,1991,12.32080234,1617.455282,113.7376692
FSM,1992,12.24651964,1699.330191,115.2153043
FSM,1993,12.2072815,1853.062597,116.3155163
FSM,1994,12.19571206,1856.520743,117.0005922
FSM,1995,12.20443545,2010.117935,117.2371853
FSM,1996,12.31482687,1973.938217,116.8768938
FSM,1997,12.55484641,1860.308271,115.9885129
FSM,1998,12.83699549,1965.155283,114.8700022
FSM,1999,13.07377552,1971.172099,113.8193624
FSM,2000,13.17768793,2081.966013,113.1378821
FSM,2001,13.1352254,2144.537,112.7826026
FSM,2002,13.01651081,2156.705322,112.501905
FSM,2003,12.85949085,2185.80309,112.2818029
FSM,2004,12.70211223,2146.401608,112.1086251
FSM,2005,12.58232164,2246.453703,111.9711974
FSM,2006,12.49616846,2289.751556,111.8595882
FSM,2007,12.41143267,2336.978522,111.7799893
FSM,2008,12.32365691,2415.59356,111.7453005
FSM,2009,12.22838379,2596.261474,111.7675788
FSM,2010,12.12115593,2761.243258,111.8587547
FSM,2011,11.9522661,2890.50493,112.1696514
FSM,2012,12.01310275,3033.169895,112.7137449
FSM,2013,12.22625086,2933.883334,113.2958831
FSM,2014,11.76059725,2945.41496,113.7214081
FSM,2015,12.60656117,2911.16211,113.7959064
FSM,2016,11.56496763,2979.601192,112.9167409
FSM,2017,11.44238489,3279.10779,111.168114
FSM,2018,12.0885597,3566.586904,109.3850807
FSM,2019,12.33587911,3572.659183,108.404916
FSM,2020,12.11442033,3353.88943,108.9718985
MDA,1990,34.66767811,1206.502087,91.23004749
MDA,1991,34.29935649,1037.899503,90.69807871
MDA,1992,33.87652544,778.0176674,90.16605597
MDA,1993,33.40584154,796.989285,89.65987229
MDA,1994,32.89396133,573.7986472,89.19518098
MDA,1995,32.34754138,593.593177,88.78344184
MDA,1996,31.74993542,575.1454551,88.35317767
MDA,1997,31.08498124,657.2921346,87.83880695
MDA,1998,30.36006142,578.7346276,87.25200582
MDA,1999,29.58255854,399.4998186,86.59790643
MDA,2000,28.75985518,440.538684,85.8808128
MDA,2001,27.69582869,507.4040763,84.86235641
MDA,2002,26.33698512,570.7998662,83.51310019
MDA,2003,24.90465009,682.319096,82.13293668
MDA,2004,23.62014921,897.1784947,81.01049423
MDA,2005,22.70480811,1034.391977,80.43668665
MDA,2006,22.04607134,1183.024814,80.41738582
MDA,2007,21.42512786,1531.216186,80.67396892
MDA,2008,20.90391983,2110.553054,81.04496749
MDA,2009,20.5443894,1898.439757,81.36613035
MDA,2010,20.40847874,2436.799351,81.47270085
MDA,2011,20.71069661,2941.362241,81.27797404
MDA,2012,20.38358467,3044.808432,80.87979295
MDA,2013,19.97948649,3321.043978,80.37797123
MDA,2014,18.73711634,3289.957586,79.8715572
MDA,2015,18.14789892,2749.551371,79.46090305
MDA,2016,17.05611986,2847.087948,79.09943586
MDA,2017,15.14239195,3453.267277,78.72621403
MDA,2018,17.08079376,4156.44982,78.41103158
MDA,2019,15.77281701,4405.334182,78.22321273
MDA,2020,14.7583463,4375.778893,78.48078322
MCO,1990,10.4915324,81734.8665,104.4962819
MCO,1991,10.18907442,80997.25209,104.4307856
MCO,1992,10.00767885,88614.92637,104.385845
MCO,1993,9.921492714,82685.45593,104.3287995
MCO,1994,9.904663009,86703.81305,104.2439465
MCO,1995,9.931336743,99032.23751,104.133567
MCO,1996,10.59341185,98561.01374,103.9388557
MCO,1997,12.11463816,88581.70447,103.6731466
MCO,1998,13.91694049,90947.20512,103.327614
MCO,1999,15.42224369,89698.19936,102.9239465
MCO,2000,16.05247257,81789.02065,102.5551683
MCO,2001,15.98367165,82402.78096,102.2299178
MCO,2002,15.80260804,90051.44599,101.9049855
MCO,2003,15.54729048,111110.4513,101.5778439
MCO,2004,15.25572769,125160.2281,101.2083945
MCO,2005,14.96592841,130538.7426,100.8905877
MCO,2006,14.58960226,143083.4611,100.5536932
MCO,2007,14.09170618,184558.5566,100.1276145
MCO,2008,13.59011984,204263.7971,99.74056441
MCO,2009,13.20272295,169150.2673,99.36449007
MCO,2010,13.04739516,161853.9206,99.07592508
MCO,2011,14.11977809,179363.9842,98.81373043
MCO,2012,12.61696456,165444.6514,98.41849212
MCO,2013,11.78031564,184940.6638,98.04317183
MCO,2014,10.91377284,195693.5707,97.74271661
MCO,2015,11.8411029,170437.1012,97.55843376
MCO,2016,10.47251971,173604.7536,97.47775419
MCO,2017,10.37645663,170663.3752,97.40037577
MCO,2018,10.69549157,188298.3157,97.30993358
MCO,2019,9.659078932,193746.7856,97.25004061
MCO,2020,9.581069572,176891.8865,97.06993604
MNG,1990,19.90871319,1220.171277,91.68841517
MNG,1991,19.84150768,1098.680174,91.73642098
MNG,1992,19.81809441,607.8134247,91.90769347
MNG,1993,19.83636901,354.8986131,92.18286801
MNG,1994,19.89422713,422.8643494,92.55091058
MNG,1995,19.98956441,652.6745628,92.99938992
MNG,1996,20.19862718,595.581015,93.66765154
MNG,1997,20.53704546,515.2980049,94.58480757
MNG,1998,20.91179037,483.8780661,95.5789839
MNG,1999,21.22983304,448.6603683,96.48700556
MNG,2000,21.39814461,476.0275508,97.13583314
MNG,2001,21.36892324,524.4534836,97.48377795
MNG,2002,21.21574657,570.2492132,97.66506607
MNG,2003,21.02765499,643.1680689,97.78246583
MNG,2004,20.89368886,794.154552,97.93833162
MNG,2005,20.90288857,994.9001091,98.22401842
MNG,2006,21.25740732,1329.891796,98.92363704
MNG,2007,22.11441473,1627.687877,100.0182407
MNG,2008,23.49547583,2127.426786,101.1672026
MNG,2009,25.42215561,1703.327568,102.0177932
MNG,2010,27.9160191,2625.218814,102.2165725
MNG,2011,35.8767855,3736.042015,101.8111262
MNG,2012,38.23185898,4328.890019,101.198147
MNG,2013,36.11908619,4340.143105,100.5424756
MNG,2014,32.63102145,4126.239758,99.99878169
MNG,2015,33.60181626,3838.92127,99.72687421
MNG,2016,34.39485077,3619.900264,99.7786406
MNG,2017,31.40669659,3645.967087,100.0481338
MNG,2018,30.34078904,4107.642885,100.443506
MNG,2019,31.0839272,4347.546103,100.8706823
MNG,2020,29.65478665,4001.251931,101.7147365
MNE,1997,27.68762447,1375.326681,111.5287861
MNE,1998,26.76737294,1405.816327,112.3806132
MNE,1999,26.04980157,1367.902573,113.135596
MNE,2000,25.77192927,1627.065119,113.654421
MNE,2001,25.82354806,1909.598702,114.0370944
MNE,2002,25.91629357,2106.635068,114.4375055
MNE,2003,26.01995019,2789.159065,114.791908
MNE,2004,26.10430229,3380.165121,115.0402666
MNE,2005,26.13913424,3674.617924,115.108196
MNE,2006,25.91940923,4425.678873,114.467477
MNE,2007,25.39544959,5976.394145,112.9265439
MNE,2008,24.77007841,7367.751909,110.9371861
MNE,2009,24.24611877,6727.107767,108.947668
MNE,2010,24.02639376,6688.402596,107.4051916
MNE,2011,26.80963573,7328.789431,106.1314861
MNE,2012,25.15272565,6586.399703,104.7669474
MNE,2013,23.03281976,7188.863616,103.4962435
MNE,2014,22.89337515,7387.872969,102.5013257
MNE,2015,22.52261353,6517.192675,101.968468
MNE,2016,20.78183612,7033.439624,101.8999651
MNE,2017,21.18858349,7803.358245,102.0758298
MNE,2018,22.0010575,8850.374925,102.3562918
MNE,2019,18.32319576,8909.653876,102.6036252
MNE,2020,17.98241006,7677.371321,102.7980874
MAR,1990,20.51348992,1229.071045,46.03395549
MAR,1991,20.58957291,1292.233765,46.69999712
MAR,1992,20.78790116,1327.029541,47.35315969
MAR,1993,21.08028631,1226.430542,47.98158489
MAR,1994,21.43854002,1358.794434,48.57674415
MAR,1995,21.83447396,1466.788208,49.1290402
MAR,1996,22.54478394,1596.832397,49.70109397
MAR,1997,23.65674764,1426.301147,50.3192614
MAR,1998,24.8580494,1668.497559,50.90791207
MAR,1999,25.83637358,1635.656738,51.39340051
MAR,2000,26.27940453,1499.107422,51.7009497
MAR,2001,26.33670857,1506.245239,51.82770401
MAR,2002,26.37323323,1596.02063,51.83813692
MAR,2003,26.39973473,1941.872559,51.75231646
MAR,2004,26.42696929,2183.55542,51.59301739
MAR,2005,26.46569312,2242.988281,51.38249472
MAR,2006,26.5559544,2438.126465,51.06181253
MAR,2007,26.70157107,2755.585938,50.6027037
MAR,2008,26.85895401,3183.200439,50.07521916
MAR,2009,26.98451409,3119.588623,49.5492512
MAR,2010,27.03466219,3067.985352,49.09445771
MAR,2011,25.10259658,3301.98877,48.68570766
MAR,2012,23.51702778,3164.177246,48.26764101
MAR,2013,22.62626166,3379.743164,47.86371006
MAR,2014,22.57564637,3435.406982,47.49751363
MAR,2015,25.65354879,3146.247803,47.19218378
MAR,2016,24.75459437,3140.855469,46.85649694
MAR,2017,28.01615651,3296.526611,46.469405
MAR,2018,23.18562838,3501.697998,46.15821268
MAR,2019,20.92990599,3508.097656,46.05166938
MAR,2020,21.32126421,3268.030273,46.7425618
MOZ,1991,19.35704016,288.7080925,25.64662972
MOZ,1992,19.15491843,205.5852161,25.66609375
MOZ,1993,19.02848213,205.1898442,25.70465891
MOZ,1994,18.96332968,196.7631432,25.75749868
MOZ,1995,18.94505949,191.8260969,25.8222416
MOZ,1996,19.08157655,244.362651,25.91495981
MOZ,1997,19.40658147,287.5320915,26.05209761
MOZ,1998,19.79436613,320.1251217,26.23133828
MOZ,1999,20.11922244,354.4062457,26.45149756
MOZ,2000,20.25544227,327.1262398,26.71056294
MOZ,2001,20.18400714,304.7921386,27.02127545
MOZ,2002,20.01364981,313.8866617,27.38130942
MOZ,2003,19.81028909,339.4887378,27.76455767
MOZ,2004,19.63984379,400.0569732,28.14491255
MOZ,2005,19.56823271,436.7738562,28.49599326
MOZ,2006,19.67334901,457.4876478,28.84673277
MOZ,2007,19.94035879,507.8749239,29.23147251
MOZ,2008,20.29609026,592.1591112,29.63125683
MOZ,2009,20.66737163,547.6971442,30.02843643
MOZ,2010,20.98103112,496.1858394,30.40544788
MOZ,2011,21.31806106,618.1764929,30.78984944
MOZ,2012,21.48820918,685.6857482,31.20847008
MOZ,2013,21.70448685,686.5056725,31.64197234
MOZ,2014,21.61458571,697.1426804,32.07165466
MOZ,2015,21.57589505,610.5637747,32.4788785
MOZ,2016,21.06911773,441.4897348,32.92613707
MOZ,2017,18.75479866,470.9385631,33.43597964
MOZ,2018,18.82591935,517.5072603,33.92834069
MOZ,2019,19.59456447,519.0925509,34.32196873
MOZ,2020,20.08024843,462.4338765,34.80543116
MMR,1990,41.64795526,53.12254011,33.30367028
MMR,1991,41.42461303,51.24089706,33.26811306
MMR,1992,41.19654277,58.88967396,33.17504942
MMR,1993,40.96955621,76.21288948,33.0364856
MMR,1994,40.74946508,105.3915611,32.86444685
MMR,1995,40.54208112,124.1434804,32.67135738
MMR,1996,40.3016074,141.8972676,32.35165883
MMR,1997,40.01897778,108.0397703,31.84664373
MMR,1998,39.75510021,145.9508304,31.23688268
MMR,1999,39.57088261,189.4901558,30.60533888
MMR,2000,39.52723292,196.6195806,30.0304234
MMR,2001,39.74283906,141.5256607,29.49454901
MMR,2002,40.17688759,146.5983904,28.93439134
MMR,2003,40.65103441,224.2926889,28.37014444
MMR,2004,40.98693543,224.5088114,27.8223385
MMR,2005,41.00624655,252.6851931,27.31069668
MMR,2006,40.54610498,303.4950871,26.80663258
MMR,2007,39.59622415,419.3757807,26.2831763
MMR,2008,38.20712431,658.4424872,25.7642134
MMR,2009,36.42932571,758.4429358,25.27306642
MMR,2010,34.3133486,1010.534173,24.83254666
MMR,2011,29.48543984,1213.628987,24.37694371
MMR,2012,33.17922386,1202.665896,23.87956837
MMR,2013,35.16649866,1199.095616,23.42321794
MMR,2014,31.22188927,1293.000423,23.09069999
MMR,2015,29.91505392,1166.733055,22.96428053
MMR,2016,31.17038664,1229.197135,23.07999139
MMR,2017,28.1336718,1272.822418,23.34910042
MMR,2018,31.5559917,1298.213103,23.66748738
MMR,2019,32.16422796,1425.989542,23.93096392
MMR,2020,32.315034,1490.216835,24.25357266
NAM,1990,20.06516216,2037.475894,44.62094363
NAM,1991,19.81543359,2116.905525,45.33311186
NAM,1992,19.63566789,2346.86243,46.05891655
NAM,1993,19.51769912,2154.964737,46.78760482
NAM,1994,19.45336135,2355.904457,47.50815915
NAM,1995,19.43448865,2483.203534,48.20916135
NAM,1996,19.53899438,2423.398291,48.99732374
NAM,1997,19.78669586,2459.645118,49.90787356
NAM,1998,20.08228305,2235.245155,50.82162424
NAM,1999,20.33044595,2177.787334,51.61900699
NAM,2000,20.43587454,2156.675905,52.18022538
NAM,2001,20.38208584,1915.589266,52.58155965
NAM,2002,20.25058927,1772.075655,52.95017721
NAM,2003,20.09306335,2569.247393,53.23841712
NAM,2004,19.96118662,3403.154962,53.39912068
NAM,2005,19.90663762,3685.773,53.38501231
NAM,2006,19.99846529,4017.183472,53.06115419
NAM,2007,20.25608401,4379.043137,52.4434643
NAM,2008,20.65672047,4204.785554,51.71079524
NAM,2009,21.17760136,4302.913741,51.04300821
NAM,2010,21.79595338,5418.216334,50.61875885
NAM,2011,23.09481125,5834.791768,50.36743223
NAM,2012,22.55597566,5942.64681,50.1252842
NAM,2013,21.5709894,5346.621311,49.9308808
NAM,2014,21.05535936,5378.323262,49.82285548
NAM,2015,22.11922823,4774.106509,49.83954488
NAM,2016,21.06041484,4395.687762,50.41070087
NAM,2017,19.73912251,5143.960723,51.61019281
NAM,2018,19.97485466,5308.608134,52.94367711
NAM,2019,19.38784969,4731.921032,53.91873642
NAM,2020,19.99453557,3878.58983,54.6393409
NRU,1990,5.648011427,5775.553474,111.7218815
NRU,1991,5.791719994,5333.379549,113.8832951
NRU,1992,5.927721517,5102.596859,115.8173967
NRU,1993,6.053825438,4310.244333,117.4383544
NRU,1994,6.167841202,3920.53973,118.667319
NRU,1995,6.267578254,3932.091094,119.4261106
NRU,1996,6.356619222,3678.562429,119.8268122
NRU,1997,6.433482197,3661.028467,120.0535105
NRU,1998,6.488379818,2908.849865,120.148432
NRU,1999,6.511524721,2682.694867,120.1563197
NRU,2000,6.493129543,2648.601529,120.1218861
NRU,2001,6.440604129,2232.30874,120.0812819
NRU,2002,6.372059558,2084.648245,120.0177475
NRU,2003,6.29376032,2463.282591,119.9369429
NRU,2004,6.211970907,3040.513499,119.8404745
NRU,2005,6.13295581,2992.403828,119.7296313
NRU,2006,6.048779601,2910.141458,119.240527
NRU,2007,5.952153271,2272.152913,118.2173858
NRU,2008,5.850310933,3756.845312,116.9868704
NRU,2009,5.750486703,4410.567647,115.8749115
NRU,2010,5.659914696,4735.920005,115.2086553
NRU,2011,5.561843724,6480.904513,115.0388483
NRU,2012,5.466478875,9817.368722,115.0929397
NRU,2013,5.638578465,8974.518869,115.2168499
NRU,2014,5.447629509,9193.097844,115.2557029
NRU,2015,5.647570511,7703.431499,115.0551497
NRU,2016,6.085425373,8724.307003,114.0849584
NRU,2017,6.442566443,9613.412091,112.4337233
NRU,2018,6.142063446,11408.69476,110.8707282
NRU,2019,6.026064446,10776.82846,110.1658983
NRU,2020,6.064354932,10695.69933,111.5073851
NPL,1990,58.06454075,185.7946004,49.81686948
NPL,1991,57.71631584,195.7166214,49.60084584
NPL,1992,57.43289663,165.0295941,49.37814992
NPL,1993,57.21323282,172.8052026,49.15273796
NPL,1994,57.0562741,187.2581762,48.92780718
NPL,1995,56.96097016,197.8430013,48.70422863
NPL,1996,56.97440721,198.8219074,48.43768618
NPL,1997,57.11704957,211.8348696,48.10463095
NPL,1998,57.3479141,205.0752463,47.74661602
NPL,1999,57.62601768,208.6466679,47.40576529
NPL,2000,57.91037719,223.8302892,47.12238922
NPL,2001,58.28387271,240.7951145,46.82235817
NPL,2002,58.76927791,238.891403,46.44758109
NPL,2003,59.23544996,246.4297066,46.0743846
NPL,2004,59.55124604,279.58775,45.77912018
NPL,2005,59.58552333,309.0241683,45.63789246
NPL,2006,58.32385513,340.4317964,45.67143024
NPL,2007,55.5324688,385.4497677,45.82103589
NPL,2008,52.25120261,464.8173919,46.04743614
NPL,2009,49.51989483,473.0787512,46.30921507
NPL,2010,48.37838373,585.278492,46.56797785
NPL,2011,57.74057448,785.5186562,46.87459255
NPL,2012,71.40605466,788.2029371,47.27743679
NPL,2013,71.4182306,803.2695954,47.71931573
NPL,2014,75.11797417,821.4552249,48.14270596
NPL,2015,70.93619553,875.5436355,48.49411584
NPL,2016,72.40748542,877.2564547,48.80234727
NPL,2017,64.64427161,1034.283749,49.14181025
NPL,2018,64.21083228,1179.198432,49.51380999
NPL,2019,57.27501793,1203.142947,49.9174861
NPL,2020,45.72077064,1154.215176,50.90237161
NLD,1990,22.70530867,21322.19448,94.44033893
NLD,1991,22.49978571,21764.2145,94.64736595
NLD,1992,22.25755857,23939.21735,94.86077134
NLD,1993,21.98345244,23156.44044,95.08740518
NLD,1994,21.68229248,24682.58667,95.33135815
NLD,1995,21.35890387,29301.19405,95.59699896
NLD,1996,20.96706547,29063.62365,95.87379377
NLD,1997,20.49477932,26744.96013,96.12725569
NLD,1998,19.99820532,27924.28181,96.31285976
NLD,1999,19.53350339,28318.74665,96.40604292
NLD,2000,19.15683342,26225.16977,96.37160116
NLD,2001,18.80907727,26955.7128,96.2394181
NLD,2002,18.41756012,29446.53309,96.08235814
NLD,2003,18.01810689,35896.75046,95.8979511
NLD,2004,17.6465425,40611.34144,95.71730079
NLD,2005,17.33869186,42165.39617,95.55438491
NLD,2006,17.08735395,45123.54324,95.33744397
NLD,2007,16.86005379,52100.79963,95.01758957
NLD,2008,16.65470537,58246.70269,94.62378182
NLD,2009,16.46922272,53172.02616,94.18824718
NLD,2010,16.30151984,51305.73385,93.73939979
NLD,2011,16.16172959,54701.7728,93.2681551
NLD,2012,14.36724828,50473.9442,92.7411673
NLD,2013,13.28497803,52602.28605,92.16950598
NLD,2014,12.61325867,53457.22349,91.53774972
NLD,2015,13.13414501,45793.81354,90.84698481
NLD,2016,11.95852158,46808.52915,89.95312369
NLD,2017,12.7176558,49513.68173,88.91932205
NLD,2018,12.07089176,53955.077,88.06833308
NLD,2019,11.36414195,53554.90075,87.71032537
NLD,2020,10.88924985,53467.92774,87.74032312
NZL,1990,7.151904704,13663.02162,136.4340007
NZL,1991,7.093075806,12230.07345,139.9853977
NZL,1992,7.041104982,11793.13924,143.3837348
NZL,1993,6.996336833,13094.34545,146.5960535
NZL,1994,6.959115959,15280.31278,149.5782929
NZL,1995,6.929786963,17400.42018,152.2942908
NZL,1996,6.9171692,18794.43604,155.2270969
NZL,1997,6.921919787,17474.18703,158.4756436
NZL,1998,6.932139964,14738.44557,161.4267051
NZL,1999,6.935930969,15322.22383,163.4357413
NZL,2000,6.921394043,13641.10272,163.8655631
NZL,2001,6.859586486,13882.85683,160.6596565
NZL,2002,6.752923298,16874.18749,153.4189582
NZL,2003,6.636542274,21913.70817,144.112881
NZL,2004,6.545581207,25420.23488,134.7461047
NZL,2005,6.515177891,27751.06547,127.2602572
NZL,2006,6.572796298,26654.5932,120.9756986
NZL,2007,6.692252415,32479.98174,114.4330717
NZL,2008,6.828212054,31252.96256,108.3447638
NZL,2009,6.935341025,28209.36233,103.4341052
NZL,2010,6.96830514,33676.77412,100.4246015
NZL,2011,6.743912979,38388.52809,98.75733304
NZL,2012,6.773788491,39974.29973,97.43652707
NZL,2013,6.777751609,42977.38804,96.50287937
NZL,2014,6.596031764,44578.22539,96.02633301
NZL,2015,6.570201642,38639.35019,96.08586458
NZL,2016,6.634101903,40070.89566,97.53239096
NZL,2017,6.829076186,42913.18696,100.6905962
NZL,2018,7.212587214,43228.69765,104.8636113
NZL,2019,7.422966715,42747.20993,109.3509695
NZL,2020,6.485914997,41785.69229,115.451693
NIC,1990,24.94121966,242.5083887,22.28801237
NIC,1991,24.70374498,349.5143186,22.29274244
NIC,1992,24.50942575,411.4733307,22.31514444
NIC,1993,24.36003516,394.378074,22.35125227
NIC,1994,24.2573464,849.1793314,22.39704879
NIC,1995,24.20313264,891.7793523,22.44764986
NIC,1996,24.31951242,910.8616459,22.53390211
NIC,1997,24.63594257,912.7573976,22.66609593
NIC,1998,25.01520373,949.1553735,22.80808255
NIC,1999,25.32007654,980.2197447,22.92533847
NIC,2000,25.41334164,1017.312443,22.98166677
NIC,2001,25.32261077,1051.874236,22.99022016
NIC,2002,25.1714026,1014.333904,22.98504488
NIC,2003,24.96635824,1021.352167,22.9596782
NIC,2004,24.71411876,1098.621187,22.90911808
NIC,2005,24.42132525,1183.302173,22.82634944
NIC,2006,23.82785993,1248.17676,22.69140464
NIC,2007,22.8622024,1350.389546,22.50859999
NIC,2008,21.81388977,1523.68089,22.30871488
NIC,2009,20.97245917,1467.080196,22.12315551
NIC,2010,20.62744774,1526.561853,21.98242167
NIC,2011,23.01112738,1679.710342,21.88155062
NIC,2012,20.41580441,1784.692128,21.7937527
NIC,2013,22.19005186,1835.434364,21.71780693
NIC,2014,20.33762629,1958.369665,21.65262794
NIC,2015,20.81003946,2074.454465,21.59684547
NIC,2016,19.66275642,2131.688285,21.5381751
NIC,2017,19.19721806,2182.618751,21.47620065
NIC,2018,17.52460387,2035.167501,21.42668557
NIC,2019,14.98434846,1958.621329,21.40531919
NIC,2020,16.80977254,1931.615158,21.51764352
NER,1990,81.72352018,423.8874606,25.11016651
NER,1991,80.00285284,384.4431168,25.18723209
NER,1992,78.85456587,384.0296573,25.25847552
NER,1993,78.17067936,335.4295819,25.31000567
NER,1994,77.84321337,206.2146171,25.36141377
NER,1995,77.76418797,237.0199896,25.40180511
NER,1996,78.57087926,239.4945132,25.43561467
NER,1997,80.52128643,220.5629572,25.47721518
NER,1998,82.93851415,246.0908559,25.49881358
NER,1999,85.14566712,228.2716561,25.52698533
NER,2000,86.46585004,194.7719599,25.54725566
NER,2001,87.09961434,205.4179361,25.53560136
NER,2002,87.67045714,225.2943911,25.50686302
NER,2003,88.13590164,265.2253635,25.46681867
NER,2004,88.45347105,283.4682818,25.44755044
NER,2005,88.58068858,318.6431219,25.46205549
NER,2006,88.52658372,333.3450784,25.51166145
NER,2007,88.37304776,387.1680659,25.59322429
NER,2008,88.18689664,475.0449554,25.67819523
NER,2009,88.03494629,461.131534,25.74751498
NER,2010,87.98401265,474.4256923,25.77814967
NER,2011,90.96819104,510.7595618,25.75036036
NER,2012,88.56862529,528.5101045,25.68788938
NER,2013,74.58950532,552.1033344,25.62141903
NER,2014,71.65497941,565.3098973,25.57879742
NER,2015,107.1446653,485.6625742,25.59033179
NER,2016,104.9114607,502.7064754,25.70812866
NER,2017,88.7878832,521.80413,25.92239192
NER,2018,86.02276517,578.5680357,26.16664583
NER,2019,72.4703211,561.6913043,26.38583411
NER,2020,85.12234556,579.5124958,26.72242765
NGA,1990,65.04415796,556.3764491,25.79722419
NGA,1991,63.6372318,596.9387957,25.66110191
NGA,1992,62.64839586,508.5159057,25.55439149
NGA,1993,62.01707823,539.5732023,25.47529265
NGA,1994,61.68270704,744.8842472,25.42459507
NGA,1995,61.58471039,1271.616174,25.41226653
NGA,1996,62.21080101,1632.724694,25.44344342
NGA,1997,63.70378633,1720.275409,25.52688906
NGA,1998,65.48573656,1822.469985,25.63350346
NGA,1999,66.97872188,480.6693639,25.73686003
NGA,2000,67.6048125,547.3182989,25.82064655
NGA,2001,66.48619527,566.4282318,25.87965514
NGA,2002,63.7295341,712.1648521,25.93929516
NGA,2003,60.23361478,763.3887454,25.98352398
NGA,2004,56.89722306,962.4810419,25.99720821
NGA,2005,54.61914472,1211.377035,25.97535006
NGA,2006,53.16310581,1599.538916,25.90760457
NGA,2007,51.78699229,1815.526975,25.81505513
NGA,2008,50.63082981,2154.105435,25.70180584
NGA,2009,49.83464402,1820.486339,25.57261258
NGA,2010,49.53846057,2202.25673,25.43893631
NGA,2011,55.0630391,2418.41317,25.25556375
NGA,2012,59.33213913,2633.197347,25.02487245
NGA,2013,48.1407325,2872.790834,24.80009833
NGA,2014,48.18235517,3088.721313,24.63461225
NGA,2015,77.12292826,2585.733607,24.58823984
NGA,2016,65.4340627,2070.412734,24.74861324
NGA,2017,63.20530513,1876.340271,25.09745596
NGA,2018,57.02319906,2057.879446,25.50443707
NGA,2019,51.72183886,2265.155209,25.83850665
NGA,2020,56.53132873,2019.657063,26.21472355
MKD,1990,42.83739397,2277.303723,56.80367628
MKD,1991,42.36821978,2402.135177,56.99903456
MKD,1992,41.90548594,1198.928298,57.17321911
MKD,1993,41.44646709,1336.647756,57.32319231
MKD,1994,40.98843788,1786.354883,57.44752663
MKD,1995,40.52867295,2355.247054,57.5453326
MKD,1996,40.0256903,2306.53367,57.65241877
MKD,1997,39.48881706,1959.560738,57.77343676
MKD,1998,38.99154154,1875.816627,57.87077074
MKD,1999,38.60735204,1915.392811,57.90749015
MKD,2000,38.40973687,1861.898998,57.85119942
MKD,2001,38.34652839,1823.022677,57.63777549
MKD,2002,38.30513795,1989.135373,57.25564671
MKD,2003,38.2684224,2445.362864,56.76728107
MKD,2004,38.21923859,2818.581456,56.24957188
MKD,2005,38.14044336,3120.984014,55.78068663
MKD,2006,37.67876266,3440.441106,55.30899751
MKD,2007,36.72145699,4204.113288,54.76048536
MKD,2008,35.61218504,5026.420299,54.18755768
MKD,2009,34.6946055,4799.787228,53.64664527
MKD,2010,34.31237706,4833.365868,53.19355447
MKD,2011,40.06468988,5416.866729,52.76519767
MKD,2012,35.84244352,5049.826539,52.30085352
MKD,2013,32.71691025,5626.261157,51.86369753
MKD,2014,33.77753493,5925.385922,51.51673515
MKD,2015,31.87247761,5262.686719,51.32418508
MKD,2016,30.07992435,5598.486226,51.34444257
MKD,2017,30.4645094,5955.297386,51.51965026
MKD,2018,31.00453036,6713.989254,51.74278621
MKD,2019,25.87868813,6718.858266,51.9072538
MKD,2020,26.1186514,6659.596511,52.01659462
MNP,2002,9.049883674,19227.88942,89.37006288
MNP,2003,8.836796752,18938.87284,90.93608506
MNP,2004,8.621841157,18924.58319,91.57549305
MNP,2005,8.433804957,17015.74879,91.70056697
MNP,2006,8.275803905,16314.55786,92.22959044
MNP,2007,8.127482799,15914.2193,93.23010294
MNP,2008,7.982423276,16430.44619,94.47129804
MNP,2009,7.83420697,14369.63398,95.69704641
MNP,2010,7.676415518,14771.40375,96.8503415
MNP,2011,7.486991283,13598.71661,98.08993281
MNP,2012,7.505251281,14013.60033,98.98759899
MNP,2013,8.341325455,14632.85189,99.39114242
MNP,2014,7.950176757,15945.41761,99.47044623
MNP,2015,10.0354065,17665.10075,99.73363624
MNP,2016,8.849925782,24225.47417,100.7717321
MNP,2017,8.6644482,31225.605,102.0879115
MNP,2018,9.624129863,26509.36284,103.2598861
MNP,2019,9.841435576,24496.66521,104.075923
MNP,2020,9.714630851,18220.83824,104.862631
NOR,1990,12.06096088,28242.9814,134.5916753
NOR,1991,11.86894051,28596.933,135.2477751
NOR,1992,11.68297493,30523.98506,135.5133948
NOR,1993,11.50194752,27963.69791,135.4791901
NOR,1994,11.32474164,29315.80923,135.2210713
NOR,1995,11.15024069,34875.70433,134.8196825
NOR,1996,10.99969803,37321.9742,133.554099
NOR,1997,10.87979185,36629.0309,131.0997523
NOR,1998,10.76754264,34803.46341,128.1427128
NOR,1999,10.63997095,36393.29275,125.3625427
NOR,2000,10.4740973,38178.23688,123.4354267
NOR,2001,10.18794553,38601.89764,122.2831
NOR,2002,9.77123128,43170.55717,121.2899205
NOR,2003,9.308512755,50250.32982,120.3723641
NOR,2004,8.884348172,57768.6981,119.4450509
NOR,2005,8.583295743,67047.17046,118.3950505
NOR,2006,8.371805621,74434.49968,116.8871725
NOR,2007,8.173070197,85502.26771,114.8365927
NOR,2008,8.006761044,97503.54078,112.5705449
NOR,2009,7.892549732,80347.57007,110.4350696
NOR,2010,7.850107834,88163.20859,108.7483077
NOR,2011,8.659897914,101221.8135,107.4592635
NOR,2012,7.306988157,102175.9193,106.271248
NOR,2013,7.027491907,103553.8401,105.1584508
NOR,2014,7.092673247,97666.69518,104.0986844
NOR,2015,6.752142278,74809.9658,103.0678261
NOR,2016,6.230591898,70867.361,101.8566813
NOR,2017,6.521558082,76131.8384,100.4748568
NOR,2018,6.696077525,82792.84271,99.22137808
NOR,2019,6.381224463,76430.58895,98.39146637
NOR,2020,6.055897247,68340.0181,98.11268051
OMN,1990,47.65770822,7545.703052,23.39818528
OMN,1991,45.29504694,6977.328592,23.48571996
OMN,1992,43.423942,7317.788158,23.59308151
OMN,1993,42.06362631,7038.930159,23.71746477
OMN,1994,41.23333276,7068.38997,23.85021415
OMN,1995,40.95229427,7414.302792,23.98431962
OMN,1996,41.55633613,8068.000768,24.20050636
OMN,1997,43.00058158,8234.640638,24.5211651
OMN,1998,44.73321039,7219.029324,24.86104329
OMN,1999,46.20240235,7915.441694,25.13352847
OMN,2000,46.85633724,9753.847552,25.25376407
OMN,2001,46.90931106,9611.963602,25.24658666
OMN,2002,46.94291273,9869.130502,25.20429635
OMN,2003,46.95626142,10463.54258,25.14372149
OMN,2004,46.94847629,11800.85074,25.07985642
OMN,2005,46.91867651,14434.85779,25.02746857
OMN,2006,46.43754738,16930.85651,24.96238557
OMN,2007,45.3496774,18792.65377,24.86458832
OMN,2008,44.06504057,26576.77924,24.74855722
OMN,2009,42.99361087,20655.91802,24.63130866
OMN,2010,42.54536231,23570.17981,24.53159085
OMN,2011,49.24816226,25188.00742,24.46948346
OMN,2012,52.31078211,24642.29788,24.44393221
OMN,2013,47.64907837,23458.02338,24.43815352
OMN,2014,41.25635267,23160.65023,24.43620567
OMN,2015,47.91899505,18808.30779,24.42205196
OMN,2016,45.48033855,17110.18975,24.50061698
OMN,2017,48.70468521,17820.06618,24.72122103
OMN,2018,49.6250529,19901.76156,24.99209302
OMN,2019,44.89776437,19180.18642,25.22895421
OMN,2020,39.58357689,16784.86306,25.52984486
PAK,1990,60.31618053,344.4554738,39.86280707
PAK,1991,59.40263005,380.0198433,39.84873495
PAK,1992,58.62677218,395.6772086,39.92541913
PAK,1993,58.00316896,407.8881407,40.07370086
PAK,1994,57.54638246,399.9559276,40.2743868
PAK,1995,57.27097473,450.5502793,40.50971142
PAK,1996,57.33902017,456.9969618,41.00226685
PAK,1997,57.76664587,438.0309427,41.83559793
PAK,1998,58.34949293,424.4536978,42.78076974
PAK,1999,58.88320248,418.2492571,43.61003604
PAK,2000,59.16341563,642.3383465,44.09549596
PAK,2001,59.26193463,609.9395069,44.31500802
PAK,2002,59.34946089,599.9373457,44.50401888
PAK,2003,59.36998418,672.4417867,44.66708754
PAK,2004,59.26749427,771.9022473,44.80977177
PAK,2005,58.98598095,827.6198612,44.93572365
PAK,2006,57.44540129,900.873565,45.05298382
PAK,2007,54.33527038,998.0901142,45.15933879
PAK,2008,50.75391506,1067.043246,45.24336955
PAK,2009,47.79966219,963.7880664,45.29584036
PAK,2010,46.5708386,987.3045711,45.30645989
PAK,2011,55.75497917,1131.735138,45.25603567
PAK,2012,66.87195407,1204.364755,45.1599546
PAK,2013,68.58132487,1225.434012,45.06019422
PAK,2014,71.7121701,1266.613408,45.00000251
PAK,2015,68.00687676,1380.470208,45.02294887
PAK,2016,68.52282972,1424.691612,45.30133199
PAK,2017,61.79672747,1519.234595,45.84506901
PAK,2018,62.38949764,1569.338146,46.45466041
PAK,2019,52.8571977,1390.41691,46.92985037
PAK,2020,42.99817342,1278.397352,47.42783869
PLW,1990,7.738043473,6402.929615,85.67469521
PLW,1991,7.599936698,6824.343538,87.22407475
PLW,1992,7.477730161,6552.711239,88.5618211
PLW,1993,7.374701416,5891.503787,89.59720061
PLW,1994,7.294128016,6329.069767,90.25480368
PLW,1995,7.239287516,7038.005234,90.49135646
PLW,1996,7.215265901,7788.29727,90.34054545
PLW,1997,7.215622996,7944.599072,89.94318339
PLW,1998,7.226347116,8047.916217,89.42068219
PLW,1999,7.233426573,7629.569864,88.92092407
PLW,2000,7.222849682,7797.257274,88.59251249
PLW,2001,7.199170416,8239.639314,88.42454102
PLW,2002,7.173751022,8340.537353,88.27666355
PLW,2003,7.142792218,7862.04283,88.11980975
PLW,2004,7.102494723,8395.136226,87.97292303
PLW,2005,7.049059255,9639.658913,87.85756868
PLW,2006,6.88061712,9885.147757,87.75619257
PLW,2007,6.567554532,10408.43436,87.61401529
PLW,2008,6.214454578,10582.73975,87.42240959
PLW,2009,5.925900343,10155.43321,87.21851451
PLW,2010,5.806474912,10229.08785,87.04585438
PLW,2011,6.552024612,11000.87952,86.9208394
PLW,2012,6.910109069,12145.36448,86.80320831
PLW,2013,6.833228522,12768.90972,86.66940417
PLW,2014,7.368311739,13726.02226,86.510688
PLW,2015,8.936829388,15690.75865,86.3161492
PLW,2016,7.011582535,16762.57234,85.8276354
PLW,2017,7.001799224,16034.13429,85.04701189
PLW,2018,7.892476421,16197.72545,84.33592522
PLW,2019,7.745894968,15841.19353,84.0133264
PLW,2020,7.327709794,14556.58969,84.56544793
PAN,1990,18.58810384,2620.138273,16.70040859
PAN,1991,18.31566919,2820.545477,16.77820313
PAN,1992,18.09736374,3139.899529,16.88705938
PAN,1993,17.9362321,3358.414117,17.02134318
PAN,1994,17.83531892,3508.195701,17.17576546
PAN,1995,17.79766883,3513.897379,17.34533885
PAN,1996,17.93383288,3308.184296,17.61204654
PAN,1997,18.26346927,3545.976709,17.99859967
PAN,1998,18.65328331,3807.838692,18.41083586
PAN,1999,18.96998033,3950.34145,18.75467175
PAN,2000,19.08026565,3975.093087,18.93657346
PAN,2001,18.9634873,3991.776708,18.99376885
PAN,2002,18.7165071,4090.586174,19.02621208
PAN,2003,18.38230107,4264.664288,19.03515707
PAN,2004,18.00384526,4644.565824,19.02184743
PAN,2005,17.62411567,5017.741092,18.98733973
PAN,2006,17.13039887,5528.767055,18.88145173
PAN,2007,16.48240782,6317.817303,18.68570986
PAN,2008,15.83175815,7347.590503,18.44843283
PAN,2009,15.33006549,7796.92617,18.21797824
PAN,2010,15.12894548,8331.464214,18.04279404
PAN,2011,15.89451381,9662.295922,17.91316621
PAN,2012,14.67767169,11064.80636,17.7886043
PAN,2013,15.38841304,12273.3225,17.67118299
PAN,2014,14.85540742,13213.19896,17.56283327
PAN,2015,14.77061879,14082.65485,17.46544695
PAN,2016,13.8724499,14832.36116,17.35185393
PAN,2017,13.84475303,15694.62975,17.22517122
PAN,2018,13.21369564,16151.32735,17.13233553
PAN,2019,11.88429311,16477.90663,17.11878081
PAN,2020,11.47006075,13290.56083,17.30703448
PNG,1990,18.08010224,826.3171521,22.53483616
PNG,1991,17.80978851,941.7077216,22.23571334
PNG,1992,17.59205417,1050.707169,21.96250568
PNG,1993,17.43199083,1151.283881,21.72738076
PNG,1994,17.33469014,1228.243436,21.54451994
PNG,1995,17.30524372,998.2299674,21.42971378
PNG,1996,17.38090824,1071.041852,21.36053376
PNG,1997,17.55116401,989.721551,21.30084424
PNG,1998,17.74943814,733.4798601,21.24769437
PNG,1999,17.90915772,649.9947197,21.20111427
PNG,2000,17.96374985,635.957919,21.16234832
PNG,2001,17.75197703,537.8474596,21.12889532
PNG,2002,17.27635067,506.3317895,21.09392726
PNG,2003,16.71592126,577.4679224,21.05940708
PNG,2004,16.24973929,620.5961477,21.02908816
PNG,2005,16.05685523,744.48649,21.00671167
PNG,2006,16.17636633,1238.182829,20.97953033
PNG,2007,16.45755281,1370.753416,20.93860242
PNG,2008,16.79473959,1624.793199,20.89298511
PNG,2009,17.0822516,1568.831934,20.85343937
PNG,2010,17.21441375,1866.868899,20.8304752
PNG,2011,16.46331052,2288.375911,20.81711897
PNG,2012,16.46833651,2635.087363,20.80266942
PNG,2013,16.49812871,2560.77459,20.79628672
PNG,2014,16.3724587,2723.175298,20.80674865
PNG,2015,16.86833857,2484.59634,20.84224266
PNG,2016,16.15435627,2316.394798,21.06605581
PNG,2017,15.93042253,2477.76531,21.51711054
PNG,2018,16.91732854,2566.368337,22.01664538
PNG,2019,16.88829626,2575.772743,22.38510873
PNG,2020,17.31054256,2429.611346,22.63677387
PRY,1990,13.31791408,1440.158296,11.76541796
PRY,1991,13.32495193,1685.268901,12.06271882
PRY,1992,13.33488412,1682.674448,12.37764882
PRY,1993,13.34727849,1661.709553,12.70336398
PRY,1994,13.36170289,1760.288071,13.03354828
PRY,1995,13.37772517,1978.715141,13.36198387
PRY,1996,13.41218767,2088.171091,13.73513255
PRY,1997,13.46819849,2078.508413,14.17218444
PRY,1998,13.52472415,1889.884556,14.62568365
PRY,1999,13.56073117,1766.306573,15.04866962
PRY,2000,13.55518605,1736.117292,15.39397009
PRY,2001,13.44560099,1637.686151,15.68393817
PRY,2002,13.22741427,1367.765069,15.96346172
PRY,2003,12.9664815,1443.998852,16.21883469
PRY,2004,12.72865832,1786.215339,16.43669867
PRY,2005,12.57980034,1970.871699,16.60335842
PRY,2006,12.4981511,2439.431247,16.7239509
PRY,2007,12.42509151,3211.936217,16.82170032
PRY,2008,12.37118323,4384.954694,16.90990812
PRY,2009,12.34698797,3941.848155,17.00205446
PRY,2010,12.36306742,4750.962737,17.111216
PRY,2011,13.0739533,5805.401545,17.26519314
PRY,2012,12.36124522,5642.169917,17.45705136
PRY,2013,11.70700233,6435.683427,17.64777427
PRY,2014,11.45920641,6652.254789,17.79806792
PRY,2015,10.43381842,5879.337923,17.86873629
PRY,2016,10.41050122,5775.159634,17.83399062
PRY,2017,10.28797803,6152.267115,17.7374741
PRY,2018,10.48981263,6258.449916,17.64398893
PRY,2019,10.12225649,5821.181995,17.61842896
PRY,2020,10.08915991,5365.472207,17.72032988
PER,1990,80.7478103,1199.666668,13.56503563
PER,1991,79.98546068,1527.388795,13.69402219
PER,1992,79.14989063,1567.409108,13.82299926
PER,1993,78.25045323,1487.674043,13.94922711
PER,1994,77.29650158,1879.366578,14.06988999
PER,1995,76.29738879,2189.534315,14.18247098
PER,1996,75.11190259,2226.916824,14.30903016
PER,1997,73.71304038,2300.672008,14.4591593
PER,1998,72.28146981,2156.393777,14.61204011
PER,1999,70.9978585,1916.533974,14.74681689
PER,2000,70.0428741,1945.413385,14.84245847
PER,2001,69.50418968,1929.57273,14.85986518
PER,2002,69.21238018,2007.370196,14.79708726
PER,2003,68.96246601,2129.441142,14.68854571
PER,2004,68.54946756,2397.251473,14.5681778
PER,2005,67.76840522,2706.669473,14.46927355
PER,2006,64.22036979,3129.559965,14.38214998
PER,2007,57.04211482,3581.089308,14.2864164
PER,2008,48.33215486,4197.584446,14.19921406
PER,2009,40.18900445,4181.187555,14.13801647
PER,2010,34.71117815,5072.11494,14.12043131
PER,2011,32.06396535,5861.357936,14.17013535
PER,2012,33.90460616,6519.37853,14.27478163
PER,2013,32.07789014,6746.800257,14.39842689
PER,2014,32.91971095,6667.134104,14.50422286
PER,2015,32.87516932,6231.711503,14.55639009
PER,2016,33.73943229,6217.036,14.52961911
PER,2017,32.70830669,6736.166937,14.45415767
PER,2018,30.62656868,6978.491215,14.3769348
PER,2019,29.11178546,7037.008037,14.34706753
PER,2020,27.0356285,6133.325524,14.44630021
PHL,1990,33.39556134,803.5725883,28.70191627
PHL,1991,33.18969059,804.3233305,28.43810118
PHL,1992,32.98071129,916.5156945,28.13566105
PHL,1993,32.7725422,918.6429538,27.80524789
PHL,1994,32.56910207,1059.983895,27.45753114
PHL,1995,32.37430965,1199.841714,27.10268953
PHL,1996,32.20160796,1311.092494,26.6380094
PHL,1997,32.04898532,1273.276049,26.02496513
PHL,1998,31.89717852,982.8659437,25.37184691
PHL,1999,31.72692433,1101.43516,24.78598878
PHL,2000,31.51895951,1050.79273,24.3755828
PHL,2001,31.29231909,969.5306117,24.08677626
PHL,2002,31.05570388,1014.908793,23.80829878
PHL,2003,30.77434936,1027.230119,23.56788378
PHL,2004,30.41349103,1099.63013,23.3948145
PHL,2005,29.93836438,1220.460186,23.31859515
PHL,2006,29.17822658,1426.146492,23.34244997
PHL,2007,28.03417224,1712.655433,23.42738796
PHL,2008,26.57919297,1959.292335,23.54250236
PHL,2009,24.8862804,1864.450434,23.66499972
PHL,2010,23.02842614,2162.913759,23.77108551
PHL,2011,20.27620072,2383.918925,23.87910957
PHL,2012,21.83519619,2614.616444,24.01506685
PHL,2013,22.74026369,2781.279577,24.17026119
PHL,2014,20.33688244,2866.838038,24.33709222
PHL,2015,19.7079276,2909.85818,24.50790351
PHL,2016,19.90697164,2985.19564,24.75087283
PHL,2017,18.33270181,3038.12125,25.0798385
PHL,2018,20.58850778,3168.510366,25.40512471
PHL,2019,21.5254372,3400.789498,25.63633245
PHL,2020,20.28874171,3227.579102,25.82751978
POL,1990,31.58766838,1731.209509,97.55405156
POL,1991,31.4691393,2235.541089,98.46156989
POL,1992,31.23521365,2459.020685,99.35441623
POL,1993,30.90730035,2497.130559,100.2129359
POL,1994,30.5068083,2874.831636,101.0143831
POL,1995,30.0551464,3700.959568,101.7323936
POL,1996,29.29849184,4163.511954,102.4774926
POL,1997,28.17874049,4137.008318,103.309111
POL,1998,27.01087933,4533.535655,104.1108566
POL,1999,26.10989531,4415.500675,104.7699098
POL,2000,25.79077541,4520.641004,105.174233
POL,2001,26.04491299,5015.2379,105.3413334
POL,2002,26.53985745,5223.45179,105.3707831
POL,2003,27.10482984,5720.813662,105.2654052
POL,2004,27.56905118,6711.727153,105.0296729
POL,2005,27.76174251,8043.923323,104.6682476
POL,2006,27.72003916,9068.855283,104.0962516
POL,2007,27.60482157,11272.52937,103.2999489
POL,2008,27.43092851,14048.56047,102.3922284
POL,2009,27.21319869,11556.30269,101.4877355
POL,2010,26.96647087,12567.73177,100.6983437
POL,2011,26.54584891,13867.66694,99.93435261
POL,2012,24.13049283,13087.42094,99.08492308
POL,2013,23.18921152,13621.90238,98.23272016
POL,2014,23.4338278,14262.28419,97.46341925
POL,2015,22.41398307,12637.52203,96.86101869
POL,2016,21.24850925,12464.01105,96.35904999
POL,2017,22.26317187,13913.34029,95.87114943
POL,2018,22.40940519,15658.21203,95.45012845
POL,2019,18.77019541,15874.52205,95.15259014
POL,2020,17.95833149,15987.57537,95.01393574
PRT,1990,13.78612493,7884.617988,79.62158018
PRT,1991,13.68435418,8958.985333,79.77248289
PRT,1992,13.61157435,10810.56651,79.75744559
PRT,1993,13.56092647,9534.656364,79.59873043
PRT,1994,13.52555158,9977.319909,79.31611974
PRT,1995,13.49859074,11781.36185,78.93146689
PRT,1996,13.54396098,12185.0914,77.7474148
PRT,1997,13.68321692,11575.50711,75.45523973
PRT,1998,13.845956,12199.20639,72.66427299
PRT,1999,13.96177568,12475.29177,69.98758214
PRT,2000,13.96027339,11526.37207,68.03311201
PRT,2001,13.84956968,11734.76497,66.69743901
PRT,2002,13.69004627,12936.69282,65.47971527
PRT,2003,13.48969243,15797.78213,64.38980326
PRT,2004,13.25649739,18064.15809,63.44071862
PRT,2005,12.99845042,18780.12751,62.64197823
PRT,2006,12.59774479,19839.45405,61.96883813
PRT,2007,12.02951024,22811.05648,61.37402955
PRT,2008,11.44114071,24949.04136,60.83831002
PRT,2009,10.98003011,23151.21541,60.33868282
PRT,2010,10.79357237,22551.9351,59.85291765
PRT,2011,11.51575802,23246.54254,59.38609131
PRT,2012,10.11515244,20593.42742,58.94997533
PRT,2013,9.768320487,21676.48596,58.52422731
PRT,2014,9.505762368,22120.68501,58.09115227
PRT,2015,9.642534518,19215.7813,57.63245955
PRT,2016,8.8377321,19980.28089,56.98600902
PRT,2017,9.255198044,21442.38428,56.16775531
PRT,2018,9.026014516,23541.14011,55.41611837
PRT,2019,7.982561219,23343.3629,54.97507078
PRT,2020,8.452422662,22299.40441,54.98027621
PRI,1990,6.844682185,8652.507492,29.67117244
PRI,1991,6.803492963,9064.018517,29.44115828
PRI,1992,6.77022245,9659.3389,29.1996991
PRI,1993,6.744378915,10212.27676,28.95800895
PRI,1994,6.725470629,10876.41882,28.72758313
PRI,1995,6.713005863,11579.185,28.51888332
PRI,1996,6.801635195,12173.16369,28.28331315
PRI,1997,7.022906654,12817.64496,27.99064876
PRI,1998,7.281674678,14304.40499,27.67994478
PRI,1999,7.48279371,15220.99134,27.39168651
PRI,2000,7.53111819,16192.12697,27.16629207
PRI,2001,7.392607463,18123.1987,26.97508503
PRI,2002,7.145981175,18731.45939,26.76890354
PRI,2003,6.865234218,19557.12025,26.55596372
PRI,2004,6.624361483,20988.99233,26.34261994
PRI,2005,6.497357861,21959.3227,26.1351323
PRI,2006,6.465187977,22935.94116,25.92738677
PRI,2007,6.450185845,23664.88235,25.71197134
PRI,2008,6.438400444,24898.33459,25.49588385
PRI,2009,6.415880754,25768.72589,25.28537764
PRI,2010,6.368675753,26435.74879,25.08761113
PRI,2011,5.656560686,27278.88305,24.89861821
PRI,2012,6.355600894,27944.73389,24.70826438
PRI,2013,6.112880111,28513.16574,24.5180799
PRI,2014,6.323834534,28981.45733,24.3295253
PRI,2015,6.745323174,29763.4883,24.14360961
PRI,2016,6.940336738,30627.1634,24.00021273
PRI,2017,7.122967105,31108.75275,23.91146354
PRI,2018,6.701185436,31615.06679,23.86970419
PRI,2019,6.660404839,32916.8668,23.85595661
PRI,2020,7.188415217,31427.42911,23.87547589
QAT,1990,89.41145072,16721.62077,33.90860834
QAT,1991,87.66437552,15133.49694,34.1706157
QAT,1992,86.26520471,16280.29388,34.41956192
QAT,1993,85.23709073,14769.71933,34.65009696
QAT,1994,84.60318599,14764.87714,34.84953744
QAT,1995,84.38664294,15822.50907,34.99845034
QAT,1996,84.63312031,17124.79209,35.16604376
QAT,1997,85.28859576,20522.8013,35.36517216
QAT,1998,86.22670011,17665.44084,35.55032415
QAT,1999,87.32106418,20233.68468,35.66363938
QAT,2000,88.44531877,27535.18294,35.65126223
QAT,2001,90.07384245,25870.79919,35.50558133
QAT,2002,92.37070321,27226.65935,35.26913932
QAT,2003,94.7440661,31602.47087,35.00689335
QAT,2004,96.60209614,41035.50084,34.78400527
QAT,2005,97.35295837,53949.67641,34.65557364
QAT,2006,95.80580048,62582.44531,34.50502902
QAT,2007,92.11642397,65954.34195,34.24252799
QAT,2008,87.71297459,80781.40392,33.92812562
QAT,2009,84.02359809,60785.73516,33.63748802
QAT,2010,82.4764402,77387.32679,33.46054202
QAT,2011,87.96241078,103261.5065,33.37997789
QAT,2012,95.6228667,108470.3788,33.34540406
QAT,2013,88.6466198,103697.0084,33.32794457
QAT,2014,75.17648245,95840.63101,33.30490575
QAT,2015,97.700028,68985.2947,33.26295925
QAT,2016,83.68549212,61253.63755,33.13392738
QAT,2017,83.26899062,63279.85569,32.96801892
QAT,2018,93.30695718,71039.84906,32.8791266
QAT,2019,81.00883378,66841.30135,32.96498697
QAT,2020,75.66303295,51683.50544,33.49908875
ROU,1990,23.08724872,1648.48523,53.70081987
ROU,1991,22.87799253,1254.312442,54.16316083
ROU,1992,22.65535735,1102.103785,54.66369559
ROU,1993,22.41947206,1158.056328,55.19494284
ROU,1994,22.17046556,1323.032378,55.74615498
ROU,1995,21.90846673,1650.049224,56.30400386
ROU,1996,21.56455652,1633.010644,56.94716759
ROU,1997,21.13862833,1577.33656,57.69968687
ROU,1998,20.73402974,1852.554969,58.46574719
ROU,1999,20.45410837,1599.906228,59.15286057
ROU,2000,20.40221182,1659.929049,59.66416636
ROU,2001,20.57274534,1825.192994,60.05157951
ROU,2002,20.83975428,2119.855097,60.42883318
ROU,2003,21.12604634,2679.40626,60.786732
ROU,2004,21.35442925,3494.990564,61.11822456
ROU,2005,21.44771073,4618.003508,61.41355094
ROU,2006,21.29930114,5757.531273,61.70016437
ROU,2007,20.94540134,8360.337759,61.99608149
ROU,2008,20.5230048,10435.15612,62.27267464
ROU,2009,20.169105,8548.454341,62.50820552
ROU,2010,20.02069541,8399.537423,62.68091913
ROU,2011,21.36317598,9560.675528,62.73270898
ROU,2012,19.42496673,8929.953662,62.65706963
ROU,2013,17.87110549,9497.674116,62.502214
ROU,2014,17.98983605,10031.77108,62.31254712
ROU,2015,17.49551757,8977.017482,62.13358049
ROU,2016,16.59833853,9404.540059,61.9282054
ROU,2017,17.04461175,10727.9822,61.6661517
ROU,2018,17.1719926,12502.26241,61.40640323
ROU,2019,15.00734037,12992.03261,61.21536032
ROU,2020,14.85017313,13082.30066,61.29935954
RUS,1990,25.92521648,3494.063232,197.2370353
RUS,1991,25.47681633,3490.452393,199.1391139
RUS,1992,25.01182551,3098.802734,201.3164304
RUS,1993,24.53161435,2930.670166,203.6254277
RUS,1994,24.03755312,2662.104004,206.0098516
RUS,1995,23.53101215,2665.779785,208.4649182
RUS,1996,23.01884197,2643.929199,212.2423794
RUS,1997,22.49800562,2737.572021,217.6250506
RUS,1998,21.95504213,1834.861816,223.124853
RUS,1999,21.37649054,1330.757202,227.3364345
RUS,2000,20.74888986,1771.594116,228.8839841
RUS,2001,19.83929731,2100.352539,227.6144748
RUS,2002,18.6102425,2377.529541,224.7188812
RUS,2003,17.34147308,2975.123047,220.86302
RUS,2004,16.3127367,4102.364746,216.7659974
RUS,2005,15.80378102,5323.455078,213.1392583
RUS,2006,15.69130797,6920.199707,209.8190433
RUS,2007,15.63633503,9101.239258,206.2313248
RUS,2008,15.59508323,11635.28418,202.418572
RUS,2009,15.52377363,8562.824219,198.4768637
RUS,2010,15.37862724,10674.99023,194.4979977
RUS,2011,13.91388771,14305.33203,189.6715672
RUS,2012,13.89912303,15401.85156,183.7394706
RUS,2013,14.057432,15941.44824,177.5549083
RUS,2014,14.24818052,14055.47266,171.988992
RUS,2015,12.93925094,9277.713867,167.9215982
RUS,2016,12.47846552,8663.158203,164.9177011
RUS,2017,11.73909441,10658.91309,162.2109727
RUS,2018,12.3153675,11211.8877,160.0945108
RUS,2019,11.67782303,11447.70117,158.8761225
RUS,2020,11.27277759,10108.32715,158.4577994
RWA,1990,30.37641685,345.7734951,43.42124189
RWA,1991,30.56702018,253.966902,43.38565754
RWA,1992,30.74326971,264.0839145,43.23163771
RWA,1993,30.89589131,247.0233185,42.98296161
RWA,1994,31.01561083,110.9536683,42.83720111
RWA,1995,31.09315413,227.9711478,42.64872061
RWA,1996,31.1610627,206.0491142,42.09681248
RWA,1997,31.24424339,238.7493714,41.27607527
RWA,1998,31.32197015,246.1546733,40.28818403
RWA,1999,31.37351689,264.7436868,39.23201087
RWA,2000,31.37815756,251.8692639,38.21287759
RWA,2001,31.22228052,237.3088462,37.15547627
RWA,2002,30.88794478,234.0430168,35.98455873
RWA,2003,30.49793022,249.012275,34.79192488
RWA,2004,30.1750167,269.5404463,33.67063464
RWA,2005,30.0419841,324.0168638,32.71612802
RWA,2006,30.09197394,356.9950229,31.87063145
RWA,2007,30.21830786,426.2341835,31.04511833
RWA,2008,30.39403595,528.3263918,30.27836693
RWA,2009,30.59220827,564.0390958,29.60975105
RWA,2010,30.78587492,593.6249277,29.0809035
RWA,2011,31.14124025,651.133678,28.62105588
RWA,2012,31.53607588,706.8173175,28.16990666
RWA,2013,30.62833845,704.9241902,27.77621801
RWA,2014,31.86897932,724.9575212,27.49030267
RWA,2015,31.25748109,733.998585,27.36282337
RWA,2016,31.68622999,729.5191542,27.44711782
RWA,2017,30.35535274,758.301003,27.69877136
RWA,2018,30.18166879,771.773522,28.01037291
RWA,2019,30.00716424,810.0514202,28.27547893
RWA,2020,31.28826549,778.7015386,28.72736774
WSM,1990,12.88974745,743.994213,83.66396768
WSM,1991,12.64199604,741.5639638,84.85110889
WSM,1992,12.45509607,776.7408244,85.91868921
WSM,1993,12.32723279,774.9886316,86.82204128
WSM,1994,12.25659145,1276.850216,87.51847818
WSM,1995,12.2413573,1288.104733,87.96553139
WSM,1996,12.33317373,1419.35849,88.21358873
WSM,1997,12.5394331,1607.887443,88.35544816
WSM,1998,12.79194412,1506.303592,88.40585001
WSM,1999,13.02251553,1416.76916,88.38262372
WSM,2000,13.16295602,1424.7524,88.30446709
WSM,2001,13.22111016,1453.870213,88.1534037
WSM,2002,13.25170724,1527.557905,87.91659858
WSM,2003,13.25688306,1798.124297,87.62364087
WSM,2004,13.2387734,2189.260426,87.30424192
WSM,2005,13.19951407,2550.042214,86.98759936
WSM,2006,13.12423576,2663.291359,86.61813775
WSM,2007,13.00544124,3038.619041,86.16098903
WSM,2008,12.85632442,3373.606399,85.67769176
WSM,2009,12.69007923,3279.182695,85.22954341
WSM,2010,12.51989959,3524.247925,84.87718373
WSM,2011,12.24986546,3821.506783,84.60804824
WSM,2012,12.46582429,3934.603208,84.36456459
WSM,2013,12.55893786,4023.525401,84.14168352
WSM,2014,12.57885193,3982.680802,83.93344612
WSM,2015,12.42244184,4084.360838,83.73315536
WSM,2016,12.50988931,4147.070977,83.42412974
WSM,2017,12.08913804,4307.59382,83.00424708
WSM,2018,12.82459951,4231.814095,82.63763323
WSM,2019,12.87267267,4351.942349,82.489506
WSM,2020,12.55189528,4099.660091,83.07601065
SMR,1997,14.01888053,37852.97262,77.63970873
SMR,1998,13.78063245,40126.93314,77.41635658
SMR,1999,13.54289518,41931.79515,77.17313595
SMR,2000,13.31499444,37600.70774,76.91663422
SMR,2001,13.07046045,39035.10343,76.58214548
SMR,2002,12.78463816,41790.84327,76.15093277
SMR,2003,12.46957536,52529.90937,75.69842919
SMR,2004,12.13731987,58232.01762,75.30026899
SMR,2005,11.79991948,59877.80058,75.03207156
SMR,2006,11.38830136,63270.77808,74.84165159
SMR,2007,10.89259585,70124.46344,74.64338351
SMR,2008,10.41365546,75902.13205,74.46277274
SMR,2009,10.05233271,62428.99433,74.32537613
SMR,2010,9.909480126,56543.18982,74.25728054
SMR,2011,10.69772481,55601.39297,74.22117161
SMR,2012,10.45793569,47945.89917,74.17830245
SMR,2013,10.26137306,50807.82891,74.15194171
SMR,2014,10.7247942,51260.49383,74.16566173
SMR,2015,11.03417563,43146.82404,74.24341866
SMR,2016,10.7965188,44359.47977,74.5875117
SMR,2017,11.13787836,45192.02798,75.20769339
SMR,2018,11.71602201,47950.68806,75.83893539
SMR,2019,10.49382376,46627.01224,76.21693854
SMR,2020,10.69089833,44426.64634,76.0076537
STP,1990,24.26468293,970.0601896,12.28041393
STP,1991,23.17711341,855.1050758,12.24547831
STP,1992,22.35149878,740.4711265,12.23168797
STP,1993,21.77619297,963.785325,12.23732885
STP,1994,21.43954994,989.5005327,12.2605147
STP,1995,21.32992361,768.7107512,12.29961393
STP,1996,21.67261571,987.0487124,12.37611455
STP,1997,22.49508634,661.6682328,12.49768815
STP,1998,23.488927,513.5693803,12.64183902
STP,1999,24.34572919,542.692548,12.78583709
STP,2000,24.7570844,529.0893834,12.90690812
STP,2001,24.83362083,518.8805013,13.02615374
STP,2002,24.89176722,568.1025725,13.16655406
STP,2003,24.93181589,663.6962118,13.31000115
STP,2004,24.95405918,726.5608821,13.43824608
STP,2005,24.95878941,844.1691819,13.53314748
STP,2006,24.64273365,861.9707077,13.59426162
STP,2007,23.89467486,878.8857919,13.63925129
STP,2008,23.00298925,1081.868458,13.67964323
STP,2009,22.25605305,1128.280462,13.72653373
STP,2010,21.94224247,1045.209582,13.7909461
STP,2011,23.08579633,1219.801891,13.88323593
STP,2012,20.53143933,1210.792647,14.00441944
STP,2013,21.96741667,1382.575784,14.15269922
STP,2014,19.66306329,1489.676334,14.32591171
STP,2015,26.15006646,1298.109466,14.52191982
STP,2016,25.73423669,1434.870181,14.87513504
STP,2017,21.30752024,1555.794778,15.41290619
STP,2018,20.0156979,1825.599718,15.97298942
STP,2019,21.65567283,1935.293182,16.39383674
STP,2020,27.33575228,2167.220018,16.67120916
SAU,1990,46.80237202,11054.7495,16.71331607
SAU,1991,46.71825429,11847.16995,16.47699228
SAU,1992,46.67179218,11730.26877,16.30371878
SAU,1993,46.6544194,10884.86079,16.19225582
SAU,1994,46.65756963,10601.91967,16.14151795
SAU,1995,46.67267659,10786.4009,16.15158358
SAU,1996,47.3509548,11471.5046,16.25317389
SAU,1997,49.01156438,11545.3456,16.46102252
SAU,1998,51.14785746,9836.057298,16.74604489
SAU,1999,53.25318614,10452.18994,17.07890479
SAU,2000,54.82090252,11714.56237,17.43064396
SAU,2001,55.96119598,10805.31133,17.86858711
SAU,2002,57.06008443,10586.05435,18.45070396
SAU,2003,58.02466277,11487.22041,19.13075713
SAU,2004,58.76202593,13154.4979,19.86160531
SAU,2005,59.1792688,15975.74738,20.59639976
SAU,2006,59.34607383,17563.61454,21.39609584
SAU,2007,59.4348208,18596.15026,22.31303796
SAU,2008,59.50665066,22320.4889,23.28060943
SAU,2009,59.62270435,17718.39116,24.23158377
SAU,2010,59.84412279,22028.37902,25.09823671
SAU,2011,61.9036202,26966.29416,25.89350138
SAU,2012,65.81365357,28348.57301,26.66908572
SAU,2013,64.24956643,27290.19781,27.41664294
SAU,2014,51.08775224,27079.67339,28.1274569
SAU,2015,65.61218013,22453.57155,28.7923826
SAU,2016,57.27212943,21515.66001,29.49593909
SAU,2017,59.44024848,23081.20453,30.24503926
SAU,2018,61.98866405,28036.02647,30.91961244
SAU,2019,58.62259286,27892.84215,31.40053486
SAU,2020,53.14860136,23271.40376,31.76090518
SEN,1990,66.603048,957.3143374,30.82336544
SEN,1991,67.05847909,913.3995758,30.80403716
SEN,1992,67.48949718,951.2049601,30.79960804
SEN,1993,67.8708589,877.5290034,30.80830989
SEN,1994,68.17732086,583.782776,30.82788119
SEN,1995,68.38363968,714.9943964,30.85709922
SEN,1996,68.58492078,723.4699501,30.9224597
SEN,1997,68.84888189,650.7763214,31.02751506
SEN,1998,69.10919812,684.5881058,31.13873869
SEN,1999,69.29954456,677.5163387,31.22453868
SEN,2000,69.35359631,603.2331625,31.25368164
SEN,2001,67.97953731,637.2135306,31.18563802
SEN,2002,64.75318974,669.4304473,31.04160245
SEN,2003,60.90968612,817.8880342,30.87785697
SEN,2004,57.68415892,918.1020795,30.75301654
SEN,2005,56.31174066,979.8461015,30.72083838
SEN,2006,56.32875901,1017.201967,30.86869491
SEN,2007,56.43182665,1188.938778,31.1812704
SEN,2008,56.59650366,1398.79218,31.55661341
SEN,2009,56.79835009,1308.694043,31.8912131
SEN,2010,57.012926,1275.883575,32.08255138
SEN,2011,59.14123976,1374.675919,32.11947236
SEN,2012,71.98450975,1326.837988,32.09095125
SEN,2013,50.77406259,1379.831966,32.0390425
SEN,2014,54.88946654,1398.891376,32.00548044
SEN,2015,70.7409851,1218.006136,32.03316158
SEN,2016,62.24529071,1266.439572,32.21241154
SEN,2017,68.99616112,1356.805184,32.55096304
SEN,2018,61.80097405,1452.556126,32.96363643
SEN,2019,60.34290163,1431.181289,33.36736207
SEN,2020,63.74022113,1461.087204,33.99121472
SRB,1995,33.02451279,2349.406452,111.8709499
SRB,1996,32.62527405,3053.905169,111.3513278
SRB,1997,32.11158427,3573.504402,110.4643258
SRB,1998,31.62163157,2775.47373,109.3529646
SRB,1999,31.29360409,2768.910413,108.1609813
SRB,2000,31.26568995,974.7254693,107.0262648
SRB,2001,31.58792716,1812.420883,105.8373021
SRB,2002,32.1130883,2390.734594,104.4324409
SRB,2003,32.68346338,3153.901131,102.8803751
SRB,2004,33.14134242,3597.087981,101.2583783
SRB,2005,33.32901543,3807.974173,99.63368815
SRB,2006,33.11846616,4492.71367,97.79060986
SRB,2007,32.61638714,6081.087657,95.61263262
SRB,2008,32.01713153,7376.735179,93.30559197
SRB,2009,31.5150525,6414.044846,91.06659251
SRB,2010,31.30450324,5970.926609,89.0965344
SRB,2011,33.95588567,7082.286167,87.14062194
SRB,2012,30.38464917,6263.040861,84.99233019
SRB,2013,28.45613507,7040.418121,82.9378018
SRB,2014,28.03673292,6886.678091,81.26195654
SRB,2015,27.86326925,5820.321558,80.24542055
SRB,2016,25.5339499,5982.370301,79.70537364
SRB,2017,26.2823086,6548.036538,79.28669224
SRB,2018,27.12834196,7559.861657,79.01561135
SRB,2019,22.6362589,7755.632986,78.92145498
SRB,2020,22.50753557,8098.709557,79.07633479
SYC,1990,8.725008843,5642.072897,41.36638564
SYC,1991,8.987289128,5654.639757,41.86243472
SYC,1992,9.23279609,6520.489505,42.27370936
SYC,1993,9.457879863,6978.680754,42.58792978
SYC,1994,9.658890578,6974.867706,42.7605666
SYC,1995,9.83217837,7180.668327,42.74456829
SYC,1996,9.998361482,7004.336039,42.5869912
SYC,1997,10.16595627,7746.698513,42.36639018
SYC,1998,10.31316004,8209.514443,42.13740367
SYC,1999,10.41817008,8243.236101,41.93920877
SYC,2000,10.45918371,8063.655006,41.81156469
SYC,2001,10.43722466,8153.298637,41.63561462
SYC,2002,10.37540799,8864.169195,41.3193425
SYC,2003,10.28506795,9070.284608,40.93940146
SYC,2004,10.17753879,10827.67164,40.57259762
SYC,2005,10.06415477,11802.11183,40.2976134
SYC,2006,9.881010292,12782.99389,40.07895164
SYC,2007,9.60702172,12669.30267,39.84495458
SYC,2008,9.317756231,11265.43763,39.62654016
SYC,2009,9.088781006,9747.091805,39.44586666
SYC,2010,8.995663224,10934.79495,39.32654338
SYC,2011,10.48363236,12110.09375,39.26134704
SYC,2012,9.819805685,12337.15547,39.23335341
SYC,2013,9.655941003,14821.29215,39.25890829
SYC,2014,9.06745869,15188.19022,39.352959
SYC,2015,9.001745365,15333.10517,39.52893228
SYC,2016,9.912230008,16566.9946,39.96410329
SYC,2017,9.847947439,17480.36519,40.66050692
SYC,2018,9.355914849,18440.23405,41.36794429
SYC,2019,9.43411736,19141.51187,41.84319514
SYC,2020,8.499838577,14041.47541,42.19768422
SLE,1990,43.17897877,154.7942462,24.24780241
SLE,1991,41.09065615,183.6863906,24.39878274
SLE,1992,39.40391429,163.1976263,24.59722641
SLE,1993,38.15465222,184.9517451,24.82756054
SLE,1994,37.37876901,218.5073839,25.07135452
SLE,1995,37.11216371,208.3520433,25.31428955
SLE,1996,37.56975773,224.2585894,25.63914702
SLE,1997,38.66778662,199.8801032,26.07717137
SLE,1998,39.99412062,156.5181188,26.57708844
SLE,1999,41.13662998,155.0208333,27.08563209
SLE,2000,41.68318494,143.7437432,27.53747335
SLE,2001,41.76188178,358.3156859,27.96013045
SLE,2002,41.78167837,388.995136,28.40342237
SLE,2003,41.75173726,413.817666,28.84318092
SLE,2004,41.68122105,417.7500348,29.24370462
SLE,2005,41.57929231,462.6333244,29.56240245
SLE,2006,41.02154796,517.913366,29.85026335
SLE,2007,39.8572437,578.6484174,30.14819271
SLE,2008,38.50603023,650.6844222,30.42607566
SLE,2009,37.38755829,624.8987979,30.65631471
SLE,2010,36.92147859,648.1292295,30.80574314
SLE,2011,43.13492173,718.1616807,30.89770744
SLE,2012,42.39698958,904.840762,30.97281082
SLE,2013,34.42033317,1146.416391,31.04303028
SLE,2014,36.21937351,1140.927423,31.12144249
SLE,2015,51.80616711,945.1481685,31.21338944
SLE,2016,48.70367439,838.6316153,31.37475539
SLE,2017,44.70737676,788.4868673,31.61386101
SLE,2018,44.33515011,845.9145405,31.88680056
SLE,2019,38.59209829,843.7125173,32.1496777
SLE,2020,43.2210935,845.3138363,32.63809293
SGP,1990,35.03329263,11861.75616,105.1548351
SGP,1991,30.86528306,14502.37999,105.9737593
SGP,1992,27.07396399,16136.24054,106.6890516
SGP,1993,23.91824727,18290.13011,107.1649914
SGP,1994,21.65704475,21552.41004,107.2802195
SGP,1995,20.54926827,24914.8507,107.1583448
SGP,1996,20.2379666,26232.8661,106.0795871
SGP,1997,20.11910282,26375.86537,104.4680067
SGP,1998,20.08096025,21829.27378,102.4348876
SGP,1999,20.01182217,21796.63739,100.7309799
SGP,2000,19.79997192,23852.83895,99.05119699
SGP,2001,19.31426286,21699.74149,97.51943586
SGP,2002,18.58425257,22159.83737,96.02487035
SGP,2003,17.73928066,23730.38401,94.62255493
SGP,2004,16.90868676,27608.08001,93.07435899
SGP,2005,16.22181047,29961.31728,91.70366489
SGP,2006,15.60320415,33768.45282,90.20769738
SGP,2007,14.95527648,39432.88602,88.24373292
SGP,2008,14.37415164,40008.57205,86.0130606
SGP,2009,13.95595379,38926.80544,84.24255741
SGP,2010,13.7968071,47236.68308,82.85826189
SGP,2011,15.50309323,53891.45703,81.63883323
SGP,2012,16.92235993,55547.55531,80.20716482
SGP,2013,18.07666256,56967.42579,78.772255
SGP,2014,17.28168859,57564.80231,77.60603278
SGP,2015,17.1833033,55645.60686,76.83248881
SGP,2016,15.90029489,56899.91818,76.37251176
SGP,2017,16.07688405,61162.09739,76.19188032
SGP,2018,15.97685716,66840.63734,76.01451179
SGP,2019,17.07590632,66081.71992,75.76229293
SGP,2020,13.86919559,61466.80368,75.51732472
SVK,1990,26.10791675,2437.17517,82.81996109
SVK,1991,26.10991088,2726.593055,82.94578797
SVK,1992,26.00363059,2959.336449,82.99517286
SVK,1993,25.80824557,3143.101431,82.97713096
SVK,1994,25.54292553,3820.964275,82.90462703
SVK,1995,25.22684018,4882.511582,82.78861367
SVK,1996,24.60444367,5247.70081,82.41706782
SVK,1997,23.60814426,5172.417575,81.7066311
SVK,1998,22.53904283,5560.916178,80.85554595
SVK,1999,21.69824023,5651.623275,80.06597052
SVK,2000,21.38683734,5421.644844,79.543643
SVK,2001,21.62785163,5712.478028,79.22050067
SVK,2002,22.12497175,6554.628084,78.89814139
SVK,2003,22.70030529,8675.396337,78.58478145
SVK,2004,23.17595985,10650.12901,78.29102256
SVK,2005,23.37404302,11641.54103,78.02471724
SVK,2006,23.17577913,13167.89547,77.73464871
SVK,2007,22.70299601,16110.48173,77.37821027
SVK,2008,22.13870649,18744.31923,76.97433459
SVK,2009,21.66592338,16586.75278,76.54496579
SVK,2010,21.46765949,16899.44868,76.11079979
SVK,2011,22.55585624,18469.43543,75.4660932
SVK,2012,20.3421781,17516.96911,74.54671562
SVK,2013,19.58088787,18312.78051,73.58450801
SVK,2014,19.26610105,18770.92899,72.81151223
SVK,2015,19.18674764,16442.07609,72.46044093
SVK,2016,17.87880045,16636.07691,72.64068558
SVK,2017,18.18474975,17645.52987,73.14185121
SVK,2018,18.67878491,19573.3717,73.71872559
SVK,2019,15.83711665,19406.05897,74.12985159
SVK,2020,15.39161943,19735.48583,74.26356529
SVN,1990,25.12691514,9925.14071,162.1129937
SVN,1991,25.00669002,7229.311498,163.1809808
SVN,1992,24.80930844,7151.152438,163.9294021
SVN,1993,24.548433,7254.588874,164.3500532
SVN,1994,24.23772631,8243.898955,164.4561414
SVN,1995,23.89085099,10738.08876,164.2471148
SVN,1996,23.32666242,10796.73994,163.4106617
SVN,1997,22.50565539,10436.72607,161.8679994
SVN,1998,21.65395162,11131.56666,159.9548188
SVN,1999,20.99767283,11401.49068,157.9824591
SVN,2000,20.76294074,10135.72191,156.2841078
SVN,2001,20.93419702,10375.62559,154.7819926
SVN,2002,21.26822316,11639.12978,153.1837447
SVN,2003,21.64965057,14711.67487,151.4629315
SVN,2004,21.96311064,17103.82978,149.580901
SVN,2005,22.0932348,17969.70959,147.5184622
SVN,2006,21.7654812,19563.00506,144.5787615
SVN,2007,20.98391492,23725.1596,140.5004306
SVN,2008,20.05107775,27461.97642,135.9385027
SVN,2009,19.26951147,24501.78973,131.5390477
SVN,2010,18.94175787,23329.84177,127.9536968
SVN,2011,20.69735087,24940.62848,124.9136501
SVN,2012,18.34301912,22442.14179,121.851169
SVN,2013,18.16324479,23236.96553,119.0009345
SVN,2014,17.79704249,24013.06821,116.5836471
SVN,2015,17.72092606,20697.27485,114.8266044
SVN,2016,16.45177746,21447.83778,113.4825988
SVN,2017,16.50269644,23303.07771,112.2419266
SVN,2018,18.18015528,25888.04811,111.2494761
SVN,2019,13.90821658,25814.16872,110.6462028
SVN,2020,14.29115275,25392.06511,110.6677155
SLB,1990,12.43428667,648.3252126,76.9394483
SLB,1991,12.32040595,665.8331041,78.534311
SLB,1992,12.24009013,763.8579685,80.00116702
SLB,1993,12.19131941,828.8699978,81.25638094
SLB,1994,12.17207398,1078.041093,82.21555445
SLB,1995,12.18033404,1220.179193,82.79537358
SLB,1996,12.24827663,1289.330369,83.11574507
SLB,1997,12.38304274,1292.239519,83.39571348
SLB,1998,12.5450585,1091.890969,83.61358373
SLB,1999,12.69475003,1133.622565,83.75353131
SLB,2000,12.79254343,953.1719014,83.79961692
SLB,2001,12.81537353,911.7919354,83.6933453
SLB,2002,12.78865089,756.8902965,83.46869679
SLB,2003,12.74551528,895.9892727,83.20165523
SLB,2004,12.71910647,986.081904,82.97020523
SLB,2005,12.74256422,1144.457585,82.85269037
SLB,2006,12.84185013,1255.625891,82.88204304
SLB,2007,12.99619038,1390.156966,83.02473323
SLB,2008,13.16862163,1525.850924,83.24343309
SLB,2009,13.32218052,1554.707237,83.50195739
SLB,2010,13.4199037,1685.15499,83.76496664
SLB,2011,13.30860868,1924.052773,84.15478155
SLB,2012,13.31689811,2066.253523,84.72554657
SLB,2013,13.57873135,2161.395736,85.33192977
SLB,2014,13.6743436,2164.944239,85.82952686
SLB,2015,13.38897778,2045.478895,86.07356754
SLB,2016,13.47202595,2082.62989,85.82887953
SLB,2017,13.43405834,2143.574652,85.19753145
SLB,2018,14.2731157,2278.206339,84.5393292
SLB,2019,14.30023529,2223.665026,84.21397913
SLB,2020,13.95428301,2063.331015,84.62632908
SOM,1990,22.51186527,145.6035014,29.43718116
SOM,1991,19.72124498,105.3713265,29.53102798
SOM,1992,17.80132329,109.2049105,29.63058995
SOM,1993,16.60816105,188.6031587,29.71439965
SOM,1994,15.99781909,210.7937796,29.77126248
SOM,1995,15.82635824,210.6732546,29.81883148
SOM,1996,17.14538734,237.241441,29.87958609
SOM,1997,20.2907644,280.1127242,29.9509558
SOM,1998,24.04492412,363.2000135,30.01571666
SOM,1999,27.19030119,358.6587808,30.05586035
SOM,2000,28.50933028,386.1192744,30.05456021
SOM,2001,27.89014938,244.9148425,30.03937213
SOM,2002,26.41364109,229.5989183,30.04005202
SOM,2003,24.65135699,286.2730252,30.04083995
SOM,2004,23.1748487,375.4103262,30.02600833
SOM,2005,22.5556678,439.9799078,29.98079369
SOM,2006,22.59636277,457.9966622,29.87465392
SOM,2007,22.73108592,479.6356281,29.71454831
SOM,2008,22.97879459,507.0374433,29.54167315
SOM,2009,23.3584461,246.5132517,29.39791841
SOM,2010,23.88899781,219.2024539,29.32648766
SOM,2011,27.74333206,235.3259456,29.33559096
SOM,2012,29.2235174,350.2619467,29.38765221
SOM,2013,27.54794154,393.398705,29.45808487
SOM,2014,25.44048642,429.431656,29.53278552
SOM,2015,24.73237336,445.5830786,29.60036121
SOM,2016,25.30113953,460.928492,29.67435266
SOM,2017,26.64046837,510.939953,29.76686561
SOM,2018,27.08884707,509.5258024,29.859637
SOM,2019,22.83604392,539.8939316,29.93338916
SOM,2020,24.52510822,518.1847785,30.06291381
ZAF,1990,24.56797448,3093.489204,86.36423587
ZAF,1991,24.69795226,3243.23616,85.82967467
ZAF,1992,24.79068494,3462.394002,85.35710537
ZAF,1993,24.85090941,3399.640096,84.94876413
ZAF,1994,24.88336256,3488.597115,84.60404752
ZAF,1995,24.89278127,3855.634087,84.32178754
ZAF,1996,24.86329413,3617.55336,84.13636418
ZAF,1997,24.78370304,3700.235548,84.03226051
ZAF,1998,24.6657548,3309.609331,83.93279167
ZAF,1999,24.52119623,3242.368305,83.77161185
ZAF,2000,24.36177415,3217.846934,83.49358781
ZAF,2001,24.06394288,2847.151919,83.23941393
ZAF,2002,23.58936361,2688.23676,83.07660317
ZAF,2003,23.07759345,4062.21756,82.83323382
ZAF,2004,22.66818948,5221.463337,82.34329629
ZAF,2005,22.5007088,5836.876633,81.45218435
ZAF,2006,22.71703629,6077.382934,79.70903966
ZAF,2007,23.24411385,6591.85536,77.08074525
ZAF,2008,23.89908409,6184.754743,74.03793804
ZAF,2009,24.49908961,6374.7056,71.04176372
ZAF,2010,24.86127304,7973.471958,68.5484901
ZAF,2011,24.99688452,8646.055711,66.33173427
ZAF,2012,24.6444105,8076.976785,64.01305173
ZAF,2013,24.16074609,7331.654674,61.82576892
ZAF,2014,24.54848349,6856.731371,60.00257445
ZAF,2015,24.5964053,6112.273825,58.77520181
ZAF,2016,24.14768911,5651.205852,58.0729999
ZAF,2017,23.7549374,6618.335083,57.64268072
ZAF,2018,23.8122504,6914.178032,57.4516757
ZAF,2019,23.18977206,6533.71121,57.46940597
ZAF,2020,23.75306924,5580.603831,57.80342698
SSD,2008,36.2667194,1654.211535,20.89061761
SSD,2009,36.16347625,1323.220687,20.8378427
SSD,2010,36.12494067,1498.27035,20.81633057
SSD,2011,38.37701051,1448.98435,20.81932738
SSD,2012,39.05812518,1109.260501,20.83589358
SSD,2013,37.47378781,1650.189434,20.86784608
SSD,2014,31.4965311,1242.734502,20.91779073
SSD,2015,38.25936445,1080.147186,20.98619523
ESP,1990,16.43451333,13795.01594,52.61734618
ESP,1991,16.09772279,14801.32262,53.07426146
ESP,1992,15.80717956,16100.67994,53.45425058
ESP,1993,15.56391639,13330.37982,53.76744397
ESP,1994,15.36896599,13405.70441,54.02379372
ESP,1995,15.2233611,15460.91103,54.23308919
ESP,1996,15.24626829,16100.62158,54.28375858
ESP,1997,15.46872567,14722.37176,54.11714926
ESP,1998,15.75957329,15382.33486,53.81779818
ESP,1999,15.98765117,15707.94731,53.47078362
ESP,2000,16.02179936,14743.2671,53.16193336
ESP,2001,15.84757938,15368.2338,52.87957524
ESP,2002,15.56447295,17111.06851,52.56502832
ESP,2003,15.21220044,21522.0171,52.22599544
ESP,2004,14.83048221,24925.02678,51.87384438
ESP,2005,14.45903862,26450.95301,51.52156787
ESP,2006,14.02204091,28421.68653,51.1182614
ESP,2007,13.49055744,32652.01559,50.63960317
ESP,2008,12.9746542,35603.24833,50.13727469
ESP,2009,12.58439719,32279.82085,49.66060747
ESP,2010,12.42985241,30658.74223,49.26230112
ESP,2011,13.42004829,31824.62191,48.88064589
ESP,2012,12.0395433,28456.44382,48.46744579
ESP,2013,11.25059561,29218.91052,48.08722284
ESP,2014,10.57985921,29694.88749,47.80680874
ESP,2015,11.2555313,25969.83831,47.6925365
ESP,2016,10.33883611,26740.68518,47.83190956
ESP,2017,10.43666705,28367.93926,48.16238016
ESP,2018,10.18457449,30592.12648,48.52118924
ESP,2019,9.353543397,29776.20115,48.74743969
ESP,2020,9.581054607,27230.35999,48.80846824
LKA,1990,26.24025171,491.2136862,217.9172183
LKA,1991,25.84124168,546.2925156,220.0549135
LKA,1992,25.53636022,579.6551176,221.5105058
LKA,1993,25.31897491,607.2318471,222.2995042
LKA,1994,25.18245335,678.268012,222.4268206
LKA,1995,25.12016314,741.8382553,221.919421
LKA,1996,25.24784705,776.1923711,220.132714
LKA,1997,25.59766362,827.0357561,216.7870843
LKA,1998,26.03760417,849.3746128,212.4339814
LKA,1999,26.43566001,826.4212281,207.6385626
LKA,2000,26.65982245,846.4608133,202.9436838
LKA,2001,26.72280951,803.5440266,198.0129045
LKA,2002,26.72066158,834.9360149,192.3276862
LKA,2003,26.64635358,946.3822551,186.1984207
LKA,2004,26.49286042,1028.620681,179.9407333
LKA,2005,26.25315698,1207.219948,173.8670725
LKA,2006,25.85834859,1389.506256,167.0597131
LKA,2007,25.24261851,1578.634511,159.0979096
LKA,2008,24.40355857,1973.584769,151.0602903
LKA,2009,23.33876057,2026.6594,144.0283042
LKA,2010,22.04581633,2808.367792,139.0631123
LKA,2011,19.30672088,3224.957363,135.4664297
LKA,2012,20.91318537,3327.776124,131.9612084
LKA,2013,21.9721782,3740.615893,128.7419596
LKA,2014,19.78312654,3971.919131,125.9928543
LKA,2015,17.91170462,4060.131397,123.8994595
LKA,2016,19.52137197,4149.761055,122.1254676
LKA,2017,18.34920163,4401.05567,120.4326793
LKA,2018,20.84783509,4360.584735,119.1544186
LKA,2019,19.77980365,4082.694049,118.6211096
LKA,2020,19.96444086,3846.174496,119.4278747
KNA,1990,9.139871191,5373.44824,14.56481958
KNA,1991,9.115935561,5464.610257,14.58633964
KNA,1992,9.093137073,5947.121136,14.58835012
KNA,1993,9.071385231,6395.314377,14.57375287
KNA,1994,9.050589537,7065.28292,14.54610502
KNA,1995,9.030659495,7406.444861,14.50890989
KNA,1996,9.022754313,7788.428399,14.39176049
KNA,1997,9.026948965,8626.722575,14.1617607
KNA,1998,9.026526597,8710.789841,13.88217335
KNA,1999,9.00477036,9116.28628,13.61609698
KNA,2000,8.944963401,9319.655451,13.42630584
KNA,2001,8.770222637,10022.59192,13.265661
KNA,2002,8.474615715,10453.65871,13.07001571
KNA,2003,8.147851884,10175.62954,12.87897321
KNA,2004,7.879640392,10944.61837,12.7318954
KNA,2005,7.75969049,11783.78672,12.66752141
KNA,2006,7.749388596,13837.84953,12.67267657
KNA,2007,7.746525929,14757.95798,12.70516984
KNA,2008,7.745418932,16604.94486,12.75958809
KNA,2009,7.740384048,16503.41193,12.83032289
KNA,2010,7.725737722,16622.94579,12.91178256
KNA,2011,7.020546642,17832.45729,12.9940112
KNA,2012,7.639147271,17532.0559,13.07345084
KNA,2013,7.487080514,18580.13019,13.15416849
KNA,2014,7.357520915,20219.39542,13.24053779
KNA,2015,8.179100011,20328.80035,13.33714169
KNA,2016,8.691046503,21387.54155,13.66248267
KNA,2017,8.592314262,22464.98996,14.26494602
KNA,2018,8.017597376,22901.38164,14.89256275
KNA,2019,7.871598558,23595.49232,15.29366857
KNA,2020,8.594307988,18859.01904,15.44642428
LCA,1990,23.26778946,4204.571619,19.7133789
LCA,1991,22.95122449,4398.679069,19.84159551
LCA,1992,22.68639451,4759.838678,19.93781556
LCA,1993,22.48532759,4764.724648,20.00315277
LCA,1994,22.3600518,4892.067336,20.03938628
LCA,1995,22.32259519,5147.92024,20.0486938
LCA,1996,22.40104516,5244.016651,20.00867737
LCA,1997,22.57120184,5282.370114,19.90946561
LCA,1998,22.76666243,5672.513738,19.77031452
LCA,1999,22.92102412,5882.83399,19.61009517
LCA,2000,22.96788412,5879.561914,19.44681284
LCA,2001,22.76236986,5570.452471,19.244166
LCA,2002,22.30738478,5567.894284,18.98845361
LCA,2003,21.75819003,6058.606221,18.73086493
LCA,2004,21.27004676,6494.600349,18.52230703
LCA,2005,20.99821613,6863.436419,18.41282404
LCA,2006,20.9474953,7611.178567,18.3880752
LCA,2007,20.98234794,7964.382115,18.38822088
LCA,2008,21.04753498,8516.960755,18.40082607
LCA,2009,21.08781731,8250.521807,18.41452809
LCA,2010,21.04795588,8673.687203,18.41758207
LCA,2011,20.61192699,9128.99442,18.38964472
LCA,2012,21.0465308,9260.300066,18.33397031
LCA,2013,21.82441505,9576.234634,18.27268745
LCA,2014,22.25781538,10044.82184,18.22906893
LCA,2015,23.96770879,10334.92256,18.22662278
LCA,2016,24.07613014,10638.1902,18.41250674
LCA,2017,23.08332595,11333.19639,18.80628956
LCA,2018,23.27295796,11642.74032,19.23685281
LCA,2019,23.07050058,11794.20565,19.53381329
LCA,2020,23.75858555,8411.199418,19.65880579
VCT,1990,23.86018899,2149.739444,17.17044063
VCT,1991,23.49916672,2270.763572,17.04969938
VCT,1992,23.19520532,2470.518408,16.94242333
VCT,1993,22.9616908,2539.649686,16.8521017
VCT,1994,22.81200917,2563.249766,16.78247741
VCT,1995,22.75954643,2795.363056,16.7363699
VCT,1996,22.82974513,2930.443947,16.71467389
VCT,1997,22.9943863,3073.778474,16.71077492
VCT,1998,23.18636364,3301.100181,16.71419557
VCT,1999,23.33857086,3446.52293,16.71426786
VCT,2000,23.38390168,3768.955366,16.70032208
VCT,2001,23.15847254,4071.086011,16.67096697
VCT,2002,22.65763617,4303.279768,16.63340959
VCT,2003,22.05314071,4499.614542,16.58752641
VCT,2004,21.51673425,4873.489477,16.53386315
VCT,2005,21.22016493,5157.393739,16.47274001
VCT,2006,21.16153126,5744.827862,16.39295953
VCT,2007,21.18865304,6398.191235,16.29170617
VCT,2008,21.24786031,6598.905315,16.1820833
VCT,2009,21.28548311,6463.787773,16.07687182
VCT,2010,21.24785148,6551.96836,15.98848105
VCT,2011,20.81304293,6527.689969,15.87137118
VCT,2012,21.17852263,6713.807686,15.70134645
VCT,2013,22.02886034,7072.467372,15.52272371
VCT,2014,22.4680503,7168.828753,15.37956744
VCT,2015,24.20459509,7353.735561,15.31643069
VCT,2016,24.33098587,7656.900429,15.4725853
VCT,2017,23.45279268,7988.04445,15.84009759
VCT,2018,23.39956827,8428.126772,16.24299895
VCT,2019,23.40624544,8743.332021,16.5048324
VCT,2020,23.92627585,8395.099889,16.64397812
SDN,1990,53.71927223,1257.1875,41.41066344
SDN,1991,50.6606024,1617.556763,41.64858201
SDN,1992,48.36583645,252.6100922,41.87573771
SDN,1993,46.78660447,312.6940613,42.09212318
SDN,1994,45.87453656,439.420929,42.26629546
SDN,1995,45.58126279,462.5854492,42.38638866
SDN,1996,46.53390048,294.8269653,42.50023555
SDN,1997,48.84538411,373.09375,42.64236576
SDN,1998,51.69606949,350.7028809,42.7643129
SDN,1999,54.26631245,324.6596069,42.84294873
SDN,2000,55.7364688,362.1168823,42.85862491
SDN,2001,56.28716461,451.2933044,42.7527039
SDN,2002,56.68823208,506.2626343,42.53413232
SDN,2003,57.00383623,580.3202515,42.26129258
SDN,2004,57.29814211,705.1133423,41.98597031
SDN,2005,57.63531476,905.5436401,41.74283611
SDN,2006,57.9611168,1132.474609,41.52677747
SDN,2007,58.23849175,1444.372192,41.31849762
SDN,2008,58.55737593,1527.582397,41.12529905
SDN,2009,59.00770569,1178.221802,40.95470667
SDN,2010,59.67941735,1305.635986,40.80965578
SDN,2011,62.29416942,1332.657227,40.67558622
SDN,2012,64.14971774,1019.222107,40.54383972
SDN,2013,60.43690036,1138.627808,40.42763558
SDN,2014,49.51694329,1275.438354,40.34438527
SDN,2015,61.11050562,1292.379639,40.31025436
SDN,2016,59.31192329,1033.215942,40.35205907
SDN,2017,59.81684485,966.5056763,40.46205467
SDN,2018,58.69365767,731.0274658,40.61710773
SDN,2019,51.93562183,709.9752808,40.80596519
SDN,2020,45.83490256,577.7952271,41.41431323
SUR,1990,29.71570976,941.5917361,61.03377259
SUR,1991,29.55341035,1079.725213,60.58863748
SUR,1992,29.46465203,968.8952535,60.13153635
SUR,1993,29.43574586,1022.445835,59.6711245
SUR,1994,29.4530029,1433.542557,59.20249482
SUR,1995,29.50273421,1609.825044,58.72532138
SUR,1996,29.82234464,1962.884958,58.15247803
SUR,1997,30.49481932,2067.598149,57.48261943
SUR,1998,31.27483972,2428.58642,56.86468461
SUR,1999,31.91708732,1898.180182,56.44536427
SUR,2000,32.1762436,1988.221729,56.3722572
SUR,2001,31.53600337,1714.648466,56.67902026
SUR,2002,30.00887126,2202.340682,57.20934063
SUR,2003,28.14274346,2516.10404,57.82743072
SUR,2004,26.48551613,2887.772173,58.39738229
SUR,2005,25.58508548,3453.428659,58.78406599
SUR,2006,25.34038888,5002.657987,59.00844681
SUR,2007,25.22407274,5530.176156,59.19845016
SUR,2008,25.14459676,6576.085463,59.37922304
SUR,2009,25.01042062,7129.576863,59.57682487
SUR,2010,24.73000403,7943.604828,59.81707329
SUR,2011,23.13423331,7949.888672,60.19825201
SUR,2012,26.35644953,8851.240507,60.71827845
SUR,2013,25.04735514,9043.192815,61.25201898
SUR,2014,25.57949241,9108.189054,61.67523421
SUR,2015,27.42113688,8813.617054,61.86238775
SUR,2016,27.03352912,5644.206106,61.61064494
SUR,2017,26.77979374,6049.521286,61.02530355
SUR,2018,29.66419342,6665.741805,60.44564301
SUR,2019,29.990412,6629.667752,60.20674135
SUR,2020,27.30596984,4755.392217,60.64407332
SWE,1990,11.12076145,30549.66928,164.5642
SWE,1991,10.92947959,31777.0328,163.409638
SWE,1992,10.74625088,32753.8047,161.9505329
SWE,1993,10.57050685,24390.1538,160.2194856
SWE,1994,10.40167905,26045.81489,158.2525589
SWE,1995,10.23919903,30254.29729,156.0877825
SWE,1996,10.10382286,33022.56495,153.3058759
SWE,1997,10.00270771,30324.45109,149.7923251
SWE,1998,9.914886768,30605.62272,146.0202388
SWE,1999,9.819393239,30969.10335,142.4897798
SWE,2000,9.695260312,29632.77361,139.6852706
SWE,2001,9.496129424,27259.48067,137.4627563
SWE,2002,9.221558249,29957.93877,135.4111787
SWE,2003,8.91945433,37292.42143,133.5849206
SWE,2004,8.63772521,42758.20155,132.0617389
SWE,2005,8.424278434,43378.61521,130.9027737
SWE,2006,8.257155645,46531.60011,130.0222611
SWE,2007,8.094841666,53568.56455,129.2783113
SWE,2008,7.955908814,55817.43927,128.6477968
SWE,2009,7.858929405,46707.86732,128.1029613
SWE,2010,7.822475754,52542.82741,127.6190679
SWE,2011,7.912439332,60379.77482,127.0888128
SWE,2012,6.609055044,57749.82513,126.468719
SWE,2013,6.562228569,60844.27671,125.8489803
SWE,2014,6.772288614,59583.714,125.3120921
SWE,2015,6.302605044,51197.95293,124.9419982
SWE,2016,5.697833292,51820.39725,124.6251261
SWE,2017,6.061803567,53300.85873,124.2432421
SWE,2018,6.290862321,54181.90698,123.876096
SWE,2019,6.068692696,51773.04646,123.5900552
SWE,2020,5.636707906,52653.75659,123.2911432
CHE,1990,19.48316338,39574.53981,171.6175373
CHE,1991,19.32357806,39544.49468,171.4240369
CHE,1992,19.12559566,40713.68815,170.9981387
CHE,1993,18.89474531,39237.11866,170.375222
CHE,1994,18.63655614,43091.7771,169.6044533
CHE,1995,18.35655728,50113.83212,168.7310796
CHE,1996,18.01046619,48092.6433,167.404313
CHE,1997,17.58320842,41584.44178,165.4265746
CHE,1998,17.12412521,42680.58673,163.0434359
CHE,1999,16.68255784,41695.69129,160.5081302
CHE,2000,16.30784754,38865.02194,158.0725118
CHE,2001,15.93809194,39638.79111,155.4992468
CHE,2002,15.50904039,42458.73847,152.4772618
CHE,2003,15.06651172,49335.74563,149.1348542
CHE,2004,14.65632479,54659.45715,145.6004377
CHE,2005,14.32429843,56242.89336,142.0032078
CHE,2006,14.03545021,59011.03246,138.0902947
CHE,2007,13.74821639,64989.15533,133.6826839
CHE,2008,13.49854377,74175.19279,129.0157454
CHE,2009,13.32237919,71568.31239,124.3295142
CHE,2010,13.25566948,76531.37294,119.8597243
CHE,2011,13.86473184,90476.75897,115.2796084
CHE,2012,12.68274858,85836.20768,110.3739028
CHE,2013,12.44329608,87304.33058,105.5655983
CHE,2014,10.6156285,88724.99094,101.2677037
CHE,2015,11.72260824,83806.4476,97.89236363
CHE,2016,10.656646,82153.07454,95.05377629
CHE,2017,9.914814645,82254.37693,92.36422372
CHE,2018,10.14815928,85217.36915,90.23904881
CHE,2019,9.450018754,84121.93103,89.0987229
CHE,2020,9.061049686,85897.78433,89.05955311
SYR,1990,25.87324806,978.489617,18.94807256
SYR,1991,26.11119505,1000.077987,18.76216562
SYR,1992,26.25413967,990.1382512,18.59314471
SYR,1993,26.32573723,992.7713675,18.44732797
SYR,1994,26.34964301,712.3877166,18.33124202
SYR,1995,26.34951233,779.6991002,18.25130894
SYR,1996,25.99548801,918.1958574,18.18826075
SYR,1997,25.15744232,940.8265898,18.12550889
SYR,1998,24.15862467,960.8375049,18.07537766
SYR,1999,23.32228451,978.1745317,18.05005597
SYR,2000,22.97167124,1138.188485,18.06132454
SYR,2001,23.03977439,1186.829135,18.11554091
SYR,2002,23.22661491,1183.247345,18.20476603
SYR,2003,23.50598943,1220.179077,18.319592
SYR,2004,23.85169457,1368.114823,18.44890686
SYR,2005,24.23752694,1533.901665,18.58271702
SYR,2006,25.00048518,1718.783472,18.79724984
SYR,2007,26.24555086,1937.611386,19.12166504
SYR,2008,27.59849511,2429.124771,19.4838737
SYR,2009,28.685089,2462.201936,19.81044574
SYR,2010,29.13110363,2730.614771,20.01819806
SYR,2011,25.68586673,2952.143494,20.1105963
SYR,2012,24.54999523,1897.66115,20.16835434
SYR,2013,26.315163,985.8926692,20.22472284
SYR,2014,25.73241889,1060.591059,20.30644473
SYR,2015,26.97950237,847.7316319,20.42480437
SYR,2016,25.57061702,656.3490586,20.90687052
SYR,2017,24.58144406,851.5020053,21.83161545
SYR,2018,25.9590823,1098.066864,22.81142144
SYR,2019,26.47256113,1109.53926,23.43709042
SYR,2020,24.70583826,572.3552898,23.69563719
TJK,1990,33.41282303,487.0361287,35.70641893
TJK,1991,33.6928715,457.7678259,35.45452305
TJK,1992,33.99097755,337.8331455,35.12295278
TJK,1993,34.30353218,287.6201238,34.75262892
TJK,1994,34.6269264,261.2712545,34.3453139
TJK,1995,34.95755122,207.0344573,33.90850578
TJK,1996,35.39039656,172.0350887,33.34655616
TJK,1997,35.93946258,150.0885502,32.59709691
TJK,1998,36.4796556,213.7491456,31.75775595
TJK,1999,36.88588194,175.0237647,30.92592968
TJK,2000,37.03304794,136.9257164,30.19641165
TJK,2001,36.61691078,168.6762854,29.46147309
TJK,2002,35.66039685,186.9516383,28.64223127
TJK,2003,34.52916626,233.5812485,27.88110134
TJK,2004,33.58887912,305.7451586,27.31930201
TJK,2005,33.20519554,333.9271509,27.09577996
TJK,2006,33.43715768,401.0184033,27.1994723
TJK,2007,34.14486645,516.9972106,27.47713724
TJK,2008,35.39557001,703.3273759,27.86107011
TJK,2009,37.25651655,664.7956557,28.2810515
TJK,2010,39.79495425,737.3388832,28.66719076
TJK,2011,53.1958827,833.6019782,29.05422797
TJK,2012,51.37942636,952.4528197,29.50776086
TJK,2013,51.04609041,1028.197043,30.00737919
TJK,2014,46.67001301,1081.544029,30.53050672
TJK,2015,45.57498885,956.9163109,31.05747759
TJK,2016,44.76555037,788.7104817,31.70202136
TJK,2017,42.50533606,829.4571476,32.47338298
TJK,2018,42.33350647,834.2884046,33.1945479
TJK,2019,40.28904966,871.0223729,33.68701282
TJK,2020,37.05340623,834.3117155,33.83509841
TZA,1990,16.54556329,243.611557,29.70809766
TZA,1991,16.35916969,276.4524536,29.55539617
TZA,1992,16.24639794,250.3299255,29.39458322
TZA,1993,16.18886248,224.4915466,29.23211652
TZA,1994,16.16817776,228.8900299,29.07123947
TZA,1995,16.16595823,258.418335,28.91803681
TZA,1996,16.53104976,313.6583862,28.74583872
TZA,1997,17.42224246,363.5976868,28.53553458
TZA,1998,18.53606713,386.3784485,28.30709757
TZA,1999,19.56905455,392.6217651,28.07857375
TZA,2000,20.21773554,401.6981506,27.86876631
TZA,2001,20.52207811,396.6387329,27.66500599
TZA,2002,20.75046147,402.6490479,27.45363252
TZA,2003,20.94203322,422.1835938,27.24885111
TZA,2004,21.13594093,450.3852844,27.06394132
TZA,2005,21.37133219,483.3348694,26.91219134
TZA,2006,21.61325788,475.7467346,26.75229536
TZA,2007,21.84344975,543.1983032,26.55854545
TZA,2008,22.12607669,675.9772339,26.36676312
TZA,2009,22.52530757,693.8235474,26.21268487
TZA,2010,23.10531126,736.5301514,26.13209045
TZA,2011,25.1532727,775.3927612,26.11267281
TZA,2012,25.56674876,861.9699097,26.11952828
TZA,2013,24.53406821,963.0571289,26.15165581
TZA,2014,24.2244901,1022.748413,26.20742486
TZA,2015,25.16826194,939.1273193,26.28549706
TZA,2016,25.39381754,953.0107422,26.47049306
TZA,2017,21.00066031,986.6740112,26.78885992
TZA,2018,21.29448926,1023.106262,27.14882819
TZA,2019,20.77856879,1063.32251,27.45767799
TZA,2020,25.08143115,1117.415283,27.89522662
THA,1990,44.30088875,1559.112093,87.27160894
THA,1991,43.75986317,1765.622674,89.93478331
THA,1992,43.24413248,1971.608799,92.14766961
THA,1993,42.76273201,2245.136887,93.85554567
THA,1994,42.3246971,2517.707326,95.00362323
THA,1995,41.9390631,2864.365157,95.5382821
THA,1996,41.57210439,3054.656908,95.23280343
THA,1997,41.20397967,2473.14097,94.09980011
THA,1998,40.86455075,1847.703793,92.45559832
THA,1999,40.58367945,2033.244905,90.61343425
THA,2000,40.39122756,2005.976945,88.88373887
THA,2001,40.35065432,1889.934325,86.77779637
THA,2002,40.43269527,2089.751831,83.869939
THA,2003,40.52812677,2347.540013,80.57698676
THA,2004,40.52772515,2641.562687,77.31696604
THA,2005,40.32226677,2867.703834,74.50708673
THA,2006,39.75210625,3331.320435,71.87318649
THA,2007,38.75093016,3918.528174,69.06286264
THA,2008,37.34951271,4309.135093,66.3987798
THA,2009,35.5786281,4135.43987,64.19570569
THA,2010,33.46905055,4973.862888,62.68200555
THA,2011,29.05919519,5373.623283,61.64257657
THA,2012,31.5886299,5725.528028,60.76741119
THA,2013,34.48835114,6018.082447,60.04728127
THA,2014,29.97053846,5801.197892,59.43560349
THA,2015,28.15444138,5688.853354,58.91565444
THA,2016,30.39859962,5833.577156,58.43841047
THA,2017,27.10067447,6413.091825,58.02192434
THA,2018,30.0080974,7099.776501,57.74776429
THA,2019,30.38275655,7605.696578,57.69912711
THA,2020,31.00720163,6985.643939,58.05306724
TLS,1990,21.83595402,168.6210102,38.64994829
TLS,1991,21.71485645,189.7946492,38.70516274
TLS,1992,21.60097742,235.0647677,38.6420679
TLS,1993,21.4970953,264.0669948,38.48769673
TLS,1994,21.40598847,283.0580005,38.26918711
TLS,1995,21.3304353,302.736982,38.01710252
TLS,1996,21.27047432,344.0133276,37.44061815
TLS,1997,21.22006214,348.864241,36.39443277
TLS,1998,21.17285429,345.5909096,35.09958289
TLS,1999,21.12250627,269.9873128,33.78570501
TLS,2000,21.06267359,492.4576694,32.66134513
TLS,2001,21.00356468,587.8043556,31.60898222
TLS,2002,20.94891155,533.9824764,30.48505984
TLS,2003,20.88265502,534.9011537,29.42164478
TLS,2004,20.78873594,474.4207673,28.55160818
TLS,2005,20.65109514,487.4645554,28.00967885
TLS,2006,20.37899178,464.6670018,27.7390672
TLS,2007,19.91298845,540.1545842,27.58581568
TLS,2008,19.28398119,628.1532193,27.53466594
TLS,2009,18.52286602,686.5792958,27.56972392
TLS,2010,17.66053899,813.0601773,27.67454179
TLS,2011,16.25849795,939.0452411,27.83305103
TLS,2012,17.65438371,1022.619032,28.03984423
TLS,2013,17.50056882,1204.568415,28.29274334
TLS,2014,16.80690478,1224.749578,28.58960922
TLS,2015,15.76199766,1319.592974,28.92923978
TLS,2016,16.20810395,1335.543901,29.56454667
TLS,2017,14.98180302,1266.17768,30.52808352
TLS,2018,16.81649672,1219.465986,31.48262961
TLS,2019,17.6278812,1562.364589,32.0904262
TLS,2020,17.4104662,1630.869354,32.31872132
TGO,1990,60.0438695,575.0945119,31.06463383
TGO,1991,57.19016195,549.8080116,31.17697623
TGO,1992,55.12317108,564.7173365,31.29352777
TGO,1993,53.75525638,414.0139952,31.40683995
TGO,1994,52.99877728,328.6009561,31.51686642
TGO,1995,52.76609326,419.2203349,31.62516821
TGO,1996,53.90295275,452.0684369,31.70967062
TGO,1997,56.61392538,448.0010969,31.7781794
TGO,1998,59.8496024,461.1582459,31.84838574
TGO,1999,62.56057503,445.2914841,31.9434389
TGO,2000,63.69743453,409.8898028,32.09379756
TGO,2001,61.83759942,396.6926545,32.33148069
TGO,2002,57.40257546,445.2386915,32.6314156
TGO,2003,52.10908464,538.1653778,32.93711955
TGO,2004,47.67384896,560.2663085,33.19355733
TGO,2005,45.81359044,551.25985,33.35005646
TGO,2006,45.87836439,552.5022713,33.4283366
TGO,2007,46.06109191,607.5882245,33.48684828
TGO,2008,46.34279372,718.9487864,33.53456716
TGO,2009,46.70449055,720.6941688,33.57697769
TGO,2010,47.12720312,704.9871642,33.63792857
TGO,2011,48.26952768,783.9893805,33.77252888
TGO,2012,53.64079227,762.3920476,33.98622049
TGO,2013,43.02191658,826.5432595,34.23280183
TGO,2014,43.06363427,855.5852849,34.46431677
TGO,2015,67.31607917,751.0524051,34.64753997
TGO,2016,60.28984293,772.5817871,34.81120113
TGO,2017,58.24504946,792.7654872,35.00268858
TGO,2018,55.10423805,851.1308069,35.21298605
TGO,2019,47.62906647,826.2606541,35.42878584
TGO,2020,51.66613694,853.5782203,35.968157
TON,1990,12.69296796,1139.055382,34.09593384
TON,1991,12.55287829,1323.400986,34.33692694
TON,1992,12.44245214,1370.361426,34.5582728
TON,1993,12.36368806,1383.473866,34.7486227
TON,1994,12.31858457,1956.661611,34.89663123
TON,1995,12.30914021,2084.027813,34.99088947
TON,1996,12.37614209,2214.914442,35.01719515
TON,1997,12.5240227,2135.521364,34.99597079
TON,1998,12.70024868,1888.832008,34.96485593
TON,1999,12.85228666,1952.146144,34.96259785
TON,2000,12.92760328,1995.076503,35.02662522
TON,2001,12.90541198,1753.516595,35.20264312
TON,2002,12.82142185,1759.480333,35.47366009
TON,2003,12.70784297,1936.041237,35.78111024
TON,2004,12.59688544,2195.448741,36.06485886
TON,2005,12.52075932,2477.726409,36.26408267
TON,2006,12.48045,2750.347582,36.33913327
TON,2007,12.4498683,2797.065552,36.33086109
TON,2008,12.42061248,3218.452996,36.30001729
TON,2009,12.38428078,2914.237908,36.30828467
TON,2010,12.33247148,3416.083581,36.41509467
TON,2011,12.13043892,3849.993708,36.62656551
TON,2012,12.37659325,4384.170583,36.89457511
TON,2013,12.18020148,4219.246595,37.19616451
TON,2014,12.09138221,4136.590138,37.5078423
TON,2015,11.7395693,4123.90324,37.8058421
TON,2016,12.01701831,3987.986262,38.16507368
TON,2017,12.08036986,4365.929328,38.60932737
TON,2018,12.64685274,4638.897743,39.03903977
TON,2019,12.75744611,4676.847903,39.35472118
TON,2020,12.47841295,4700.449328,39.59068048
TTO,1990,24.1352092,4047.250936,43.27579103
TTO,1991,24.02258109,4205.377783,43.01437308
TTO,1992,23.93092843,4277.474369,42.72109042
TTO,1993,23.86360264,3646.712317,42.40670262
TTO,1994,23.82395513,3839.962902,42.08219395
TTO,1995,23.81533732,4114.689085,41.75872499
TTO,1996,23.86213884,4427.278324,41.32643994
TTO,1997,23.95789702,4393.944969,40.72997332
TTO,1998,24.05968482,4612.709003,40.06383956
TTO,1999,24.12457521,5179.083508,39.42249791
TTO,2000,24.10964114,6178.589756,38.90130554
TTO,2001,23.83438911,6657.414669,38.4495974
TTO,2002,23.27505903,6762.930808,37.97593022
TTO,2003,22.62382399,8445.046535,37.51408114
TTO,2004,22.07285706,9871.034198,37.09788779
TTO,2005,21.81433132,12346.43731,36.76134758
TTO,2006,21.85635571,14152.66074,36.45975222
TTO,2007,22.03215772,16606.67536,36.14438248
TTO,2008,22.27158822,21298.99453,35.84527907
TTO,2009,22.50449809,14634.0565,35.59297021
TTO,2010,22.6607382,16815.42474,35.4177573
TTO,2011,22.68905256,19151.08702,35.25394606
TTO,2012,22.64997514,20472.35743,35.03115333
TTO,2013,23.38394537,21416.36608,34.77090338
TTO,2014,24.08935817,22074.42631,34.49498759
TTO,2015,26.25929627,20024.75466,34.22555946
TTO,2016,25.23264913,17521.80075,33.80509451
TTO,2017,25.39889158,17720.49724,33.21008209
TTO,2018,24.31385327,18076.35656,32.66364711
TTO,2019,25.01022716,17431.02693,32.38881462
TTO,2020,25.60225836,15224.50835,32.50824558
TUN,1990,22.25144088,1476.431605,28.95992198
TUN,1991,21.83290735,1537.879165,29.1131177
TUN,1992,21.57958462,1784.818502,29.28026249
TUN,1993,21.45020777,1649.185373,29.45433493
TUN,1994,21.40351191,1733.466147,29.62849409
TUN,1995,21.39823214,1968.166009,29.79640065
TUN,1996,22.0303256,2107.408156,30.00285021
TUN,1997,23.53522684,2202.060906,30.26747989
TUN,1998,25.3308871,2285.019335,30.54300935
TUN,1999,26.83525762,2376.065668,30.78209787
TUN,2000,27.46628966,2199.044659,30.93761179
TUN,2001,27.17429363,2235.719816,31.0009151
TUN,2002,26.477495,2320.772381,31.00988512
TUN,2003,25.6457176,2725.864315,30.98691471
TUN,2004,24.94878524,3067.419364,30.95432482
TUN,2005,24.65652174,3146.826074,30.93448198
TUN,2006,24.91612061,3322.569336,30.92089996
TUN,2007,25.53514643,3726.916729,30.8952776
TUN,2008,26.27397962,4255.05008,30.86279951
TUN,2009,26.89300057,4080.090324,30.8286563
TUN,2010,27.15258968,4291.861209,30.79794015
TUN,2011,23.79684426,4420.647722,30.74424866
TUN,2012,22.69446282,4297.267825,30.66011498
TUN,2013,22.14157491,4369.793458,30.57931638
TUN,2014,25.16384477,4458.978955,30.53562684
TUN,2015,23.63444125,4014.947737,30.56277663
TUN,2016,24.80892166,3847.803544,30.77217096
TUN,2017,22.57175707,3619.032473,31.16306341
TUN,2018,25.5228521,3628.103665,31.60111874
TUN,2019,23.77140341,3528.872133,31.95177544
TUN,2020,24.18298267,3548.653637,32.2984898
TUR,1990,21.73838587,2689.526219,29.83808088
TUR,1991,21.74203677,2649.2726,30.00432112
TUR,1992,21.75473936,2743.653203,30.11367683
TUR,1993,21.77498803,3057.937375,30.17150947
TUR,1994,21.80127717,2176.280181,30.184159
TUR,1995,21.83210117,2774.616272,30.15783407
TUR,1996,21.92214718,2929.153949,30.02357565
TUR,1997,22.08973955,3020.993471,29.74705671
TUR,1998,22.27882845,4329.56244,29.3915041
TUR,1999,22.43336409,3969.473594,29.0214093
TUR,2000,22.49729664,4192.443167,28.70145029
TUR,2001,22.39330286,3045.55414,28.39337146
TUR,2002,22.14539327,3583.197459,28.04325306
TUR,2003,21.84951871,4637.882185,27.69453201
TUR,2004,21.60163002,5960.778989,27.39086202
TUR,2005,21.49767805,7303.013889,27.17571071
TUR,2006,21.82396578,7953.07848,27.04463985
TUR,2007,22.60206333,9711.223761,26.95951648
TUR,2008,23.53082224,10843.50369,26.91318191
TUR,2009,24.30909404,9012.999458,26.89844148
TUR,2010,24.63573026,10622.70204,26.90839181
TUR,2011,23.74736858,11300.78522,26.9124934
TUR,2012,23.24401623,11713.28498,26.89681247
TUR,2013,23.50239782,12578.18786,26.87960598
TUR,2014,23.48748584,12165.22014,26.87954147
TUR,2015,24.56037638,11049.99511,26.91780459
TUR,2016,23.83379271,10970.04589,27.20386206
TUR,2017,22.10314021,10695.5502,27.78449835
TUR,2018,22.8252291,9568.835063,28.43735948
TUR,2019,23.69461158,9215.440499,28.94405051
TUR,2020,21.61204692,8638.739038,29.40633193
TKM,1990,19.33762183,848.1550474,49.04465852
TKM,1991,19.79914826,831.9987321,49.75787458
TKM,1992,20.16065845,811.3541565,50.63792332
TKM,1993,20.42179316,788.4189142,51.66098494
TKM,1994,20.58219314,622.1347802,52.80321368
TKM,1995,20.64149915,592.2472473,54.0401428
TKM,1996,20.55097491,557.8942201,55.67373678
TKM,1997,20.30033077,565.022638,57.78160306
TKM,1998,19.94687742,590.7912933,59.98461524
TKM,1999,19.54792554,545.5190031,61.90326439
TKM,2000,19.16078582,633.8354876,63.15554102
TKM,2001,18.6664786,756.0349763,63.90274142
TKM,2002,18.01183032,935.5408015,64.55262207
TKM,2003,17.35286088,1228.948703,65.09161211
TKM,2004,16.84559014,1379.230097,65.50643412
TKM,2005,16.64603798,1604.016185,65.78311366
TKM,2006,16.83896235,1996.593107,65.90346634
TKM,2007,17.41028218,2414.96072,65.86413185
TKM,2008,18.36775881,3605.503951,65.67152555
TKM,2009,19.71915358,3707.978507,65.33263898
TKM,2010,21.47222782,4058.53937,64.85456489
TKM,2011,27.21989852,5143.619293,63.99740599
TKM,2012,27.02097147,6053.874847,62.73488107
TKM,2013,26.4262904,6599.645291,61.40172909
TKM,2014,25.07251342,7164.145362,60.33320853
TKM,2015,23.67628175,5759.497904,59.86496455
TKM,2016,23.17749312,5686.98041,59.9895026
TKM,2017,21.6902945,5828.481662,60.35699125
TKM,2018,22.45126696,6125.051697,60.79944463
TKM,2019,20.25303489,6648.034896,61.14850662
TKM,2020,19.59976114,6592.60146,61.53458018
TUV,1990,5.244133581,1084.667072,97.61056728
TUV,1991,5.234913865,1134.331756,99.23802029
TUV,1992,5.245962871,1165.637104,100.5018012
TUV,1993,5.273610308,1141.179044,101.4129593
TUV,1994,5.31418588,1278.658701,101.9804241
TUV,1995,5.364019293,1284.764461,102.2150894
TUV,1996,5.486546147,1427.809605,101.890079
TUV,1997,5.701313146,1461.08618,100.960102
TUV,1998,5.93881665,1459.649371,99.71534055
TUV,1999,6.129553019,1558.603966,98.4355516
TUV,2000,6.204018614,1579.419063,97.40844362
TUV,2001,6.185826073,1456.784094,96.61978678
TUV,2002,6.149071915,1750.251751,95.88752084
TUV,2003,6.099978325,2006.842499,95.18786461
TUV,2004,6.044767488,2322.562651,94.48950186
TUV,2005,5.989661586,2304.826943,93.76408533
TUV,2006,5.930226232,2396.268443,92.91677034
TUV,2007,5.856064311,2794.163101,91.96404644
TUV,2008,5.764453919,3088.308774,91.02278171
TUV,2009,5.652673152,2683.967495,90.20902881
TUV,2010,5.518000106,3024.817079,89.63597967
TUV,2011,5.280586544,3636.0814,89.2730036
TUV,2012,5.23945117,3598.461631,88.98870395
TUV,2013,5.405749517,3510.216401,88.73833355
TUV,2014,5.517783271,3528.858581,88.4790522
TUV,2015,5.476282219,3357.834177,88.16580542
TUV,2016,5.884354186,3808.69755,87.59507568
TUV,2017,6.200946275,4165.663387,86.80098382
TUV,2018,6.149597915,4466.120349,86.10003878
TUV,2019,6.009625886,5115.13076,85.81122868
TUV,2020,5.917801056,4976.112541,86.64952075
UGA,1990,28.62121029,244.9871681,26.15400784
UGA,1991,28.8018693,182.9558973,26.36968812
UGA,1992,29.05462731,152.1135424,26.63295208
UGA,1993,29.36531365,165.6164762,26.93380782
UGA,1994,29.71975765,198.441988,27.2626951
UGA,1995,30.10378863,278.5208357,27.60897689
UGA,1996,30.68023532,284.6982593,28.11719207
UGA,1997,31.4849084,286.8466379,28.82785372
UGA,1998,32.31311016,292.4530371,29.57896914
UGA,1999,32.96014288,257.9219496,30.20757446
UGA,2000,33.22130883,258.0503387,30.55094869
UGA,2001,32.96812237,236.0211889,30.67179674
UGA,2002,32.36430988,241.9846884,30.73630683
UGA,2003,31.64349165,250.7154366,30.74197456
UGA,2004,31.03928801,292.381858,30.68541613
UGA,2005,30.78531925,330.4054027,30.56355296
UGA,2006,30.84864269,346.5182553,30.29874118
UGA,2007,31.0457523,401.3891309,29.86334216
UGA,2008,31.38442337,472.8426815,29.33280355
UGA,2009,31.87243122,798.9470899,28.78288358
UGA,2010,32.51755117,823.4881443,28.28966989
UGA,2011,35.02714007,835.6200606,27.76110443
UGA,2012,35.89056658,795.2228676,27.13473466
UGA,2013,34.82004965,818.2854274,26.5321122
UGA,2014,34.11161667,896.0547955,26.07506277
UGA,2015,36.41586432,862.9346104,25.88618042
UGA,2016,35.18676374,752.6965717,26.0069709
UGA,2017,32.23969928,765.2183323,26.31460341
UGA,2018,33.12791667,792.1657002,26.68641736
UGA,2019,31.48501348,822.0570582,26.99883462
UGA,2020,33.80771926,845.7664639,27.5390037
UKR,1990,33.06198177,1563.634155,144.8264286
UKR,1991,32.76300149,1482.639648,146.5085446
UKR,1992,32.40137328,1413.240112,148.2429505
UKR,1993,31.98637798,1254.028687,149.9766354
UKR,1994,31.52729644,1009.093567,151.6680001
UKR,1995,31.03340952,933.1917725,153.2529726
UKR,1996,30.4728931,869.8460693,155.3564818
UKR,1997,29.82240299,987.4898071,158.1601587
UKR,1998,29.10393985,831.336792,160.9589335
UKR,1999,28.33950436,631.9104614,163.0506907
UKR,2000,27.5510972,653.2943115,163.7058199
UKR,2001,26.56590905,800.4907227,161.8314868
UKR,2002,25.3241058,903.0119019,157.6972284
UKR,2003,24.01715093,1076.481567,152.66838
UKR,2004,22.83650793,1401.018066,148.1266116
UKR,2005,21.9736403,1875.335083,145.434143
UKR,2006,21.37690536,2366.494141,145.3192256
UKR,2007,20.86111122,3160.327637,147.0199736
UKR,2008,20.41739755,4017.806641,149.7053671
UKR,2009,20.03690404,2607.087646,152.576416
UKR,2010,19.71077035,3039.632324,154.8054148
UKR,2011,19.44066752,3656.697998,156.136038
UKR,2012,18.67665038,3951.342285,157.1394219
UKR,2013,18.88336144,4129.896973,158.2336788
UKR,2014,18.42632353,3054.908203,159.8429328
UKR,2015,17.79198184,2094.473877,162.3941702
UKR,2016,16.2426826,2158.461182,169.0493057
UKR,2017,15.65854285,2604.287598,179.7032436
UKR,2018,17.10413681,3059.051758,189.9103988
UKR,2019,15.57950073,3619.861572,195.2116971
UKR,2020,14.90010099,3709.769287,194.7293038
ARE,1990,44.29661141,26709.99344,31.09822677
ARE,1991,44.20734235,25690.96863,31.39122642
ARE,1992,44.1327883,25648.27278,31.61996355
ARE,1993,44.07609257,25032.78227,31.78037237
ARE,1994,44.04039846,25472.63966,31.87233675
ARE,1995,44.02884928,27003.20068,31.90019249
ARE,1996,44.04471666,28323.16509,31.80179866
ARE,1997,44.08077813,27982.7957,31.54836516
ARE,1998,44.1244358,24889.42692,31.21144477
ARE,1999,44.16309179,25855.8605,30.87403454
ARE,2000,44.18414825,29865.50235,30.62431176
ARE,2001,44.18971037,27745.17081,30.40691973
ARE,2002,44.18609605,27753.60895,30.1303266
ARE,2003,44.16702645,29659.54286,29.83097051
ARE,2004,44.12622271,33376.71523,29.54458947
ARE,2005,44.05740599,38719.31383,29.3169215
ARE,2006,43.83308321,44342.60483,29.1367525
ARE,2007,43.42096151,45854.73252,28.97925628
ARE,2008,42.95756231,50054.17007,28.86061788
ARE,2009,42.57940708,37803.06637,28.80614805
ARE,2010,42.42301723,43696.67126,28.84358354
ARE,2011,46.48971729,50789.05054,29.01823875
ARE,2012,49.85857049,52034.47625,29.3543819
ARE,2013,43.67173152,52023.5171,29.7873576
ARE,2014,38.4444709,51381.40699,30.2519634
ARE,2015,48.3475759,43534.99727,30.69227501
ARE,2016,43.08197082,41326.40182,31.26621783
ARE,2017,44.24850564,42340.59171,32.03127917
ARE,2018,45.98790614,45689.857,32.76881303
ARE,2019,41.95562632,44251.45414,33.24984307
ARE,2020,36.30550308,37173.87541,33.51324413
GBR,1990,18.66115781,19095.467,84.48410625
GBR,1991,18.54944884,19900.72665,84.58804636
GBR,1992,18.40223764,20487.17079,84.56823796
GBR,1993,18.22492987,18389.01957,84.43848
GBR,1994,18.02293119,19709.2381,84.21231833
GBR,1995,17.80164728,23168.95296,83.90660467
GBR,1996,17.52075449,24406.4003,83.33529996
GBR,1997,17.16605475,26766.00562,82.41934545
GBR,1998,16.78214204,28274.50451,81.33077301
GBR,1999,16.41361037,28762.09136,80.24389748
GBR,2000,16.10505372,28280.92679,79.33754215
GBR,2001,15.82429322,27906.5695,78.56118868
GBR,2002,15.51396003,30077.74143,77.74909306
GBR,2003,15.18086316,34442.68754,76.90280788
GBR,2004,14.83181165,40366.88867,76.02820743
GBR,2005,14.47361454,42104.78844,75.12744009
GBR,2006,14.03336526,44512.45903,74.02033209
GBR,2007,13.50487888,50397.6855,72.66451817
GBR,2008,12.99504682,47396.12021,71.27140587
GBR,2009,12.61076053,38744.13169,70.05436829
GBR,2010,12.45891145,39598.95712,69.22582355
GBR,2011,13.01105983,42109.64188,68.71971587
GBR,2012,11.48446141,42497.3405,68.3122083
GBR,2013,11.39361967,43426.29814,67.98757123
GBR,2014,10.80764546,47439.61659,67.73047091
GBR,2015,10.46027285,44964.39114,67.52666252
GBR,2016,10.03597211,40985.23514,67.35464563
GBR,2017,10.38142014,40572.12148,67.2013758
GBR,2018,10.23978549,43203.81411,67.07178391
GBR,2019,9.945698693,42662.53537,66.97113129
GBR,2020,9.912885603,40201.68124,66.78549113
USA,1990,14.10406712,23888.60001,144.7944338
USA,1991,14.05443419,24342.2589,143.5162136
USA,1992,13.98096379,25418.99078,142.6863005
USA,1993,13.88895896,26387.29373,142.23465
USA,1994,13.78372272,27694.85342,142.0932548
USA,1995,13.6705581,28690.8757,142.1914836
USA,1996,13.52475845,29967.71272,143.3943442
USA,1997,13.33502201,31459.12997,146.0977248
USA,1998,13.12675909,32853.67259,149.5377312
USA,1999,12.92538001,34515.38131,152.954344
USA,2000,12.75629507,36329.97026,155.5925727
USA,2001,12.60495388,37133.6204,157.6222712
USA,2002,12.43537638,37997.74243,159.644949
USA,2003,12.24082841,39490.30239,161.5528346
USA,2004,12.01457583,41724.6412,163.2371339
USA,2005,11.74988448,44123.39965,164.5952012
USA,2006,11.30944852,46301.98765,165.885283
USA,2007,10.67300294,48050.22741,167.2973732
USA,2008,10.00937489,48570.05943,168.6218219
USA,2009,9.48739149,47194.95009,169.6468929
USA,2010,9.275879884,48650.66432,170.1681439
USA,2011,9.364627449,50065.97895,169.6167832
USA,2012,9.01055428,51784.41147,167.9912695
USA,2013,8.746208177,53409.75078,165.93511
USA,2014,8.510126511,55304.31553,164.0879455
USA,2015,8.190741835,57040.20821,163.0967549
USA,2016,7.408350093,58206.61419,163.0651161
USA,2017,7.790405844,60322.26142,163.4302903
USA,2018,7.822006511,63201.04585,163.8356237
USA,2019,7.176021479,65604.68152,163.9202506
USA,2020,7.814857524,64411.37318,163.1368881
URY,1990,13.27287476,2995.361057,78.17291785
URY,1991,13.2428967,3589.015419,80.05874356
URY,1992,13.21212325,4101.710542,82.15478601
URY,1993,13.18076332,4753.009247,84.42317832
URY,1994,13.14902582,5507.564813,86.82583716
URY,1995,13.11711965,6050.486323,89.31931218
URY,1996,13.09780215,6398.435752,92.21835087
URY,1997,13.09058126,7436.293426,95.61293105
URY,1998,13.0757918,7836.891833,99.1450497
URY,1999,13.0337686,7370.569955,102.4536673
URY,2000,12.94484648,6987.700988,105.1739659
URY,2001,12.76683758,6382.761047,107.4130892
URY,2002,12.4965101,4149.761403,109.5074141
URY,2003,12.17263294,3671.123293,111.4446309
URY,2004,11.83397499,4168.660654,113.2154861
URY,2005,11.51930516,5284.25678,114.8133071
URY,2006,11.18236254,6001.332948,116.3135169
URY,2007,10.7966309,7222.054036,117.7873093
URY,2008,10.43049609,9423.965626,119.1908303
URY,2009,10.15234397,9881.395731,120.4913223
URY,2010,10.03056041,12641.05768,121.667152
URY,2011,10.05095174,15132.26757,122.7423675
URY,2012,9.716873958,16259.59408,123.802874
URY,2013,10.83144756,18335.25948,124.870693
URY,2014,10.44239771,18322.42768,125.9641118
URY,2015,10.46921296,17125.90168,127.1101701
URY,2016,10.26287391,17009.75869,128.5339302
URY,2017,10.0613622,19184.66267,130.2195534
URY,2018,10.1340725,19249.94015,131.798207
URY,2019,10.29859115,18315.73529,132.8993272
URY,2020,10.57179233,15789.68574,133.0780039
UZB,1990,31.43740118,652.9376529,50.77598852
UZB,1991,32.31122312,658.3135505,51.46567084
UZB,1992,32.98332465,602.9205258,52.23860674
UZB,1993,33.45857841,595.7774812,53.08034319
UZB,1994,33.74185703,574.2290799,53.97839782
UZB,1995,33.83803316,582.5421367,54.91079038
UZB,1996,33.5992348,597.332287,56.02649919
UZB,1997,32.99156272,620.5912958,57.38241086
UZB,1998,32.19084871,621.0489043,58.81289716
UZB,1999,31.37292457,697.7635398,60.1535826
UZB,2000,30.7136221,555.1492311,61.2327298
UZB,2001,30.13309498,454.4158123,62.18799584
UZB,2002,29.50593498,381.4092969,63.25596827
UZB,2003,28.93963103,394.1640289,64.41208558
UZB,2004,28.54167205,462.1714929,65.63216191
UZB,2005,28.41954696,542.8358087,66.88935215
UZB,2006,28.63545381,649.118167,68.2895528
UZB,2007,29.21774115,824.0281923,69.86311912
UZB,2008,30.22312366,1074.729288,71.47496321
UZB,2009,31.70831603,1205.799355,72.99073493
UZB,2010,33.73003294,1753.207302,74.27483207
UZB,2011,44.19829362,2087.863861,75.30039257
UZB,2012,43.90475191,2307.346491,76.20000468
UZB,2013,42.94772036,2461.979474,77.07610647
UZB,2014,39.48884033,2674.962838,78.03120059
UZB,2015,37.83562864,2803.19018,79.16861206
UZB,2016,37.54818502,2753.379514,80.90002046
UZB,2017,35.21215703,2190.604116,83.18485037
UZB,2018,34.83543176,1813.085308,85.45124199
UZB,2019,34.13319926,2041.384807,87.12705282
UZB,2020,31.96042946,1978.280519,88.00270972
VUT,1990,14.69860391,1140.590203,88.94748623
VUT,1991,14.63912444,1326.373213,90.3332336
VUT,1992,14.60294331,1343.689429,91.60430005
VUT,1993,14.58613756,1257.293875,92.7304432
VUT,1994,14.58478426,1430.993678,93.66931736
VUT,1995,14.59496045,1491.78967,94.39078706
VUT,1996,14.65330058,1529.275731,94.99130852
VUT,1997,14.77105288,1562.030907,95.53677144
VUT,1998,14.90621506,1470.97189,95.98862324
VUT,1999,15.01678487,1472.177517,96.27969713
VUT,2000,15.06076003,1460.238177,96.36092497
VUT,2001,14.94250654,1350.183382,96.04212347
VUT,2002,14.66532019,1340.715375,95.31507274
VUT,2003,14.33559335,1566.513968,94.40988703
VUT,2004,14.05971839,1774.318676,93.55083947
VUT,2005,13.94408769,1873.991426,92.96690262
VUT,2006,13.95854158,2034.792896,92.57137906
VUT,2007,13.99619795,2333.705067,92.15884343
VUT,2008,14.04836548,2603.608831,91.78225959
VUT,2009,14.10635288,2546.383246,91.49278044
VUT,2010,14.16146883,2815.18829,91.34298049
VUT,2011,14.26655811,3163.186165,91.37300047
VUT,2012,14.07268029,3004.784167,91.53122997
VUT,2013,14.26295472,2979.796081,91.72610891
VUT,2014,13.91114164,2967.70667,91.87026224
VUT,2015,13.46804142,2746.591719,91.87633747
VUT,2016,13.8697381,2869.999691,91.45990882
VUT,2017,13.67133279,3159.927161,90.65863524
VUT,2018,14.6439252,3206.689308,89.86677049
VUT,2019,14.33649809,3207.446505,89.47567787
VUT,2020,14.08241154,3042.987116,90.23238659
VEN,1990,22.84399757,2451.552311,19.86207537
VEN,1991,22.80192451,2632.539698,20.60143932
VEN,1992,22.7753597,2907.303344,21.28494758
VEN,1993,22.7610789,2824.691444,21.89471536
VEN,1994,22.75585785,2688.983251,22.41272996
VEN,1995,22.7564723,3486.983506,22.82062641
VEN,1996,22.82159868,3112.825848,23.18132043
VEN,1997,22.96540393,3710.826884,23.54034997
VEN,1998,23.11789965,3869.982588,23.85207252
VEN,1999,23.2090974,4070.906192,24.07052451
VEN,2000,23.16900878,4776.281676,24.14801217
VEN,2001,22.96779826,4920.393136,23.97338475
VEN,2002,22.65631079,3652.098965,23.56746823
VEN,2003,22.28557862,3229.505571,23.07533637
VEN,2004,21.906634,4269.089709,22.64345175
VEN,2005,21.57050917,5432.485418,22.41985084
VEN,2006,21.2333828,6739.380653,22.52409812
VEN,2007,20.85991882,8331.62097,22.88660018
VEN,2008,20.51387745,11262.45143,23.37104187
VEN,2009,20.25901892,11596.60219,23.84229629
VEN,2010,20.15910345,13646.30466,24.16576141
VEN,2011,21.68712256,10843.92297,24.39346071
VEN,2012,19.30453099,12901.41716,24.64820633
VEN,2013,19.95725832,12403.1467,24.90172983
VEN,2014,19.28699382,15943.61272,25.12535992
VNM,1990,28.60504956,98.79833703,54.77849123
VNM,1991,28.34691847,143.7152702,54.61028837
VNM,1992,28.11043523,144.5493924,54.40137558
VNM,1993,27.89914647,189.4185736,54.16387958
VNM,1994,27.71659882,229.8577873,53.90945639
VNM,1995,27.56633894,287.802661,53.6509725
VNM,1996,27.44886579,337.0512318,53.30921466
VNM,1997,27.36011706,361.6438841,52.85026634
VNM,1998,27.29679744,361.3509284,52.35483574
VNM,1999,27.25561161,375.9944559,51.90089499
VNM,2000,27.23326426,404.0297841,51.5676663
VNM,2001,27.27245424,419.2056776,51.33043488
VNM,2002,27.37291606,445.1328618,51.12304589
VNM,2003,27.46690786,497.1170892,50.96353498
VNM,2004,27.48668781,565.4522846,50.8693925
VNM,2005,27.36451404,710.74676,50.86015391
VNM,2006,27.00075971,807.7566451,50.99806752
VNM,2007,26.36059835,925.6403383,51.2896463
VNM,2008,25.47348872,1163.831958,51.67120441
VNM,2009,24.36888958,1226.169761,52.0792993
VNM,2010,23.07625967,1683.161824,52.45182229
VNM,2011,20.49057658,1950.925042,52.78305914
VNM,2012,21.51164395,2185.117677,53.11977837
VNM,2013,23.22749251,2359.517365,53.47932071
VNM,2014,20.40350649,2546.384645,53.87874921
VNM,2015,19.37701405,2577.568853,54.33654729
VNM,2016,20.33044562,2735.060438,55.0170286
VNM,2017,18.57977976,2956.109921,55.93220822
VNM,2018,20.16301763,3222.310031,56.87250961
VNM,2019,20.83178689,3440.900254,57.62906845
VNM,2020,20.80106417,3534.039535,58.25277564
VIR,2002,8.330361409,30062.02251,23.53115715
VIR,2003,7.991674664,31731.25662,23.05293929
VIR,2004,7.714875506,35006.36144,22.54499877
VIR,2005,7.596588849,40828.74609,22.06066037
VIR,2006,7.59691745,41377.1466,21.56577861
VIR,2007,7.60700426,44158.5054,21.02014199
VIR,2008,7.620034487,39152.37507,20.46779315
VIR,2009,7.629193336,38753.18254,19.95258412
VIR,2010,7.627666016,39905.12842,19.51840575
VIR,2011,6.783178621,38997.13732,19.11243431
VIR,2012,7.619292817,37795.31926,18.69268439
VIR,2013,7.330124033,34597.97669,18.32180962
VIR,2014,7.391823803,33045.36438,18.06456302
VIR,2015,8.010920646,34007.35294,17.98778131
VIR,2016,8.296550414,35324.97489,18.16347401
VIR,2017,8.547569931,35365.0693,18.5170697
VIR,2018,7.929977308,36663.20876,18.89810803
VIR,2019,7.92423361,38633.52989,19.15699533
VIR,2020,8.633427567,39787.37417,19.27200845
PSE,1994,27.85212566,1201.581542,21.80632441
PSE,1995,28.00531768,1326.562857,21.70183922
PSE,1996,27.81066086,1317.466751,21.62554077
PSE,1997,27.34624407,1389.164971,21.54920199
PSE,1998,26.79189774,1465.046057,21.46981756
PSE,1999,26.32745226,1499.492177,21.38481525
PSE,2000,26.13273805,1476.17185,21.29095833
PSE,2001,26.23653036,1335.553195,21.1094175
PSE,2002,26.51357159,1156.217473,20.82031592
PSE,2003,26.91264285,1257.69857,20.50742636
PSE,2004,27.38252527,1422.190886,20.25637005
PSE,2005,27.87199994,1543.701414,20.1506367
PSE,2006,28.60148406,1570.1044,20.17785896
PSE,2007,29.64370509,1664.245717,20.25632001
PSE,2008,30.72590964,2035.202341,20.36469165
PSE,2009,31.57534431,2191.781787,20.48472342
PSE,2010,31.91925569,2557.075624,20.59601895
PSE,2011,28.60663062,2880.798437,20.70007279
PSE,2012,27.23796103,3067.438727,20.81989509
PSE,2013,31.16257638,3315.297539,20.96674353
PSE,2014,29.28868433,3352.112595,21.15456959
PSE,2015,30.46155104,3272.154324,21.39667727
PSE,2016,26.5563698,3527.613824,21.98827162
PSE,2017,26.67508244,3620.360487,22.97943698
PSE,2018,29.13402124,3562.330943,24.01505088
PSE,2019,29.68224937,3656.858271,24.74205198
PSE,2020,26.36362644,3233.568638,25.19335801
YEM,1990,43.87830932,910.422466,32.48906347
YEM,1991,42.09546936,1016.30223,32.56902772
YEM,1992,40.75444238,1198.130317,32.65983529
YEM,1993,39.82891984,1396.615444,32.75360793
YEM,1994,39.29259319,1735.044195,32.84212833
YEM,1995,39.11915389,764.4146561,32.92844103
YEM,1996,39.72735658,375.2149947,33.05554746
YEM,1997,41.17864045,382.5849287,33.26354194
YEM,1998,42.9107238,342.7394075,33.50300821
YEM,1999,44.36132491,401.4481417,33.72318542
YEM,2000,44.96816207,493.2351826,33.88052528
YEM,2001,44.29825807,487.1412579,33.95570463
YEM,2002,42.70421133,513.2414866,33.9938741
YEM,2003,40.80210364,548.905883,34.01658995
YEM,2004,39.20801677,627.6320234,34.04515775
YEM,2005,38.53803249,734.1599085,34.10297972
YEM,2006,38.55347535,809.7131276,34.20373132
YEM,2007,38.61262082,890.3057681,34.33521597
YEM,2008,38.72697704,1071.635833,34.47484598
YEM,2009,38.90805216,969.2435099,34.60023921
YEM,2010,39.16735432,1155.203053,34.68856194
YEM,2011,43.23150958,1186.475006,34.7371245
YEM,2012,53.63383338,1245.050683,34.76135864
YEM,2013,48.42478785,1378.75003,34.76843927
YEM,2014,38.08250688,1430.16421,34.76653054
YEM,2015,44.06613149,1362.173794,34.76310842
YEM,2016,40.72411682,975.3594067,34.76386714
YEM,2017,42.12048052,811.1659639,34.77226327
YEM,2018,43.91034833,633.887206,34.80230819
YEM,2019,41.64079343,623.3761649,34.86536704
YEM,2020,34.83235984,559.5646728,35.28865905
ZMB,1990,23.38956435,422.3362988,34.81760908
ZMB,1991,22.88296163,423.0712568,34.90166303
ZMB,1992,22.52966548,389.2546658,34.99247968
ZMB,1993,22.30635934,390.9169616,35.08953559
ZMB,1994,22.18972666,426.3868394,35.19205546
ZMB,1995,22.15645086,433.3126991,35.29901427
ZMB,1996,22.37888252,399.5113047,35.43083776
ZMB,1997,22.91225303,465.8719422,35.58315496
ZMB,1998,23.55756708,373.0847631,35.71886336
ZMB,1999,24.11582939,349.5157231,35.80088018
ZMB,2000,24.38804463,359.429501,35.79149426
ZMB,2001,24.43251491,396.548953,35.68850058
ZMB,2002,24.45081432,393.8646255,35.53003775
ZMB,2003,24.45885554,446.2901048,35.33894412
ZMB,2004,24.47255127,548.6859746,35.13860881
ZMB,2005,24.50781418,710.9820682,34.95268255
ZMB,2006,24.5785406,1051.717149,34.76445965
ZMB,2007,24.69490091,1118.731626,34.56101727
ZMB,2008,24.86721887,1375.50211,34.37370424
ZMB,2009,25.10581823,1136.241683,34.23390372
ZMB,2010,25.42102275,1451.10616,34.17253801
ZMB,2011,26.56548854,1624.868178,34.19789777
ZMB,2012,26.87103025,1710.050613,34.28297736
ZMB,2013,25.65001604,1820.718548,34.40634584
ZMB,2014,26.0707378,1707.485731,34.5466835
ZMB,2015,25.67674229,1295.877887,34.68231243
ZMB,2016,26.16591031,1239.085279,34.84164021
ZMB,2017,23.75828241,1483.465773,35.05070635
ZMB,2018,23.33671991,1463.899979,35.28447447
ZMB,2019,23.20374759,1258.986198,35.51751285
ZMB,2020,24.3085919,951.6443167,36.12846189
ZWE,1990,20.80573688,866.4864573,57.59534095
ZWE,1991,20.37904748,830.527104,58.14126018
ZWE,1992,20.02463906,630.8195315,58.75967779
ZWE,1993,19.75543024,604.38667,59.43976059
ZWE,1994,19.58433966,633.7332114,60.17245004
ZWE,1995,19.52428593,647.9754477,60.94684096
ZWE,1996,19.5924258,766.5236289,61.92949433
ZWE,1997,19.75861614,750.1936133,63.16600743
ZWE,1998,19.96482577,552.1652757,64.45916387
ZWE,1999,20.15302349,582.0034408,65.62238187
ZWE,2000,20.26517812,562.5569004,66.46593152
ZWE,2001,20.30637468,566.1076466,67.28365832
ZWE,2002,20.32914569,524.6772388,68.36813661
ZWE,2003,20.34663123,468.2341858,69.52060699
ZWE,2004,20.37197137,469.4846536,70.53476852
ZWE,2005,20.4183062,461.0282813,71.20579783
ZWE,2006,20.49387436,430.8091793,71.33847166
ZWE,2007,20.61427265,413.3025717,71.05719337
ZWE,2008,20.80367837,340.7401829,70.63632425
ZWE,2009,21.08626885,735.4445517,70.34679216
ZWE,2010,21.48622138,901.5544436,70.46157392
ZWE,2011,23.61628294,1037.25491,71.07259102
ZWE,2012,23.53952785,1238.60109,71.95928743
ZWE,2013,22.59840069,1362.300668,72.92329895
ZWE,2014,23.42925253,1372.212781,73.76955663
ZWE,2015,23.10387907,1386.422847,74.30214983
ZWE,2016,22.5706982,1407.415364,74.5866147
ZWE,2017,17.99775381,3448.082537,74.83500712
ZWE,2018,19.11209934,2271.853335,75.06771422
ZWE,2019,18.52860746,1684.027904,75.30787707
ZWE,2020,19.49417966,1730.413489,76.03639596
