Domain,Area,Months,Year.Code,Country,GDP,SelfHarm.inc.rate,TemChange
Temperature change on land,Afghanistan,Meteorological year,2000,AFG,174.9309914,37.91253706,1
Temperature change on land,Afghanistan,Meteorological year,2001,AFG,138.7068217,37.84270604,1.276
Temperature change on land,Afghanistan,Meteorological year,2002,AFG,178.9540884,37.63791964,1.355
Temperature change on land,Afghanistan,Meteorological year,2003,AFG,198.8711157,37.2965987,0.552
Temperature change on land,Afghanistan,Meteorological year,2004,AFG,221.7636539,36.95969164,1.422
Temperature change on land,Afghanistan,Meteorological year,2005,AFG,254.1842491,36.67794579,0.419
Temperature change on land,Afghanistan,Meteorological year,2006,AFG,274.2185536,36.35059048,1.799
Temperature change on land,Afghanistan,Meteorological year,2007,AFG,376.223152,35.98862648,0.699
Temperature change on land,Afghanistan,Meteorological year,2008,AFG,381.733238,35.62931576,0.732
Temperature change on land,Afghanistan,Meteorological year,2009,AFG,452.0537055,35.24537401,0.958
Temperature change on land,Afghanistan,Meteorological year,2010,AFG,560.6215055,34.89970154,1.666
Temperature change on land,Afghanistan,Meteorological year,2011,AFG,606.6946763,34.56734941,1.455
Temperature change on land,Afghanistan,Meteorological year,2012,AFG,651.4171345,34.20682081,0.267
Temperature change on land,Afghanistan,Meteorological year,2013,AFG,637.0870991,33.87631739,1.385
Temperature change on land,Afghanistan,Meteorological year,2014,AFG,625.0549418,33.61218681,0.484
Temperature change on land,Afghanistan,Meteorological year,2015,AFG,565.5697304,33.45445196,1.139
Temperature change on land,Afghanistan,Meteorological year,2016,AFG,522.0822156,33.41336167,1.588
Temperature change on land,Afghanistan,Meteorological year,2017,AFG,525.4697709,33.43873572,1.63
Temperature change on land,Afghanistan,Meteorological year,2018,AFG,491.3372214,33.49578695,1.597
Temperature change on land,Afghanistan,Meteorological year,2019,AFG,496.6025043,33.55618494,0.951
Temperature change on land,Afghanistan,Meteorological year,2020,AFG,510.7870634,34.03134365,0.552
Temperature change on land,Afghanistan,Meteorological year,2021,AFG,356.4962141,34.73137769,1.418
Temperature change on land,Albania,Meteorological year,1990,ALB,617.2304355,39.13170645,0.797
Temperature change on land,Albania,Meteorological year,1991,ALB,336.5869945,39.45736075,-0.277
Temperature change on land,Albania,Meteorological year,1992,ALB,200.8522198,40.0003505,0.087
Temperature change on land,Albania,Meteorological year,1993,ALB,367.2792251,40.71409388,0.068
Temperature change on land,Albania,Meteorological year,1994,ALB,586.4161351,41.55166278,1.314
Temperature change on land,Albania,Meteorological year,1995,ALB,750.6044492,42.46526464,-0.187
Temperature change on land,Albania,Meteorological year,1996,ALB,1009.977111,43.79980842,-0.039
Temperature change on land,Albania,Meteorological year,1997,ALB,717.3800477,45.72324948,0.079
Temperature change on land,Albania,Meteorological year,1998,ALB,813.7893966,47.89686387,0.795
Temperature change on land,Albania,Meteorological year,1999,ALB,1033.242532,49.98608044,0.686
Temperature change on land,Albania,Meteorological year,2000,ALB,1126.68334,51.68325156,1.065
Temperature change on land,Albania,Meteorological year,2001,ALB,1281.659826,53.05031414,1.547
Temperature change on land,Albania,Meteorological year,2002,ALB,1425.124219,54.34470161,0.513
Temperature change on land,Albania,Meteorological year,2003,ALB,1846.120121,55.54672931,1.026
Temperature change on land,Albania,Meteorological year,2004,ALB,2373.581292,56.62930214,0.472
Temperature change on land,Albania,Meteorological year,2005,ALB,2673.787816,57.56642628,0.2
Temperature change on land,Albania,Meteorological year,2006,ALB,2972.743621,58.47277659,0.402
Temperature change on land,Albania,Meteorological year,2007,ALB,3595.038295,59.40453609,1.377
Temperature change on land,Albania,Meteorological year,2008,ALB,4370.539716,60.24875146,1.02
Temperature change on land,Albania,Meteorological year,2009,ALB,4114.134033,60.89344803,0.944
Temperature change on land,Albania,Meteorological year,2010,ALB,4094.349686,61.22623065,1.241
Temperature change on land,Albania,Meteorological year,2011,ALB,4437.141161,61.1075312,1.136
Temperature change on land,Albania,Meteorological year,2012,ALB,4247.631343,60.62217545,1.559
Temperature change on land,Albania,Meteorological year,2013,ALB,4413.063383,59.9948256,1.392
Temperature change on land,Albania,Meteorological year,2014,ALB,4578.633208,59.45350541,1.332
Temperature change on land,Albania,Meteorological year,2015,ALB,3952.803574,59.22547891,1.702
Temperature change on land,Albania,Meteorological year,2016,ALB,4124.05539,59.65937225,1.608
Temperature change on land,Albania,Meteorological year,2017,ALB,4531.032207,60.63104635,1.239
Temperature change on land,Albania,Meteorological year,2018,ALB,5365.489347,61.67347031,2.155
Temperature change on land,Albania,Meteorological year,2019,ALB,5460.428237,62.30542836,1.797
Temperature change on land,Albania,Meteorological year,2020,ALB,5370.778623,62.7092877,1.627
Temperature change on land,Albania,Meteorological year,2021,ALB,6413.283286,68.99384995,1.719
Temperature change on land,Algeria,Meteorological year,1990,DZA,2445.183327,43.20891732,1.339
Temperature change on land,Algeria,Meteorological year,1991,DZA,1759.112016,43.45569553,0.103
Temperature change on land,Algeria,Meteorological year,1992,DZA,1802.693008,43.61434238,-0.232
Temperature change on land,Algeria,Meteorological year,1993,DZA,1831.04801,43.70221086,0.643
Temperature change on land,Algeria,Meteorological year,1994,DZA,1525.540618,43.73301987,0.828
Temperature change on land,Algeria,Meteorological year,1995,DZA,1466.948068,43.72120168,0.689
Temperature change on land,Algeria,Meteorological year,1996,DZA,1616.831987,43.52364356,0.923
Temperature change on land,Algeria,Meteorological year,1997,DZA,1628.761006,43.06854414,1.112
Temperature change on land,Algeria,Meteorological year,1998,DZA,1603.366232,42.46904876,1.163
Temperature change on land,Algeria,Meteorological year,1999,DZA,1596.118222,41.83323237,1.51
Temperature change on land,Algeria,Meteorological year,2000,DZA,1772.928691,41.27253154,0.862
Temperature change on land,Algeria,Meteorological year,2001,DZA,1896.300209,40.75608401,1.889
Temperature change on land,Algeria,Meteorological year,2002,DZA,1937.464114,40.19263216,1.288
Temperature change on land,Algeria,Meteorological year,2003,DZA,2283.772993,39.5997183,1.621
Temperature change on land,Algeria,Meteorological year,2004,DZA,2816.99385,38.99453674,1.024
Temperature change on land,Algeria,Meteorological year,2005,DZA,3233.133396,38.39473876,1.293
Temperature change on land,Algeria,Meteorological year,2006,DZA,3660.661047,37.74421489,1.432
Temperature change on land,Algeria,Meteorological year,2007,DZA,4167.451699,37.02586404,1.254
Temperature change on land,Algeria,Meteorological year,2008,DZA,5180.918815,36.31476716,1.219
Temperature change on land,Algeria,Meteorological year,2009,DZA,4235.429905,35.68585446,0.969
Temperature change on land,Algeria,Meteorological year,2010,DZA,4912.785855,35.21352784,2.272
Temperature change on land,Algeria,Meteorological year,2011,DZA,5916.313644,34.8366023,1.407
Temperature change on land,Algeria,Meteorological year,2012,DZA,6033.648847,34.47028146,1.171
Temperature change on land,Algeria,Meteorological year,2013,DZA,5979.60139,34.15341666,1.213
Temperature change on land,Algeria,Meteorological year,2014,DZA,6094.693923,33.92623416,1.705
Temperature change on land,Algeria,Meteorological year,2015,DZA,4685.059027,33.82743569,1.134
Temperature change on land,Algeria,Meteorological year,2016,DZA,4424.98529,33.9306246,1.761
Temperature change on land,Algeria,Meteorological year,2017,DZA,4554.66754,34.21206503,1.506
Temperature change on land,Algeria,Meteorological year,2018,DZA,4577.210292,34.56565272,1.203
Temperature change on land,Algeria,Meteorological year,2019,DZA,4468.453419,34.88634876,1.24
Temperature change on land,Algeria,Meteorological year,2020,DZA,3743.541952,35.36358232,2.006
Temperature change on land,Algeria,Meteorological year,2021,DZA,4160.559267,36.11454983,2.424
Temperature change on land,American Samoa,Meteorological year,2002,ASM,8972.696365,45.44033101,1.185
Temperature change on land,American Samoa,Meteorological year,2003,ASM,9197.661968,45.23852302,0.739
Temperature change on land,American Samoa,Meteorological year,2004,ASM,8958.428667,45.08392945,0.285
Temperature change on land,American Samoa,Meteorological year,2005,ASM,8831.26976,45.02562148,0.934
Temperature change on land,American Samoa,Meteorological year,2006,ASM,8745.166211,45.09440287,0.536
Temperature change on land,American Samoa,Meteorological year,2007,ASM,9231.372409,45.26669038,0.969
Temperature change on land,American Samoa,Meteorological year,2008,ASM,10030.80891,45.51392509,0.561
Temperature change on land,American Samoa,Meteorological year,2009,ASM,12156.02939,45.8076989,0.875
Temperature change on land,American Samoa,Meteorological year,2010,ASM,10375.17201,46.11872664,1.007
Temperature change on land,American Samoa,Meteorological year,2011,ASM,10383.45933,46.51209589,0.704
Temperature change on land,American Samoa,Meteorological year,2012,ASM,11745.48992,47.03507557,0.734
Temperature change on land,American Samoa,Meteorological year,2013,ASM,11813.5022,47.6335721,1.026
Temperature change on land,American Samoa,Meteorological year,2014,ASM,12026.33449,48.25383302,0.898
Temperature change on land,American Samoa,Meteorological year,2015,ASM,12727.41027,48.84254604,0.738
Temperature change on land,American Samoa,Meteorological year,2016,ASM,12843.33429,49.48811443,1.268
Temperature change on land,American Samoa,Meteorological year,2017,ASM,11863.68395,50.22384151,1.163
Temperature change on land,American Samoa,Meteorological year,2018,ASM,12552.05469,50.90948231,0.917
Temperature change on land,American Samoa,Meteorological year,2019,ASM,12886.13595,51.40521838,1.268
Temperature change on land,American Samoa,Meteorological year,2020,ASM,14489.25866,51.68347335,1.159
Temperature change on land,American Samoa,Meteorological year,2021,ASM,15236.16049,51.77618498,0.997
Temperature change on land,Andorra,Meteorological year,1990,AND,19563.65747,80.23157258,1.728
Temperature change on land,Andorra,Meteorological year,1991,AND,19533.26207,80.32671556,0.205
Temperature change on land,Andorra,Meteorological year,1992,AND,20099.53522,80.3915236,0.357
Temperature change on land,Andorra,Meteorological year,1993,AND,15916.83952,80.31673931,0.167
Temperature change on land,Andorra,Meteorological year,1994,AND,15748.53075,80.30730662,1.512
Temperature change on land,Andorra,Meteorological year,1995,AND,18443.25452,80.29327046,1.283
Temperature change on land,Andorra,Meteorological year,1996,AND,19130.15972,80.20519279,0.569
Temperature change on land,Andorra,Meteorological year,1997,AND,18247.99957,79.86033345,1.765
Temperature change on land,Andorra,Meteorological year,1998,AND,18536.50843,79.52531347,1.002
Temperature change on land,Andorra,Meteorological year,1999,AND,18875.28837,79.05035207,1.046
Temperature change on land,Andorra,Meteorological year,2000,AND,21810.24874,78.61042664,1.048
Temperature change on land,Andorra,Meteorological year,2001,AND,23511.29515,77.94154743,1.494
Temperature change on land,Andorra,Meteorological year,2002,AND,26528.13016,76.85243758,0.848
Temperature change on land,Andorra,Meteorological year,2003,AND,34063.5784,75.62236388,1.968
Temperature change on land,Andorra,Meteorological year,2004,AND,39021.12781,74.3716695,0.954
Temperature change on land,Andorra,Meteorological year,2005,AND,40829.80188,73.4137565,0.863
Temperature change on land,Andorra,Meteorological year,2006,AND,43467.21099,72.49506956,1.491
Temperature change on land,Andorra,Meteorological year,2007,AND,48336.22833,71.58976924,1.015
Temperature change on land,Andorra,Meteorological year,2008,AND,49132.51571,70.79654575,0.918
Temperature change on land,Andorra,Meteorological year,2009,AND,43975.01837,70.1090443,1.393
Temperature change on land,Andorra,Meteorological year,2010,AND,42746.83095,69.59906535,0.445
Temperature change on land,Andorra,Meteorological year,2011,AND,46657.15612,69.36100583,1.655
Temperature change on land,Andorra,Meteorological year,2012,AND,41500.54358,68.94366218,1.242
Temperature change on land,Andorra,Meteorological year,2013,AND,42470.31612,68.59121383,0.812
Temperature change on land,Andorra,Meteorological year,2014,AND,44369.65969,68.33935359,1.926
Temperature change on land,Andorra,Meteorological year,2015,AND,38654.93472,68.1705915,1.662
Temperature change on land,Andorra,Meteorological year,2016,AND,40129.8192,68.24943879,1.957
Temperature change on land,Andorra,Meteorological year,2017,AND,40672.99433,68.5444194,1.894
Temperature change on land,Andorra,Meteorological year,2018,AND,42819.77458,68.84285852,1.877
Temperature change on land,Andorra,Meteorological year,2019,AND,41257.80458,69.05914798,1.922
Temperature change on land,Andorra,Meteorological year,2020,AND,37361.09007,69.05888454,2.513
Temperature change on land,Andorra,Meteorological year,2021,AND,42425.69968,71.453285,1.49
Temperature change on land,Angola,Meteorological year,1990,AGO,965.8668405,33.14891364,0.652
Temperature change on land,Angola,Meteorological year,1991,AGO,881.9194881,33.20859351,0.221
Temperature change on land,Angola,Meteorological year,1992,AGO,668.7060175,33.24124658,0.341
Temperature change on land,Angola,Meteorological year,1993,AGO,449.7278949,33.2503555,0.242
Temperature change on land,Angola,Meteorological year,1994,AGO,334.9735903,33.24197081,0.5
Temperature change on land,Angola,Meteorological year,1995,AGO,404.2948185,33.22343572,0.783
Temperature change on land,Angola,Meteorological year,1996,AGO,531.1171368,33.14556167,0.417
Temperature change on land,Angola,Meteorological year,1997,AGO,521.7027251,32.98709724,0.285
Temperature change on land,Angola,Meteorological year,1998,AGO,429.1886541,32.78786422,1.258
Temperature change on land,Angola,Meteorological year,1999,AGO,392.725539,32.58895655,0.546
Temperature change on land,Angola,Meteorological year,2000,AGO,563.7337956,32.4299684,0.258
Temperature change on land,Angola,Meteorological year,2001,AGO,533.5862024,32.26920753,0.259
Temperature change on land,Angola,Meteorological year,2002,AGO,882.1478472,32.05865983,0.739
Temperature change on land,Angola,Meteorological year,2003,AGO,992.6989793,31.8273755,0.971
Temperature change on land,Angola,Meteorological year,2004,AGO,1266.210864,31.60461132,0.53
Temperature change on land,Angola,Meteorological year,2005,AGO,1916.468422,31.41941102,1.109
Temperature change on land,Angola,Meteorological year,2006,AGO,2617.05196,31.24936192,0.528
Temperature change on land,Angola,Meteorological year,2007,AGO,3141.04598,31.0645822,0.861
Temperature change on land,Angola,Meteorological year,2008,AGO,4103.0669,30.88412429,0.32
Temperature change on land,Angola,Meteorological year,2009,AGO,3136.64547,30.72720959,0.601
Temperature change on land,Angola,Meteorological year,2010,AGO,3597.342932,30.61229721,1.143
Temperature change on land,Angola,Meteorological year,2011,AGO,4615.910598,30.53575554,0.819
Temperature change on land,Angola,Meteorological year,2012,AGO,5086.027401,30.48391763,0.478
Temperature change on land,Angola,Meteorological year,2013,AGO,5057.747878,30.46357597,0.943
Temperature change on land,Angola,Meteorological year,2014,AGO,5005.999741,30.48183514,0.705
Temperature change on land,Angola,Meteorological year,2015,AGO,3213.902611,30.54593656,1.253
Temperature change on land,Angola,Meteorological year,2016,AGO,1807.952941,30.68366523,1.484
Temperature change on land,Angola,Meteorological year,2017,AGO,2437.259712,30.89445097,0.786
Temperature change on land,Angola,Meteorological year,2018,AGO,2538.591391,31.14369727,1.306
Temperature change on land,Angola,Meteorological year,2019,AGO,2189.855714,31.39628582,1.54
Temperature change on land,Angola,Meteorological year,2020,AGO,1449.922867,31.85300333,0.985
Temperature change on land,Angola,Meteorological year,2021,AGO,1925.874661,32.58729064,1.392
Temperature change on land,Antigua and Barbuda,Meteorological year,1990,ATG,7590.343332,12.07808049,0.569
Temperature change on land,Antigua and Barbuda,Meteorological year,1991,ATG,7956.006869,11.81939132,0.648
Temperature change on land,Antigua and Barbuda,Meteorological year,1992,ATG,8153.277804,11.60231122,0.591
Temperature change on land,Antigua and Barbuda,Meteorological year,1993,ATG,8624.168407,11.44671319,0.701
Temperature change on land,Antigua and Barbuda,Meteorological year,1994,ATG,9351.044266,11.37332882,0.686
Temperature change on land,Antigua and Barbuda,Meteorological year,1995,ATG,9033.932376,11.40364484,0.858
Temperature change on land,Antigua and Barbuda,Meteorological year,1996,ATG,9755.66154,11.51651427,0.562
Temperature change on land,Antigua and Barbuda,Meteorological year,1997,ATG,10335.84215,11.66258012,0.754
Temperature change on land,Antigua and Barbuda,Meteorological year,1998,ATG,10906.52051,11.82232389,1.256
Temperature change on land,Antigua and Barbuda,Meteorological year,1999,ATG,11341.93271,11.97643469,0.663
Temperature change on land,Antigua and Barbuda,Meteorological year,2000,ATG,12021.46321,12.1055528,0.489
Temperature change on land,Antigua and Barbuda,Meteorological year,2002,ATG,11657.34875,12.37059183,0.697
Temperature change on land,Antigua and Barbuda,Meteorological year,2003,ATG,12171.37738,12.51709318,0.895
Temperature change on land,Antigua and Barbuda,Meteorological year,2004,ATG,13036.00759,12.655576,0.559
Temperature change on land,Antigua and Barbuda,Meteorological year,2005,ATG,14366.29128,12.77298962,0.929
Temperature change on land,Antigua and Barbuda,Meteorological year,2006,ATG,16172.25135,12.87934689,0.752
Temperature change on land,Antigua and Barbuda,Meteorological year,2007,ATG,18203.51513,12.98522465,0.987
Temperature change on land,Antigua and Barbuda,Meteorological year,2008,ATG,18785.46822,13.07776904,0.395
Temperature change on land,Antigua and Barbuda,Meteorological year,2009,ATG,16471.36783,13.14385545,0.61
Temperature change on land,Antigua and Barbuda,Meteorological year,2010,ATG,15216.30984,13.17086117,1.377
Temperature change on land,Antigua and Barbuda,Meteorological year,2011,ATG,14841.97096,13.15078805,0.654
Temperature change on land,Antigua and Barbuda,Meteorological year,2012,ATG,15208.65697,13.10046087,0.751
Temperature change on land,Antigua and Barbuda,Meteorological year,2013,ATG,15050.71228,13.04426455,0.762
Temperature change on land,Antigua and Barbuda,Meteorological year,2014,ATG,15533.48313,13.00688818,0.763
Temperature change on land,Antigua and Barbuda,Meteorological year,2015,ATG,16080.65805,13.01322987,1.041
Temperature change on land,Antigua and Barbuda,Meteorological year,2016,ATG,16557.84317,13.27996284,1.203
Temperature change on land,Antigua and Barbuda,Meteorological year,2017,ATG,16924.78945,13.83947112,0.959
Temperature change on land,Antigua and Barbuda,Meteorological year,2018,ATG,18273.42707,14.44264443,0.846
Temperature change on land,Antigua and Barbuda,Meteorological year,2019,ATG,18884.37297,14.84255856,0.937
Temperature change on land,Antigua and Barbuda,Meteorological year,2020,ATG,15360.45442,15.01917956,1.236
Temperature change on land,Antigua and Barbuda,Meteorological year,2021,ATG,17340.37907,18.68682338,0.936
Temperature change on land,Argentina,Meteorological year,1990,ARG,4315.333294,61.76667852,0.373
Temperature change on land,Argentina,Meteorological year,1991,ARG,5709.247841,63.38738002,0.185
Temperature change on land,Argentina,Meteorological year,1992,ARG,6789.996111,65.11923879,-0.326
Temperature change on land,Argentina,Meteorological year,1993,ARG,6931.855964,66.93073005,0.004
Temperature change on land,Argentina,Meteorological year,1994,ARG,7437.562423,68.79049513,0.419
Temperature change on land,Argentina,Meteorological year,1995,ARG,7357.616277,70.66713963,0.2
Temperature change on land,Argentina,Meteorological year,1996,ARG,7663.212713,72.76292818,0.461
Temperature change on land,Argentina,Meteorological year,1997,ARG,8146.7871,75.16107335,0.692
Temperature change on land,Argentina,Meteorological year,1998,ARG,8218.992128,77.6498103,0.274
Temperature change on land,Argentina,Meteorological year,1999,ARG,7705.542883,80.01678924,0.09
Temperature change on land,Argentina,Meteorological year,2000,ARG,7637.014892,82.04869785,-0.26
Temperature change on land,Argentina,Meteorological year,2001,ARG,7141.475077,83.91113292,0.339
Temperature change on land,Argentina,Meteorological year,2002,ARG,2569.699635,85.79294796,0.205
Temperature change on land,Argentina,Meteorological year,2003,ARG,3320.477751,87.51470222,0.573
Temperature change on land,Argentina,Meteorological year,2004,ARG,4242.020991,88.89677037,0.381
Temperature change on land,Argentina,Meteorological year,2005,ARG,5067.653423,89.75954216,0.19
Temperature change on land,Argentina,Meteorological year,2006,ARG,5869.38029,90.12486855,0.499
Temperature change on land,Argentina,Meteorological year,2007,ARG,7185.251551,90.23185282,-0.273
Temperature change on land,Argentina,Meteorological year,2008,ARG,8944.110266,90.22924072,0.485
Temperature change on land,Argentina,Meteorological year,2009,ARG,8150.23527,90.26707448,0.733
Temperature change on land,Argentina,Meteorological year,2010,ARG,10260.13131,90.4964628,0.03
Temperature change on land,Argentina,Meteorological year,2011,ARG,12704.28318,91.03278376,0.255
Temperature change on land,Argentina,Meteorological year,2012,ARG,12949.71749,91.78608045,0.675
Temperature change on land,Argentina,Meteorological year,2013,ARG,12963.67577,92.60302097,0.348
Temperature change on land,Argentina,Meteorological year,2014,ARG,12233.14441,93.33123308,0.857
Temperature change on land,Argentina,Meteorological year,2015,ARG,13679.6265,93.81891153,0.855
Temperature change on land,Argentina,Meteorological year,2016,ARG,12699.96231,94.10039092,0.363
Temperature change on land,Argentina,Meteorological year,2017,ARG,14532.50093,94.3270295,0.968
Temperature change on land,Argentina,Meteorological year,2018,ARG,11752.79989,94.52342836,0.761
Temperature change on land,Argentina,Meteorological year,2019,ARG,9955.974787,94.7124553,0.643
Temperature change on land,Argentina,Meteorological year,2020,ARG,8535.59938,94.78805239,1
Temperature change on land,Argentina,Meteorological year,2021,ARG,10738.01792,98.04261318,0.9
Temperature change on land,Armenia,Meteorological year,1992,ARM,356.35078,25.34487438,-1.281
Temperature change on land,Armenia,Meteorological year,1993,ARM,347.8706447,24.97823203,-0.931
Temperature change on land,Armenia,Meteorological year,1994,ARM,390.8799643,24.77786594,0.488
Temperature change on land,Armenia,Meteorological year,1995,ARM,443.9248609,24.74410935,0.701
Temperature change on land,Armenia,Meteorological year,1996,ARM,487.0686244,25.01081756,0.495
Temperature change on land,Armenia,Meteorological year,1997,ARM,505.0358871,25.63366821,0.785
Temperature change on land,Armenia,Meteorological year,1998,ARM,590.2399473,26.49368373,1.388
Temperature change on land,Armenia,Meteorological year,1999,ARM,582.6698862,27.47071299,1.538
Temperature change on land,Armenia,Meteorological year,2000,ARM,593.4505817,28.44647785,1.077
Temperature change on land,Armenia,Meteorological year,2001,ARM,659.5889885,29.62637466,1.449
Temperature change on land,Armenia,Meteorological year,2002,ARM,742.6511183,31.16718781,1.215
Temperature change on land,Armenia,Meteorological year,2003,ARM,882.0301677,32.8750913,0.197
Temperature change on land,Armenia,Meteorological year,2004,ARM,1130.087914,34.55575435,1.149
Temperature change on land,Armenia,Meteorological year,2005,ARM,1557.484589,36.01377512,0.509
Temperature change on land,Armenia,Meteorological year,2006,ARM,2041.652671,37.34263916,1.632
Temperature change on land,Armenia,Meteorological year,2007,ARM,2962.702346,38.71405641,0.746
Temperature change on land,Armenia,Meteorological year,2008,ARM,3777.668593,40.05877837,0.873
Temperature change on land,Armenia,Meteorological year,2009,ARM,2820.592655,41.30679758,0.689
Temperature change on land,Armenia,Meteorological year,2010,ARM,3041.344507,42.38697159,2.705
Temperature change on land,Armenia,Meteorological year,2011,ARM,3349.553098,43.397991,0.673
Temperature change on land,Armenia,Meteorological year,2012,ARM,3511.563997,44.42012597,1.319
Temperature change on land,Armenia,Meteorological year,2013,ARM,3680.166922,45.36568311,1.413
Temperature change on land,Armenia,Meteorological year,2014,ARM,3852.118006,46.1460757,1.246
Temperature change on land,Armenia,Meteorological year,2015,ARM,3512.393503,46.67041744,1.876
Temperature change on land,Armenia,Meteorological year,2016,ARM,3524.424769,47.07823794,1.344
Temperature change on land,Armenia,Meteorological year,2017,ARM,3869.053739,47.50926417,0.865
Temperature change on land,Armenia,Meteorological year,2018,ARM,4196.005623,47.88864899,2.738
Temperature change on land,Armenia,Meteorological year,2019,ARM,4597.228874,48.14124052,1.78
Temperature change on land,Armenia,Meteorological year,2020,ARM,4268.680933,48.24483431,1.89
Temperature change on land,Armenia,Meteorological year,2021,ARM,4685.179971,51.08208279,2.208
Temperature change on land,Australia,Meteorological year,1990,AUS,18249.30145,108.6964008,0.517
Temperature change on land,Australia,Meteorological year,1991,AUS,18859.90746,110.3888914,0.781
Temperature change on land,Australia,Meteorological year,1992,AUS,18624.18773,111.8875755,0.238
Temperature change on land,Australia,Meteorological year,1993,AUS,17699.87649,113.1259662,0.432
Temperature change on land,Australia,Meteorological year,1994,AUS,18129.63531,114.0383444,0.171
Temperature change on land,Australia,Meteorological year,1995,AUS,20448.12197,114.5563514,0.351
Temperature change on land,Australia,Meteorological year,1996,AUS,22021.78391,114.6708053,0.545
Temperature change on land,Australia,Meteorological year,1997,AUS,23646.62305,114.4978059,0.32
Temperature change on land,Australia,Meteorological year,1998,AUS,21479.1142,114.14661,1.028
Temperature change on land,Australia,Meteorological year,1999,AUS,20712.66978,113.7259374,0.512
Temperature change on land,Australia,Meteorological year,2000,AUS,21870.41597,113.3499978,0.085
Temperature change on land,Australia,Meteorological year,2001,AUS,19695.72974,112.9880216,0.281
Temperature change on land,Australia,Meteorological year,2002,AUS,20301.84317,112.5639685,0.664
Temperature change on land,Australia,Meteorological year,2003,AUS,23718.13385,112.118001,0.77
Temperature change on land,Australia,Meteorological year,2004,AUS,30836.73068,111.6908341,0.649
Temperature change on land,Australia,Meteorological year,2005,AUS,34479.76793,111.3234793,1.12
Temperature change on land,Australia,Meteorological year,2006,AUS,36595.70715,110.9112551,0.629
Temperature change on land,Australia,Meteorological year,2007,AUS,41051.61207,110.3970627,0.842
Temperature change on land,Australia,Meteorological year,2008,AUS,49701.28178,109.8965122,0.541
Temperature change on land,Australia,Meteorological year,2009,AUS,42816.5674,109.5288866,0.949
Temperature change on land,Australia,Meteorological year,2010,AUS,52144.66547,109.4140031,0.605
Temperature change on land,Australia,Meteorological year,2011,AUS,62605.60046,109.5400134,0.14
Temperature change on land,Australia,Meteorological year,2012,AUS,68072.87323,109.785676,0.239
Temperature change on land,Australia,Meteorological year,2013,AUS,68190.701,110.1003017,1.429
Temperature change on land,Australia,Meteorological year,2014,AUS,62544.08738,110.4363524,1.124
Temperature change on land,Australia,Meteorological year,2015,AUS,56739.02653,110.7476813,1.02
Temperature change on land,Australia,Meteorological year,2016,AUS,49888.04108,111.1713875,1.105
Temperature change on land,Australia,Meteorological year,2017,AUS,53901.71454,111.7565809,1.072
Temperature change on land,Australia,Meteorological year,2018,AUS,57196.42208,112.3233902,1.059
Temperature change on land,Australia,Meteorological year,2019,AUS,54972.70179,112.6896725,1.36
Temperature change on land,Australia,Meteorological year,2020,AUS,51791.54018,112.8566903,1.353
Temperature change on land,Australia,Meteorological year,2021,AUS,60607.77886,108.4248704,0.551
Temperature change on land,Austria,Meteorological year,1990,AUT,21596.06822,132.5543912,1.261
Temperature change on land,Austria,Meteorological year,1991,AUT,22323.13125,133.0203185,0.121
Temperature change on land,Austria,Meteorological year,1992,AUT,24782.71188,133.2405308,1.243
Temperature change on land,Austria,Meteorological year,1993,AUT,23987.20372,133.2336275,0.522
Temperature change on land,Austria,Meteorological year,1994,AUT,25546.24605,133.0304724,1.953
Temperature change on land,Austria,Meteorological year,1995,AUT,30207.06743,132.6571791,0.936
Temperature change on land,Austria,Meteorological year,1996,AUT,29645.94513,131.7542765,-0.205
Temperature change on land,Austria,Meteorological year,1997,AUT,26571.75236,130.1201842,0.509
Temperature change on land,Austria,Meteorological year,1998,AUT,27212.46429,128.0288047,1.341
Temperature change on land,Austria,Meteorological year,1999,AUT,27078.70816,125.7582861,0.979
Temperature change on land,Austria,Meteorological year,2000,AUT,24487.29747,123.5785292,1.764
Temperature change on land,Austria,Meteorological year,2001,AUT,24430.49598,121.2188327,1.499
Temperature change on land,Austria,Meteorological year,2002,AUT,26334.86222,118.399444,1.53
Temperature change on land,Austria,Meteorological year,2003,AUT,32110.11597,115.3770911,1.462
Temperature change on land,Austria,Meteorological year,2004,AUT,36614.25065,112.4044653,0.826
Temperature change on land,Austria,Meteorological year,2005,AUT,38157.37023,109.730242,0.624
Temperature change on land,Austria,Meteorological year,2006,AUT,40382.20783,107.1589103,0.904
Temperature change on land,Austria,Meteorological year,2007,AUT,46622.96229,104.4626964,2.137
Temperature change on land,Austria,Meteorological year,2008,AUT,51581.39824,101.8449305,1.587
Temperature change on land,Austria,Meteorological year,2009,AUT,47857.44466,99.51166307,1.548
Temperature change on land,Austria,Meteorological year,2010,AUT,46611.13934,97.66172066,0.665
Temperature change on land,Austria,Meteorological year,2011,AUT,51116.89535,96.10494091,1.379
Temperature change on land,Austria,Meteorological year,2012,AUT,48250.40591,94.59178134,1.787
Temperature change on land,Austria,Meteorological year,2013,AUT,50305.35458,93.23577868,1.101
Temperature change on land,Austria,Meteorological year,2014,AUT,51314.97226,92.15070796,2.417
Temperature change on land,Austria,Meteorological year,2015,AUT,43915.22802,91.44847079,2.179
Temperature change on land,Austria,Meteorological year,2016,AUT,45061.49939,91.00546171,2.109
Temperature change on land,Austria,Meteorological year,2017,AUT,47163.74258,90.63779442,1.754
Temperature change on land,Austria,Meteorological year,2018,AUT,51194.07498,90.3562208,2.539
Temperature change on land,Austria,Meteorological year,2019,AUT,49885.99474,90.16351436,2.382
Temperature change on land,Austria,Meteorological year,2020,AUT,48716.40989,90.07902779,2.326
Temperature change on land,Austria,Meteorological year,2021,AUT,53648.71907,88.87996718,1.415
Temperature change on land,Azerbaijan,Meteorological year,1992,AZE,60.23512054,21.92829249,-0.812
Temperature change on land,Azerbaijan,Meteorological year,1993,AZE,209.5309545,21.41918117,-0.99
Temperature change on land,Azerbaijan,Meteorological year,1994,AZE,157.0635499,21.08165271,0.115
Temperature change on land,Azerbaijan,Meteorological year,1995,AZE,314.5580191,20.9490197,1.022
Temperature change on land,Azerbaijan,Meteorological year,1996,AZE,409.1855438,21.00770285,0.259
Temperature change on land,Azerbaijan,Meteorological year,1997,AZE,505.5162042,21.18246334,0.622
Temperature change on land,Azerbaijan,Meteorological year,1998,AZE,561.9068079,21.41758983,1.21
Temperature change on land,Azerbaijan,Meteorological year,1999,AZE,573.8935287,21.65590453,1.241
Temperature change on land,Azerbaijan,Meteorological year,2000,AZE,655.0972496,21.84119517,1.08
Temperature change on land,Azerbaijan,Meteorological year,2001,AZE,703.6709986,22.00272283,1.419
Temperature change on land,Azerbaijan,Meteorological year,2002,AZE,763.1088955,22.20262459,1.479
Temperature change on land,Azerbaijan,Meteorological year,2003,AZE,883.6925807,22.43775212,-0.053
Temperature change on land,Azerbaijan,Meteorological year,2004,AZE,1045.013633,22.70380489,1.372
Temperature change on land,Azerbaijan,Meteorological year,2005,AZE,1578.36733,22.99746692,0.888
Temperature change on land,Azerbaijan,Meteorological year,2006,AZE,2472.957257,23.50900241,1.558
Temperature change on land,Azerbaijan,Meteorological year,2007,AZE,3851.330152,24.29645126,1.016
Temperature change on land,Azerbaijan,Meteorological year,2008,AZE,5574.468104,25.16180323,0.921
Temperature change on land,Azerbaijan,Meteorological year,2009,AZE,4950.39949,25.90380769,0.814
Temperature change on land,Azerbaijan,Meteorological year,2010,AZE,5843.533768,26.32036372,2.365
Temperature change on land,Azerbaijan,Meteorological year,2011,AZE,7189.818692,26.47180158,0.796
Temperature change on land,Azerbaijan,Meteorological year,2012,AZE,7495.865277,26.56948743,1.5
Temperature change on land,Azerbaijan,Meteorological year,2013,AZE,7875.345367,26.64254492,1.6
Temperature change on land,Azerbaijan,Meteorological year,2014,AZE,7890.840281,26.71819633,1.247
Temperature change on land,Azerbaijan,Meteorological year,2015,AZE,5500.503646,26.82539071,1.661
Temperature change on land,Azerbaijan,Meteorological year,2016,AZE,3880.685228,27.23469617,1.452
Temperature change on land,Azerbaijan,Meteorological year,2017,AZE,4147.198142,27.98547393,1.283
Temperature change on land,Azerbaijan,Meteorological year,2018,AZE,4739.794312,28.7635585,2.242
Temperature change on land,Azerbaijan,Meteorological year,2019,AZE,4805.753718,29.25769456,1.978
Temperature change on land,Azerbaijan,Meteorological year,2020,AZE,4229.910649,29.3500832,2.006
Temperature change on land,Azerbaijan,Meteorological year,2021,AZE,5408.045352,35.87592142,2.107
Temperature change on land,Bahamas,Meteorological year,1990,BHS,11473.30084,12.1980317,0.761
Temperature change on land,Bahamas,Meteorological year,1991,BHS,11082.35286,11.83277334,0.759
Temperature change on land,Bahamas,Meteorological year,1992,BHS,10873.40475,11.52143022,0.218
Temperature change on land,Bahamas,Meteorological year,1993,BHS,10613.06588,11.28078672,0.319
Temperature change on land,Bahamas,Meteorological year,1994,BHS,10991.23467,11.12766606,0.74
Temperature change on land,Bahamas,Meteorological year,1995,BHS,11374.60567,11.07873964,0.663
Temperature change on land,Bahamas,Meteorological year,1996,BHS,11783.7972,11.14128561,0.01
Temperature change on land,Bahamas,Meteorological year,1997,BHS,20367.57327,11.27973108,0.745
Temperature change on land,Bahamas,Meteorological year,1998,BHS,21667.44882,11.44683918,0.913
Temperature change on land,Bahamas,Meteorological year,1999,BHS,24041.09332,11.59549494,0.545
Temperature change on land,Bahamas,Meteorological year,2000,BHS,24940.07751,11.67839054,0.145
Temperature change on land,Bahamas,Meteorological year,2001,BHS,25371.92377,11.70419727,0.094
Temperature change on land,Bahamas,Meteorological year,2002,BHS,26781.61959,11.71655577,0.862
Temperature change on land,Bahamas,Meteorological year,2003,BHS,26429.12478,11.72033541,0.986
Temperature change on land,Bahamas,Meteorological year,2004,BHS,26650.29342,11.7203906,0.325
Temperature change on land,Bahamas,Meteorological year,2005,BHS,28602.41819,11.72156272,0.27
Temperature change on land,Bahamas,Meteorological year,2006,BHS,29184.78651,11.7108547,0.077
Temperature change on land,Bahamas,Meteorological year,2007,BHS,30051.84896,11.68103664,0.754
Temperature change on land,Bahamas,Meteorological year,2008,BHS,29392.38244,11.645239,0.835
Temperature change on land,Bahamas,Meteorological year,2009,BHS,27512.9131,11.61655638,0.367
Temperature change on land,Bahamas,Meteorological year,2010,BHS,27473.10043,11.60796743,0.229
Temperature change on land,Bahamas,Meteorological year,2011,BHS,27090.83768,11.60991829,0.389
Temperature change on land,Bahamas,Meteorological year,2012,BHS,28552.02427,11.60764042,0.339
Temperature change on land,Bahamas,Meteorological year,2013,BHS,27432.95343,11.6063908,0.54
Temperature change on land,Bahamas,Meteorological year,2014,BHS,28705.61708,11.61140413,0.863
Temperature change on land,Bahamas,Meteorological year,2015,BHS,30289.40225,11.62775711,1.108
Temperature change on land,Bahamas,Meteorological year,2016,BHS,30266.58592,11.83702582,1.035
Temperature change on land,Bahamas,Meteorological year,2017,BHS,31337.18325,12.28057317,1.379
Temperature change on land,Bahamas,Meteorological year,2018,BHS,32124.40511,12.75295116,1.011
Temperature change on land,Bahamas,Meteorological year,2019,BHS,32979.54013,13.04827817,1.434
Temperature change on land,Bahamas,Meteorological year,2020,BHS,25155.67254,13.1406035,1.606
Temperature change on land,Bahamas,Meteorological year,2021,BHS,28682.327,16.60882884,0.765
Temperature change on land,Bahrain,Meteorological year,1990,BHR,9342.538914,31.28453092,0.41
Temperature change on land,Bahrain,Meteorological year,1991,BHR,10434.1324,32.16369419,-0.277
Temperature change on land,Bahrain,Meteorological year,1992,BHR,10460.15832,33.07120685,-0.601
Temperature change on land,Bahrain,Meteorological year,1993,BHR,11151.8715,34.01998285,0.065
Temperature change on land,Bahrain,Meteorological year,1994,BHR,11629.35952,35.01209866,0.931
Temperature change on land,Bahrain,Meteorological year,1995,BHR,11900.93178,36.03195219,0.179
Temperature change on land,Bahrain,Meteorological year,1996,BHR,12091.78022,37.22262093,0.617
Temperature change on land,Bahrain,Meteorological year,1997,BHR,12254.66626,38.60315615,0.294
Temperature change on land,Bahrain,Meteorological year,1998,BHR,11625.03438,40.0113382,1.349
Temperature change on land,Bahrain,Meteorological year,1999,BHR,12123.35347,41.27531922,1.992
Temperature change on land,Bahrain,Meteorological year,2000,BHR,14214.48368,42.20955499,1.123
Temperature change on land,Bahrain,Meteorological year,2001,BHR,13573.23399,42.94465667,1.22
Temperature change on land,Bahrain,Meteorological year,2002,BHR,13501.47088,43.61308221,1.581
Temperature change on land,Bahrain,Meteorological year,2003,BHR,14486.0269,44.17614747,1.26
Temperature change on land,Bahrain,Meteorological year,2004,BHR,15963.94932,44.62059582,1.387
Temperature change on land,Bahrain,Meteorological year,2005,BHR,17966.16578,44.9389687,1.069
Temperature change on land,Bahrain,Meteorological year,2006,BHR,19267.28262,45.01431657,1.819
Temperature change on land,Bahrain,Meteorological year,2007,BHR,20908.40425,44.78067637,1.03
Temperature change on land,Bahrain,Meteorological year,2008,BHR,23299.49928,44.33882908,1.289
Temperature change on land,Bahrain,Meteorological year,2009,BHR,19465.31407,43.82807006,1.174
Temperature change on land,Bahrain,Meteorological year,2010,BHR,21819.32911,43.39638758,2.217
Temperature change on land,Bahrain,Meteorological year,2011,BHR,25032.78677,42.88094897,1.362
Temperature change on land,Bahrain,Meteorological year,2012,BHR,26438.67332,42.14917402,1.315
Temperature change on land,Bahrain,Meteorological year,2013,BHR,26989.76011,41.38024752,1.44
Temperature change on land,Bahrain,Meteorological year,2014,BHR,26451.79656,40.77011977,1.842
Temperature change on land,Bahrain,Meteorological year,2015,BHR,23734.05511,40.50616257,2.392
Temperature change on land,Bahrain,Meteorological year,2016,BHR,23800.00144,40.58223608,1.671
Temperature change on land,Bahrain,Meteorological year,2017,BHR,24784.76935,40.78594629,2.138
Temperature change on land,Bahrain,Meteorological year,2018,BHR,26324.40665,41.04286299,2.304
Temperature change on land,Bahrain,Meteorological year,2019,BHR,27259.74386,41.27426967,2.154
Temperature change on land,Bahrain,Meteorological year,2020,BHR,24342.84446,41.69900278,2.007
Temperature change on land,Bahrain,Meteorological year,2021,BHR,27147.80839,41.90822032,2.442
Temperature change on land,Bangladesh,Meteorological year,1990,BGD,283.0537371,53.68933157,-0.025
Temperature change on land,Bangladesh,Meteorological year,1991,BGD,272.0649485,53.23600999,0.084
Temperature change on land,Bangladesh,Meteorological year,1992,BGD,273.4650725,52.67721401,-0.011
Temperature change on land,Bangladesh,Meteorological year,1993,BGD,280.7572745,52.02486959,-0.313
Temperature change on land,Bangladesh,Meteorological year,1994,BGD,280.6030318,51.28650605,0.327
Temperature change on land,Bangladesh,Meteorological year,1995,BGD,309.4586808,50.47109126,0.313
Temperature change on land,Bangladesh,Meteorological year,1996,BGD,371.9179377,49.48777961,0.204
Temperature change on land,Bangladesh,Meteorological year,1997,BGD,379.2849177,48.30351019,0.022
Temperature change on land,Bangladesh,Meteorological year,1998,BGD,385.6168818,47.02314694,0.611
Temperature change on land,Bangladesh,Meteorological year,1999,BGD,388.0956843,45.75096716,0.907
Temperature change on land,Bangladesh,Meteorological year,2000,BGD,396.6707302,44.58987318,0.361
Temperature change on land,Bangladesh,Meteorological year,2001,BGD,394.65641,43.49721559,0.466
Temperature change on land,Bangladesh,Meteorological year,2002,BGD,393.8864223,42.39445266,0.547
Temperature change on land,Bangladesh,Meteorological year,2003,BGD,426.7488075,41.3334037,0.442
Temperature change on land,Bangladesh,Meteorological year,2004,BGD,455.6140169,40.36485626,0.45
Temperature change on land,Bangladesh,Meteorological year,2005,BGD,480.0858508,39.53771687,0.845
Temperature change on land,Bangladesh,Meteorological year,2006,BGD,490.3880265,38.80354698,1.032
Temperature change on land,Bangladesh,Meteorological year,2007,BGD,537.9554928,38.09527346,0.451
Temperature change on land,Bangladesh,Meteorological year,2008,BGD,613.062041,37.43403124,0.229
Temperature change on land,Bangladesh,Meteorological year,2009,BGD,679.2114774,36.84158935,1.066
Temperature change on land,Bangladesh,Meteorological year,2010,BGD,757.3852804,36.34010523,1.054
Temperature change on land,Bangladesh,Meteorological year,2011,BGD,837.3369447,35.89247927,0.382
Temperature change on land,Bangladesh,Meteorological year,2012,BGD,859.6805364,35.45505855,0.541
Temperature change on land,Bangladesh,Meteorological year,2013,BGD,958.2629898,35.03959977,0.516
Temperature change on land,Bangladesh,Meteorological year,2014,BGD,1094.461997,34.65856948,0.759
Temperature change on land,Bangladesh,Meteorological year,2015,BGD,1224.386477,34.32450036,0.905
Temperature change on land,Bangladesh,Meteorological year,2016,BGD,1649.283809,33.95485577,1.476
Temperature change on land,Bangladesh,Meteorological year,2017,BGD,1811.082217,33.55227184,1.288
Temperature change on land,Bangladesh,Meteorological year,2018,BGD,1965.243727,33.25590177,1.065
Temperature change on land,Bangladesh,Meteorological year,2019,BGD,2129.79897,33.20496951,1.312
Temperature change on land,Bangladesh,Meteorological year,2020,BGD,2248.850788,33.6566961,1.109
Temperature change on land,Bangladesh,Meteorological year,2021,BGD,2482.849178,38.67956144,1.498
Temperature change on land,Barbados,Meteorological year,1990,BRB,7781.405733,17.37856287,0.466
Temperature change on land,Barbados,Meteorological year,1991,BRB,7790.262294,17.38431462,0.535
Temperature change on land,Barbados,Meteorological year,1992,BRB,7519.201435,17.381018,0.455
Temperature change on land,Barbados,Meteorological year,1993,BRB,7904.707624,17.36712082,0.532
Temperature change on land,Barbados,Meteorological year,1994,BRB,8223.166812,17.3411988,0.535
Temperature change on land,Barbados,Meteorological year,1995,BRB,8460.473809,17.3022184,0.665
Temperature change on land,Barbados,Meteorological year,1996,BRB,9011.778848,17.24970015,0.541
Temperature change on land,Barbados,Meteorological year,1997,BRB,9521.571274,17.18497336,0.486
Temperature change on land,Barbados,Meteorological year,1998,BRB,10734.36372,17.10945618,1.324
Temperature change on land,Barbados,Meteorological year,1999,BRB,11244.30877,17.02485245,0.719
Temperature change on land,Barbados,Meteorological year,2000,BRB,11674.67365,16.93247439,0.576
Temperature change on land,Barbados,Meteorological year,2001,BRB,11639.51605,16.78865029,0.786
Temperature change on land,Barbados,Meteorological year,2002,BRB,11760.45247,16.57684124,0.683
Temperature change on land,Barbados,Meteorological year,2003,BRB,12075.9587,16.3388635,0.965
Temperature change on land,Barbados,Meteorological year,2004,BRB,12886.36653,16.11719039,0.776
Temperature change on land,Barbados,Meteorological year,2005,BRB,14214.42022,15.95484027,1.219
Temperature change on land,Barbados,Meteorological year,2006,BRB,15619.6006,15.82443119,0.961
Temperature change on land,Barbados,Meteorological year,2007,BRB,17235.43964,15.68001484,0.818
Temperature change on land,Barbados,Meteorological year,2008,BRB,17565.693,15.53671311,0.473
Temperature change on land,Barbados,Meteorological year,2009,BRB,16294.90995,15.40976585,0.607
Temperature change on land,Barbados,Meteorological year,2010,BRB,18860.38337,15.31401094,1.343
Temperature change on land,Barbados,Meteorological year,2011,BRB,19345.99531,15.23992301,0.913
Temperature change on land,Barbados,Meteorological year,2012,BRB,19034.0708,15.172459,0.785
Temperature change on land,Barbados,Meteorological year,2013,BRB,19308.00911,15.11802403,1.077
Temperature change on land,Barbados,Meteorological year,2014,BRB,19277.94236,15.08304381,0.736
Temperature change on land,Barbados,Meteorological year,2015,BRB,18954.29137,15.07383392,1.204
Temperature change on land,Barbados,Meteorological year,2016,BRB,19065.80698,15.20597498,1.51
Temperature change on land,Barbados,Meteorological year,2017,BRB,19692.76067,15.49779785,1.163
Temperature change on land,Barbados,Meteorological year,2018,BRB,20055.91587,15.8099906,0.892
Temperature change on land,Barbados,Meteorological year,2019,BRB,20583.72658,16.00348225,1.371
Temperature change on land,Barbados,Meteorological year,2020,BRB,18347.11091,16.06288182,1.225
Temperature change on land,Barbados,Meteorological year,2021,BRB,18696.7859,19.28899895,1.258
Temperature change on land,Belarus,Meteorological year,1992,BLR,1658.086413,130.8535837,1.284
Temperature change on land,Belarus,Meteorological year,1993,BLR,1589.510113,133.9104039,0.033
Temperature change on land,Belarus,Meteorological year,1994,BLR,1460.007914,137.1289981,1.147
Temperature change on land,Belarus,Meteorological year,1995,BLR,1370.699914,140.4523374,1.507
Temperature change on land,Belarus,Meteorological year,1996,BLR,1452.507105,144.8327081,-0.265
Temperature change on land,Belarus,Meteorological year,1997,BLR,1396.657187,150.5397353,0.369
Temperature change on land,Belarus,Meteorological year,1998,BLR,1511.259791,156.4223059,0.717
Temperature change on land,Belarus,Meteorological year,1999,BLR,1210.587439,161.3529642,1.518
Temperature change on land,Belarus,Meteorological year,2000,BLR,1276.280381,164.2174517,1.949
Temperature change on land,Belarus,Meteorological year,2001,BLR,1244.373185,165.4934955,1.986
Temperature change on land,Belarus,Meteorological year,2002,BLR,1479.380663,166.4218406,1.901
Temperature change on land,Belarus,Meteorological year,2003,BLR,1819.526531,166.9788102,0.098
Temperature change on land,Belarus,Meteorological year,2004,BLR,2378.337005,167.1541723,0.947
Temperature change on land,Belarus,Meteorological year,2005,BLR,3126.071767,166.9314803,1.292
Temperature change on land,Belarus,Meteorological year,2006,BLR,3848.223503,165.992264,0.665
Temperature change on land,Belarus,Meteorological year,2007,BLR,4735.481076,164.3145389,2.379
Temperature change on land,Belarus,Meteorological year,2008,BLR,6376.175692,162.2657876,2.269
Temperature change on land,Belarus,Meteorological year,2009,BLR,5352.488092,160.2283823,1.613
Temperature change on land,Belarus,Meteorological year,2010,BLR,6034.678852,158.5899133,1.461
Temperature change on land,Belarus,Meteorological year,2011,BLR,6527.659343,157.0944234,1.027
Temperature change on land,Belarus,Meteorological year,2012,BLR,6953.215917,155.2667532,1.573
Temperature change on land,Belarus,Meteorological year,2013,BLR,7998.080205,153.1125919,1.217
Temperature change on land,Belarus,Meteorological year,2014,BLR,8341.290143,150.6306942,2.183
Temperature change on land,Belarus,Meteorological year,2015,BLR,5967.06856,147.8322186,2.252
Temperature change on land,Belarus,Meteorological year,2016,BLR,5039.775609,142.5518904,2.212
Temperature change on land,Belarus,Meteorological year,2017,BLR,5785.533977,134.657685,1.605
Temperature change on land,Belarus,Meteorological year,2018,BLR,6360.053101,127.1957409,2.35
Temperature change on land,Belarus,Meteorological year,2019,BLR,6837.768321,123.2286255,2.683
Temperature change on land,Belarus,Meteorological year,2020,BLR,6542.86454,123.1632972,3.522
Temperature change on land,Belarus,Meteorological year,2021,BLR,7489.718947,128.5520088,1.709
Temperature change on land,Belgium,Meteorological year,2000,BEL,23098.88651,150.8122185,1.494
Temperature change on land,Belgium,Meteorological year,2001,BEL,23015.07126,150.6652225,1.347
Temperature change on land,Belgium,Meteorological year,2002,BEL,25006.1914,150.3005548,1.41
Temperature change on land,Belgium,Meteorological year,2003,BEL,30655.20927,149.7397849,1.535
Temperature change on land,Belgium,Meteorological year,2004,BEL,35429.40779,149.0155086,1.098
Temperature change on land,Belgium,Meteorological year,2005,BEL,36809.70134,148.1479206,1.208
Temperature change on land,Belgium,Meteorological year,2006,BEL,38705.1068,146.6461772,1.417
Temperature change on land,Belgium,Meteorological year,2007,BEL,44319.16545,144.3651665,1.896
Temperature change on land,Belgium,Meteorological year,2008,BEL,48303.39796,141.8315125,1.265
Temperature change on land,Belgium,Meteorological year,2009,BEL,44923.34001,139.583775,1.161
Temperature change on land,Belgium,Meteorological year,2010,BEL,44197.39367,138.1564544,0.238
Temperature change on land,Belgium,Meteorological year,2011,BEL,47760.82988,137.4334661,1.294
Temperature change on land,Belgium,Meteorological year,2012,BEL,44874.17092,136.8893246,1.143
Temperature change on land,Belgium,Meteorological year,2013,BEL,46964.59468,136.4104922,0.479
Temperature change on land,Belgium,Meteorological year,2014,BEL,47995.7787,135.8925772,2.426
Temperature change on land,Belgium,Meteorological year,2015,BEL,40893.80454,135.2342219,1.379
Temperature change on land,Belgium,Meteorological year,2016,BEL,41854.54983,133.9360836,1.892
Temperature change on land,Belgium,Meteorological year,2017,BEL,44035.32394,132.0085322,1.723
Temperature change on land,Belgium,Meteorological year,2018,BEL,47487.21004,130.1028645,2.173
Temperature change on land,Belgium,Meteorological year,2019,BEL,46716.62275,128.8634418,2.056
Temperature change on land,Belgium,Meteorological year,2020,BEL,45906.28758,128.514835,2.544
Temperature change on land,Belgium,Meteorological year,2021,BEL,51655.78833,128.0953403,1.174
Temperature change on land,Belgium,Meteorological year,1990,BEL,20600.37528,142.5707135,1.497
Temperature change on land,Belgium,Meteorological year,1991,BEL,21041.66065,143.9365727,0.269
Temperature change on land,Belgium,Meteorological year,1992,BEL,23372.61917,145.2141905,1.021
Temperature change on land,Belgium,Meteorological year,1993,BEL,22283.93602,146.3781806,0.364
Temperature change on land,Belgium,Meteorological year,1994,BEL,24208.55479,147.3984977,1.607
Temperature change on land,Belgium,Meteorological year,1995,BEL,28413.82644,148.2435143,1.504
Temperature change on land,Belgium,Meteorological year,1996,BEL,27489.55518,148.9946863,-0.493
Temperature change on land,Belgium,Meteorological year,1997,BEL,24820.93805,149.7009389,0.686
Temperature change on land,Belgium,Meteorological year,1998,BEL,25338.44329,150.2870189,1.036
Temperature change on land,Belgium,Meteorological year,1999,BEL,25252.80191,150.6822603,1.452
Temperature change on land,Belize,Meteorological year,1990,BLZ,2988.649523,17.75928939,0.525
Temperature change on land,Belize,Meteorological year,1991,BLZ,3192.365269,17.95358995,0.656
Temperature change on land,Belize,Meteorological year,1992,BLZ,3645.612437,18.14142662,0.525
Temperature change on land,Belize,Meteorological year,1993,BLZ,3862.71049,18.31959204,0.64
Temperature change on land,Belize,Meteorological year,1994,BLZ,3879.013747,18.48483805,0.955
Temperature change on land,Belize,Meteorological year,1995,BLZ,4012.07959,18.63395907,0.955
Temperature change on land,Belize,Meteorological year,1996,BLZ,4045.694451,18.77579002,0.422
Temperature change on land,Belize,Meteorological year,1997,BLZ,4016.629416,18.91495935,1.082
Temperature change on land,Belize,Meteorological year,1998,BLZ,4127.937186,19.04247551,1.103
Temperature change on land,Belize,Meteorological year,1999,BLZ,4291.831682,19.14991095,0.452
Temperature change on land,Belize,Meteorological year,2000,BLZ,4729.670804,19.22948381,0.137
Temperature change on land,Belize,Meteorological year,2001,BLZ,4721.816257,19.31905433,0.403
Temperature change on land,Belize,Meteorological year,2002,BLZ,4861.743142,19.44039752,0.711
Temperature change on land,Belize,Meteorological year,2003,BLZ,4962.08962,19.56191572,0.944
Temperature change on land,Belize,Meteorological year,2004,BLZ,5156.098171,19.65193833,0.698
Temperature change on land,Belize,Meteorological year,2005,BLZ,5272.744172,19.67897124,0.828
Temperature change on land,Belize,Meteorological year,2006,BLZ,5527.167759,19.63838613,0.637
Temperature change on land,Belize,Meteorological year,2007,BLZ,5765.281999,19.55944399,0.839
Temperature change on land,Belize,Meteorological year,2008,BLZ,5713.281268,19.46149776,0.567
Temperature change on land,Belize,Meteorological year,2009,BLZ,5401.229631,19.36440296,0.907
Temperature change on land,Belize,Meteorological year,2010,BLZ,5451.138972,19.28821106,0.822
Temperature change on land,Belize,Meteorological year,2011,BLZ,5582.221706,19.20561916,0.699
Temperature change on land,Belize,Meteorological year,2012,BLZ,5709.689188,19.09514096,0.62
Temperature change on land,Belize,Meteorological year,2013,BLZ,5950.202999,18.98582276,0.76
Temperature change on land,Belize,Meteorological year,2014,BLZ,6128.142885,18.90690567,0.757
Temperature change on land,Belize,Meteorological year,2015,BLZ,6154.495935,18.88730972,1.251
Temperature change on land,Belize,Meteorological year,2016,BLZ,6142.498732,19.00377217,1.344
Temperature change on land,Belize,Meteorological year,2017,BLZ,6072.582676,19.24819721,1.242
Temperature change on land,Belize,Meteorological year,2018,BLZ,6031.281396,19.52223734,0.767
Temperature change on land,Belize,Meteorological year,2019,BLZ,6190.047923,19.72715542,1.472
Temperature change on land,Belize,Meteorological year,2020,BLZ,5227.193638,19.85844363,1.616
Temperature change on land,Belize,Meteorological year,2021,BLZ,6122.611586,22.03615176,1.23
Temperature change on land,Benin,Meteorological year,1990,BEN,371.1016043,28.7642023,0.675
Temperature change on land,Benin,Meteorological year,1991,BEN,364.689296,29.03361127,0.394
Temperature change on land,Benin,Meteorological year,1992,BEN,301.773297,29.30010844,0.067
Temperature change on land,Benin,Meteorological year,1993,BEN,387.3100548,29.5501434,0.606
Temperature change on land,Benin,Meteorological year,1994,BEN,262.1298074,29.78204474,0.514
Temperature change on land,Benin,Meteorological year,1995,BEN,348.4352389,29.98231594,0.491
Temperature change on land,Benin,Meteorological year,1996,BEN,369.3943841,30.18551194,0.826
Temperature change on land,Benin,Meteorological year,1997,BEN,344.5504915,30.41619519,0.645
Temperature change on land,Benin,Meteorological year,1998,BEN,361.6019831,30.65398663,1.144
Temperature change on land,Benin,Meteorological year,1999,BEN,525.1305972,30.88542583,0.694
Temperature change on land,Benin,Meteorological year,2000,BEN,487.4241414,31.08158294,0.523
Temperature change on land,Benin,Meteorological year,2001,BEN,492.4014995,31.29056087,0.595
Temperature change on land,Benin,Meteorological year,2002,BEN,546.4638297,31.54394388,0.784
Temperature change on land,Benin,Meteorological year,2003,BEN,676.0028781,31.79440231,1.041
Temperature change on land,Benin,Meteorological year,2004,BEN,758.6958038,31.99893801,0.821
Temperature change on land,Benin,Meteorological year,2005,BEN,779.4377778,32.1036613,1.23
Temperature change on land,Benin,Meteorological year,2006,BEN,809.1470725,32.11371932,1.128
Temperature change on land,Benin,Meteorological year,2007,BEN,912.3382472,32.08288814,0.889
Temperature change on land,Benin,Meteorological year,2008,BEN,1060.602545,32.03081143,0.727
Temperature change on land,Benin,Meteorological year,2009,BEN,1024.102779,31.98131312,1.039
Temperature change on land,Benin,Meteorological year,2010,BEN,973.2442545,31.95326889,1.323
Temperature change on land,Benin,Meteorological year,2011,BEN,1059.413589,31.93069746,1.045
Temperature change on land,Benin,Meteorological year,2012,BEN,1071.525836,31.89575732,0.69
Temperature change on land,Benin,Meteorological year,2013,BEN,1168.926993,31.86017693,0.961
Temperature change on land,Benin,Meteorological year,2014,BEN,1204.399187,31.83751086,1.05
Temperature change on land,Benin,Meteorological year,2015,BEN,1002.418869,31.84076892,1.196
Temperature change on land,Benin,Meteorological year,2016,BEN,1010.533896,31.89036699,1.145
Temperature change on land,Benin,Meteorological year,2017,BEN,1054.974081,31.99601719,1.264
Temperature change on land,Benin,Meteorological year,2018,BEN,1151.74097,32.14758005,1.153
Temperature change on land,Benin,Meteorological year,2019,BEN,1130.821353,32.33912781,1.228
Temperature change on land,Benin,Meteorological year,2020,BEN,1197.501364,32.94977998,1.14
Temperature change on land,Benin,Meteorological year,2021,BEN,1318.834978,32.82107442,1.635
Temperature change on land,Bhutan,Meteorological year,1990,BTN,488.3274315,36.63378912,-0.082
Temperature change on land,Bhutan,Meteorological year,1991,BTN,400.6347052,35.94154373,0.019
Temperature change on land,Bhutan,Meteorological year,1992,BTN,415.7915226,35.33787904,-0.255
Temperature change on land,Bhutan,Meteorological year,1993,BTN,407.3998425,34.84631916,-0.311
Temperature change on land,Bhutan,Meteorological year,1994,BTN,467.0083121,34.36721626,0.238
Temperature change on land,Bhutan,Meteorological year,1995,BTN,530.1036769,33.90625445,0.404
Temperature change on land,Bhutan,Meteorological year,1996,BTN,552.8738914,33.4782628,0.216
Temperature change on land,Bhutan,Meteorological year,1997,BTN,630.4474101,33.05911758,-0.374
Temperature change on land,Bhutan,Meteorological year,1998,BTN,638.2789623,32.65476517,0.747
Temperature change on land,Bhutan,Meteorological year,1999,BTN,685.4198306,32.26332645,0.95
Temperature change on land,Bhutan,Meteorological year,2000,BTN,771.9249114,31.88697191,0.128
Temperature change on land,Bhutan,Meteorological year,2001,BTN,812.2382108,31.49840879,0.636
Temperature change on land,Bhutan,Meteorological year,2002,BTN,895.7994899,31.09331302,0.436
Temperature change on land,Bhutan,Meteorological year,2003,BTN,1022.382403,30.70428582,0.483
Temperature change on land,Bhutan,Meteorological year,2004,BTN,1130.359346,30.36418958,0.458
Temperature change on land,Bhutan,Meteorological year,2005,BTN,1299.949386,30.10676463,0.758
Temperature change on land,Bhutan,Meteorological year,2006,BTN,1405.607162,29.92951703,0.986
Temperature change on land,Bhutan,Meteorological year,2007,BTN,1850.415704,29.80086941,0.987
Temperature change on land,Bhutan,Meteorological year,2008,BTN,1919.597749,29.71317274,0.555
Temperature change on land,Bhutan,Meteorological year,2009,BTN,1918.395992,29.661705,1.421
Temperature change on land,Bhutan,Meteorological year,2010,BTN,2435.579807,29.64100017,1.253
Temperature change on land,Bhutan,Meteorological year,2011,BTN,2787.979677,29.62309952,0.551
Temperature change on land,Bhutan,Meteorological year,2012,BTN,2751.212887,29.5970687,0.473
Temperature change on land,Bhutan,Meteorological year,2013,BTN,2679.952172,29.58628876,0.799
Temperature change on land,Bhutan,Meteorological year,2014,BTN,2849.499987,29.61472522,0.87
Temperature change on land,Bhutan,Meteorological year,2015,BTN,2954.04082,29.70258769,0.99
Temperature change on land,Bhutan,Meteorological year,2016,BTN,3152.309051,30.25338982,1.319
Temperature change on land,Bhutan,Meteorological year,2017,BTN,3435.288048,31.35899282,1.31
Temperature change on land,Bhutan,Meteorological year,2018,BTN,3400.204172,32.57318966,1.252
Temperature change on land,Bhutan,Meteorological year,2019,BTN,3576.879871,33.44815651,1.159
Temperature change on land,Bhutan,Meteorological year,2020,BTN,3191.66907,33.99488145,1.076
Temperature change on land,Bhutan,Meteorological year,2021,BTN,3570.612579,41.46257477,1.681
Temperature change on land,Bolivia (Plurinational State of),Meteorological year,1990,BOL,682.6768103,19.64866449,0.214
Temperature change on land,Bolivia (Plurinational State of),Meteorological year,1991,BOL,733.9354876,19.96858095,0.582
Temperature change on land,Bolivia (Plurinational State of),Meteorological year,1992,BOL,759.571135,20.26739045,0.128
Temperature change on land,Bolivia (Plurinational State of),Meteorological year,1993,BOL,756.637016,20.53141389,0.429
Temperature change on land,Bolivia (Plurinational State of),Meteorological year,1994,BOL,774.0356696,20.74620191,0.906
Temperature change on land,Bolivia (Plurinational State of),Meteorological year,1995,BOL,852.7540349,20.89765757,0.785
Temperature change on land,Bolivia (Plurinational State of),Meteorological year,1996,BOL,922.1132591,21.01477655,0.348
Temperature change on land,Bolivia (Plurinational State of),Meteorological year,1997,BOL,970.3518434,21.13079293,0.911
Temperature change on land,Bolivia (Plurinational State of),Meteorological year,1998,BOL,1022.145065,21.23988418,1.01
Temperature change on land,Bolivia (Plurinational State of),Meteorological year,1999,BOL,979.344495,21.33517135,0.367
Temperature change on land,Bolivia (Plurinational State of),Meteorological year,2000,BOL,975.7770604,21.40962908,0.427
Temperature change on land,Bolivia (Plurinational State of),Meteorological year,2001,BOL,930.1682272,21.46981309,0.692
Temperature change on land,Bolivia (Plurinational State of),Meteorological year,2002,BOL,888.221329,21.5210244,1.028
Temperature change on land,Bolivia (Plurinational State of),Meteorological year,2003,BOL,893.0137602,21.55639415,0.674
Temperature change on land,Bolivia (Plurinational State of),Meteorological year,2004,BOL,953.1918932,21.56848689,0.873
Temperature change on land,Bolivia (Plurinational State of),Meteorological year,2005,BOL,1020.123262,21.54945184,0.825
Temperature change on land,Bolivia (Plurinational State of),Meteorological year,2006,BOL,1202.711504,21.46752818,0.956
Temperature change on land,Bolivia (Plurinational State of),Meteorological year,2007,BOL,1354.549059,21.31770653,0.571
Temperature change on land,Bolivia (Plurinational State of),Meteorological year,2008,BOL,1692.672485,21.1329758,0.449
Temperature change on land,Bolivia (Plurinational State of),Meteorological year,2009,BOL,1731.181721,20.94572445,0.71
Temperature change on land,Bolivia (Plurinational State of),Meteorological year,2010,BOL,1929.783731,20.78819103,0.761
Temperature change on land,Bolivia (Plurinational State of),Meteorological year,2011,BOL,2315.521219,20.64766669,1.208
Temperature change on land,Bolivia (Plurinational State of),Meteorological year,2012,BOL,2575.598571,20.50030936,0.901
Temperature change on land,Bolivia (Plurinational State of),Meteorological year,2013,BOL,2870.02377,20.36133103,0.616
Temperature change on land,Bolivia (Plurinational State of),Meteorological year,2014,BOL,3041.435031,20.24619504,1.058
Temperature change on land,Bolivia (Plurinational State of),Meteorological year,2015,BOL,2996.012898,20.17047353,1.51
Temperature change on land,Bolivia (Plurinational State of),Meteorological year,2016,BOL,3035.873478,20.13884397,0.864
Temperature change on land,Bolivia (Plurinational State of),Meteorological year,2017,BOL,3306.303012,20.1405407,1.056
Temperature change on land,Bolivia (Plurinational State of),Meteorological year,2018,BOL,3500.726422,20.16729756,0.606
Temperature change on land,Bolivia (Plurinational State of),Meteorological year,2019,BOL,3503.896011,20.2110897,0.945
Temperature change on land,Bolivia (Plurinational State of),Meteorological year,2020,BOL,3099.94219,20.4093934,1.335
Temperature change on land,Bolivia (Plurinational State of),Meteorological year,2021,BOL,3384.844865,20.10036873,0.774
Temperature change on land,Bosnia & Herzegovina,Meteorological year,1990,BIH,1742.882622,62.64215575,1.006
Temperature change on land,Bosnia & Herzegovina,Meteorological year,1991,BIH,1373.371045,60.89540296,-0.116
Temperature change on land,Bosnia and Herzegovina,Meteorological year,1992,BIH,1118.175699,59.56121027,0.682
Temperature change on land,Bosnia and Herzegovina,Meteorological year,1993,BIH,929.8721187,58.60116106,0.276
Temperature change on land,Bosnia and Herzegovina,Meteorological year,1994,BIH,337.090896,57.97086144,1.707
Temperature change on land,Bosnia and Herzegovina,Meteorological year,1995,BIH,502.365981,57.68418629,0.298
Temperature change on land,Bosnia and Herzegovina,Meteorological year,1996,BIH,718.9337971,58.16011099,-0.029
Temperature change on land,Bosnia and Herzegovina,Meteorological year,1997,BIH,913.8133991,59.47664887,0.126
Temperature change on land,Bosnia and Herzegovina,Meteorological year,1998,BIH,1006.704797,61.17465012,1.083
Temperature change on land,Bosnia and Herzegovina,Meteorological year,1999,BIH,1134.60298,62.70803426,0.636
Temperature change on land,Bosnia and Herzegovina,Meteorological year,2000,BIH,1338.480596,63.50475618,1.549
Temperature change on land,Bosnia and Herzegovina,Meteorological year,2001,BIH,1387.893651,63.41173036,1.553
Temperature change on land,Bosnia and Herzegovina,Meteorological year,2002,BIH,1606.546722,62.83435981,1.158
Temperature change on land,Bosnia and Herzegovina,Meteorological year,2003,BIH,2033.947009,62.07225767,1.114
Temperature change on land,Bosnia and Herzegovina,Meteorological year,2004,BIH,2452.686168,61.42562303,0.604
Temperature change on land,Bosnia and Herzegovina,Meteorological year,2005,BIH,2739.610769,61.19194616,0.147
Temperature change on land,Bosnia and Herzegovina,Meteorological year,2006,BIH,3166.128653,61.37335267,0.623
Temperature change on land,Bosnia and Herzegovina,Meteorological year,2007,BIH,3931.489487,61.71698233,1.894
Temperature change on land,Bosnia and Herzegovina,Meteorological year,2008,BIH,4841.693119,62.12487941,1.41
Temperature change on land,Bosnia and Herzegovina,Meteorological year,2009,BIH,4539.918638,62.45906827,1.421
Temperature change on land,Bosnia and Herzegovina,Meteorological year,2010,BIH,4506.478285,62.58477159,0.998
Temperature change on land,Bosnia and Herzegovina,Meteorological year,2011,BIH,4982.693758,62.43664738,1.167
Temperature change on land,Bosnia and Herzegovina,Meteorological year,2012,BIH,4693.788991,62.10795561,1.805
Temperature change on land,Bosnia and Herzegovina,Meteorological year,2013,BIH,5034.56616,61.7302106,1.372
Temperature change on land,Bosnia and Herzegovina,Meteorological year,2014,BIH,5206.065583,61.42482581,1.88
Temperature change on land,Bosnia and Herzegovina,Meteorological year,2015,BIH,4662.258837,61.31304139,1.864
Temperature change on land,Bosnia and Herzegovina,Meteorological year,2016,BIH,4928.566525,61.67516179,1.724
Temperature change on land,Bosnia and Herzegovina,Meteorological year,2017,BIH,5345.019855,62.48380366,1.462
Temperature change on land,Bosnia and Herzegovina,Meteorological year,2018,BIH,6047.845843,63.40386608,2.319
Temperature change on land,Bosnia and Herzegovina,Meteorological year,2019,BIH,6122.375345,64.09936199,2.033
Temperature change on land,Bosnia and Herzegovina,Meteorological year,2020,BIH,6130.311332,64.47610426,1.92
Temperature change on land,Bosnia and Herzegovina,Meteorological year,2021,BIH,7295.343824,67.03643513,1.648
Temperature change on land,Botswana,Meteorological year,1990,BWA,2903.153816,63.28227914,0.926
Temperature change on land,Botswana,Meteorological year,1991,BWA,2938.594427,64.15665418,0.163
Temperature change on land,Botswana,Meteorological year,1992,BWA,3004.612634,65.07927692,1.032
Temperature change on land,Botswana,Meteorological year,1993,BWA,2929.43119,66.03412187,0.737
Temperature change on land,Botswana,Meteorological year,1994,BWA,2917.255142,67.00867131,0.061
Temperature change on land,Botswana,Meteorological year,1995,BWA,3156.181945,67.9900503,1.476
Temperature change on land,Botswana,Meteorological year,1996,BWA,3156.268657,69.17890802,0.035
Temperature change on land,Botswana,Meteorological year,1997,BWA,3194.181061,70.62693376,0.288
Temperature change on land,Botswana,Meteorological year,1998,BWA,2981.196397,72.07302004,1.237
Temperature change on land,Botswana,Meteorological year,1999,BWA,3339.99596,73.26308534,0.923
Temperature change on land,Botswana,Meteorological year,2000,BWA,3450.811806,73.94336112,-0.338
Temperature change on land,Botswana,Meteorological year,2001,BWA,3206.071237,74.27674603,0.216
Temperature change on land,Botswana,Meteorological year,2002,BWA,3117.250872,74.58208421,0.8
Temperature change on land,Botswana,Meteorological year,2003,BWA,4230.123269,74.82772033,1.197
Temperature change on land,Botswana,Meteorological year,2004,BWA,4956.692877,74.98422293,0.337
Temperature change on land,Botswana,Meteorological year,2005,BWA,5391.070766,75.02020304,1.488
Temperature change on land,Botswana,Meteorological year,2006,BWA,5291.583791,74.63932787,-0.194
Temperature change on land,Botswana,Meteorological year,2007,BWA,5529.125746,73.76281514,0.667
Temperature change on land,Botswana,Meteorological year,2008,BWA,5503.073953,72.67390376,0.576
Temperature change on land,Botswana,Meteorological year,2009,BWA,5082.933883,71.656855,0.086
Temperature change on land,Botswana,Meteorological year,2010,BWA,6215.732161,70.99570982,1.389
Temperature change on land,Botswana,Meteorological year,2011,BWA,7287.382953,70.65261742,0.317
Temperature change on land,Botswana,Meteorological year,2012,BWA,6595.53845,70.40540109,0.823
Temperature change on land,Botswana,Meteorological year,2013,BWA,6666.912196,70.26064189,1.12
Temperature change on land,Botswana,Meteorological year,2014,BWA,7122.364234,70.2261952,0.239
Temperature change on land,Botswana,Meteorological year,2015,BWA,6141.203947,70.30948936,1.873
Temperature change on land,Botswana,Meteorological year,2016,BWA,6749.059943,70.56073026,1.862
Temperature change on land,Botswana,Meteorological year,2017,BWA,7104.964011,70.95979142,0.358
Temperature change on land,Botswana,Meteorological year,2018,BWA,7407.959401,71.41166569,1.087
Temperature change on land,Botswana,Meteorological year,2019,BWA,7172.089565,71.82346234,1.918
Temperature change on land,Botswana,Meteorological year,2020,BWA,6323.314192,72.84556908,0.834
Temperature change on land,Botswana,Meteorological year,2021,BWA,7808.20624,73.49926087,0.106
Temperature change on land,Brazil,Meteorological year,1990,BRA,3117.735347,20.95353978,0.446
Temperature change on land,Brazil,Meteorological year,1991,BRA,2257.609297,20.81657195,0.452
Temperature change on land,Brazil,Meteorological year,1992,BRA,2127.316427,20.65988755,0.391
Temperature change on land,Brazil,Meteorological year,1993,BRA,2348.882477,20.5000262,0.455
Temperature change on land,Brazil,Meteorological year,1994,BRA,3298.712507,20.35415038,0.605
Temperature change on land,Brazil,Meteorological year,1995,BRA,4756.748408,20.23931695,0.787
Temperature change on land,Brazil,Meteorological year,1996,BRA,5179.13052,20.09568817,0.509
Temperature change on land,Brazil,Meteorological year,1997,BRA,5299.396304,19.87621131,0.703
Temperature change on land,Brazil,Meteorological year,1998,BRA,5105.890995,19.61469229,1.253
Temperature change on land,Brazil,Meteorological year,1999,BRA,3493.571625,19.34456085,0.559
Temperature change on land,Brazil,Meteorological year,2000,BRA,3766.548115,19.09922916,0.533
Temperature change on land,Brazil,Meteorological year,2001,BRA,3176.289357,18.86175399,0.795
Temperature change on land,Brazil,Meteorological year,2002,BRA,2855.940189,18.60416907,1.071
Temperature change on land,Brazil,Meteorological year,2003,BRA,3090.60701,18.34198085,0.964
Temperature change on land,Brazil,Meteorological year,2004,BRA,3663.823188,18.09079505,0.82
Temperature change on land,Brazil,Meteorological year,2005,BRA,4827.781731,17.86686787,1.157
Temperature change on land,Brazil,Meteorological year,2006,BRA,5934.144711,17.61519148,0.836
Temperature change on land,Brazil,Meteorological year,2007,BRA,7409.691307,17.30928288,0.989
Temperature change on land,Brazil,Meteorological year,2008,BRA,8908.331766,17.00894399,0.73
Temperature change on land,Brazil,Meteorological year,2009,BRA,8678.659225,16.77383001,0.966
Temperature change on land,Brazil,Meteorological year,2010,BRA,11403.28213,16.66339496,1.133
Temperature change on land,Brazil,Meteorological year,2011,BRA,13396.62436,16.68863065,0.806
Temperature change on land,Brazil,Meteorological year,2012,BRA,12521.72135,16.79428418,1.077
Temperature change on land,Brazil,Meteorological year,2013,BRA,12458.89121,16.94028567,0.996
Temperature change on land,Brazil,Meteorological year,2014,BRA,12274.99397,17.08635691,1.217
Temperature change on land,Brazil,Meteorological year,2015,BRA,8936.196618,17.19278285,1.601
Temperature change on land,Brazil,Meteorological year,2016,BRA,8836.286526,17.33652777,1.545
Temperature change on land,Brazil,Meteorological year,2017,BRA,10080.50928,17.56148688,1.441
Temperature change on land,Brazil,Meteorological year,2018,BRA,9300.661649,17.77666984,1.201
Temperature change on land,Brazil,Meteorological year,2019,BRA,9029.833267,17.89000984,1.589
Temperature change on land,Brazil,Meteorological year,2020,BRA,7074.193783,17.90081557,1.499
Temperature change on land,Brazil,Meteorological year,2021,BRA,7972.53665,16.50344499,1.223
Temperature change on land,Brunei Darussalam,Meteorological year,1990,BRN,23658.71663,35.14372697,0.432
Temperature change on land,Brunei Darussalam,Meteorological year,1991,BRN,23932.18975,34.22217912,0.416
Temperature change on land,Brunei Darussalam,Meteorological year,1992,BRN,23450.89644,33.39718639,0.313
Temperature change on land,Brunei Darussalam,Meteorological year,1993,BRN,22397.07379,32.69191783,0.156
Temperature change on land,Brunei Darussalam,Meteorological year,1994,BRN,22766.58719,32.13368403,0.356
Temperature change on land,Brunei Darussalam,Meteorological year,1995,BRN,26443.25643,31.75670652,0.388
Temperature change on land,Brunei Darussalam,Meteorological year,1996,BRN,25692.23564,31.50439891,0.292
Temperature change on land,Brunei Darussalam,Meteorological year,1997,BRN,25522.39755,31.31426907,0.597
Temperature change on land,Brunei Darussalam,Meteorological year,1998,BRN,17769.24636,31.18024862,1.232
Temperature change on land,Brunei Darussalam,Meteorological year,1999,BRN,19752.20132,31.09904639,0.441
Temperature change on land,Brunei Darussalam,Meteorological year,2000,BRN,20130.25715,31.07971611,0.345
Temperature change on land,Brunei Darussalam,Meteorological year,2001,BRN,18287.82717,31.16753176,0.416
Temperature change on land,Brunei Darussalam,Meteorological year,2002,BRN,18621.29227,31.39017728,0.582
Temperature change on land,Brunei Darussalam,Meteorological year,2003,BRN,20677.90012,31.70138161,0.835
Temperature change on land,Brunei Darussalam,Meteorological year,2004,BRN,24423.09477,32.04866415,0.656
Temperature change on land,Brunei Darussalam,Meteorological year,2005,BRN,29386.27036,32.3917551,0.9
Temperature change on land,Brunei Darussalam,Meteorological year,2006,BRN,34674.7996,32.76583909,0.588
Temperature change on land,Brunei Darussalam,Meteorological year,2007,BRN,36217.3291,33.19959569,0.645
Temperature change on land,Brunei Darussalam,Meteorological year,2008,BRN,42156.56852,33.6541733,0.458
Temperature change on land,Brunei Darussalam,Meteorological year,2009,BRN,30946.46743,34.0761087,0.826
Temperature change on land,Brunei Darussalam,Meteorological year,2010,BRN,34937.55552,34.41153666,0.921
Temperature change on land,Brunei Darussalam,Meteorological year,2011,BRN,46382.82745,34.65574839,0.575
Temperature change on land,Brunei Darussalam,Meteorological year,2012,BRN,46968.59711,34.84593039,0.763
Temperature change on land,Brunei Darussalam,Meteorological year,2013,BRN,44003.06443,35.03565828,0.982
Temperature change on land,Brunei Darussalam,Meteorological year,2014,BRN,41026.50839,35.26349472,0.934
Temperature change on land,Brunei Darussalam,Meteorological year,2015,BRN,30625.12873,35.57529199,1.121
Temperature change on land,Brunei Darussalam,Meteorological year,2016,BRN,26663.29732,36.27123382,1.545
Temperature change on land,Brunei Darussalam,Meteorological year,2017,BRN,28024.38246,37.35967441,1.162
Temperature change on land,Brunei Darussalam,Meteorological year,2018,BRN,30988.11905,38.41905053,1.076
Temperature change on land,Brunei Darussalam,Meteorological year,2019,BRN,30426.57303,39.02663816,1.383
Temperature change on land,Brunei Darussalam,Meteorological year,2020,BRN,26834.35925,38.88296901,1.377
Temperature change on land,Brunei Darussalam,Meteorological year,2021,BRN,31006.96362,46.04749487,1.07
Temperature change on land,Bulgaria,Meteorological year,1990,BGR,2366.529821,100.7329706,0.795
Temperature change on land,Bulgaria,Meteorological year,1991,BGR,1267.734375,101.8753603,-0.169
Temperature change on land,Bulgaria,Meteorological year,1992,BGR,1211.980878,102.7312572,0.138
Temperature change on land,Bulgaria,Meteorological year,1993,BGR,1278.525114,103.3017693,-0.334
Temperature change on land,Bulgaria,Meteorological year,1994,BGR,1148.494399,103.5935497,1.577
Temperature change on land,Bulgaria,Meteorological year,1995,BGR,2259.259226,103.6157224,0.213
Temperature change on land,Bulgaria,Meteorological year,1996,BGR,1470.192593,103.0115186,-0.375
Temperature change on land,Bulgaria,Meteorological year,1997,BGR,1361.409384,101.6180301,-0.352
Temperature change on land,Bulgaria,Meteorological year,1998,BGR,1820.448664,99.72472985,0.758
Temperature change on land,Bulgaria,Meteorological year,1999,BGR,1659.718611,97.62498823,0.669
Temperature change on land,Bulgaria,Meteorological year,2000,BGR,1621.262107,95.61300144,1.151
Temperature change on land,Bulgaria,Meteorological year,2001,BGR,1770.907049,93.4156343,1.61
Temperature change on land,Bulgaria,Meteorological year,2002,BGR,2092.982886,90.72366852,0.814
Temperature change on land,Bulgaria,Meteorological year,2003,BGR,2719.494369,87.78450362,0.14
Temperature change on land,Bulgaria,Meteorological year,2004,BGR,3389.687434,84.8502836,0.483
Temperature change on land,Bulgaria,Meteorological year,2005,BGR,3899.825963,82.16735058,0.162
Temperature change on land,Bulgaria,Meteorological year,2006,BGR,4523.146558,79.42801235,0.527
Temperature change on land,Bulgaria,Meteorological year,2007,BGR,5888.776852,76.40217693,1.837
Temperature change on land,Bulgaria,Meteorological year,2008,BGR,7271.303389,73.45193418,1.13
Temperature change on land,Bulgaria,Meteorological year,2009,BGR,6988.273163,70.93616887,1.241
Temperature change on land,Bulgaria,Meteorological year,2010,BGR,6863.667068,69.21247579,1.309
Temperature change on land,Bulgaria,Meteorological year,2011,BGR,7857.16707,68.07037976,0.369
Temperature change on land,Bulgaria,Meteorological year,2012,BGR,7430.73738,67.0712114,1.627
Temperature change on land,Bulgaria,Meteorological year,2013,BGR,7687.713682,66.23023843,1.423
Temperature change on land,Bulgaria,Meteorological year,2014,BGR,7912.274844,65.56241556,1.167
Temperature change on land,Bulgaria,Meteorological year,2015,BGR,7078.860323,65.08616797,1.417
Temperature change on land,Bulgaria,Meteorological year,2016,BGR,7570.931655,64.75342497,1.876
Temperature change on land,Bulgaria,Meteorological year,2017,BGR,8381.881346,64.50819239,0.929
Temperature change on land,Bulgaria,Meteorological year,2018,BGR,9436.144799,64.3551293,2.158
Temperature change on land,Bulgaria,Meteorological year,2019,BGR,9838.60059,64.30002248,2.07
Temperature change on land,Bulgaria,Meteorological year,2020,BGR,10198.53883,64.47252318,1.987
Temperature change on land,Bulgaria,Meteorological year,2021,BGR,12274.0776,66.89638793,1.567
Temperature change on land,Burkina Faso,Meteorological year,1990,BFA,338.5937591,31.50952639,0.618
Temperature change on land,Burkina Faso,Meteorological year,1991,BFA,333.7060551,31.60653257,0.535
Temperature change on land,Burkina Faso,Meteorological year,1992,BFA,348.5924439,31.69569591,-0.011
Temperature change on land,Burkina Faso,Meteorological year,1993,BFA,324.1115767,31.77175379,0.711
Temperature change on land,Burkina Faso,Meteorological year,1994,BFA,187.2114237,31.83019572,0.306
Temperature change on land,Burkina Faso,Meteorological year,1995,BFA,229.0922945,31.86572226,0.399
Temperature change on land,Burkina Faso,Meteorological year,1996,BFA,242.7331714,31.88512851,0.909
Temperature change on land,Burkina Faso,Meteorological year,1997,BFA,223.8539585,31.90289475,0.616
Temperature change on land,Burkina Faso,Meteorological year,1998,BFA,249.5317329,31.91742188,1.004
Temperature change on land,Burkina Faso,Meteorological year,1999,BFA,292.8369587,31.92999909,0.546
Temperature change on land,Burkina Faso,Meteorological year,2000,BFA,248.9085269,31.94267144,0.529
Temperature change on land,Burkina Faso,Meteorological year,2001,BFA,259.4852234,31.94041399,0.496
Temperature change on land,Burkina Faso,Meteorological year,2002,BFA,285.6540876,31.92347716,0.997
Temperature change on land,Burkina Faso,Meteorological year,2003,BFA,362.3739,31.9032061,0.976
Temperature change on land,Burkina Faso,Meteorological year,2004,BFA,403.8128374,31.89512853,0.86
Temperature change on land,Burkina Faso,Meteorological year,2005,BFA,441.164148,31.9156943,1.438
Temperature change on land,Burkina Faso,Meteorological year,2006,BFA,455.5136556,31.97278406,1.155
Temperature change on land,Burkina Faso,Meteorological year,2007,BFA,514.6844512,32.05805191,0.86
Temperature change on land,Burkina Faso,Meteorological year,2008,BFA,619.4375333,32.15303059,0.301
Temperature change on land,Burkina Faso,Meteorological year,2009,BFA,601.5695207,32.2409478,0.943
Temperature change on land,Burkina Faso,Meteorological year,2010,BFA,624.9572522,32.30563534,1.275
Temperature change on land,Burkina Faso,Meteorological year,2011,BFA,725.0247677,32.33451891,1.012
Temperature change on land,Burkina Faso,Meteorological year,2012,BFA,731.4701389,32.34166737,0.504
Temperature change on land,Burkina Faso,Meteorological year,2013,BFA,759.7620652,32.34668175,0.864
Temperature change on land,Burkina Faso,Meteorological year,2014,BFA,764.8616751,32.36956941,0.921
Temperature change on land,Burkina Faso,Meteorological year,2015,BFA,630.1247508,32.43032294,1.139
Temperature change on land,Burkina Faso,Meteorological year,2016,BFA,663.7423648,32.6012738,1.107
Temperature change on land,Burkina Faso,Meteorological year,2017,BFA,709.0915359,32.89206602,1.237
Temperature change on land,Burkina Faso,Meteorological year,2018,BFA,777.4656185,33.2301028,1.194
Temperature change on land,Burkina Faso,Meteorological year,2019,BFA,764.8530778,33.54276871,1.111
Temperature change on land,Burkina Faso,Meteorological year,2020,BFA,825.2370388,34.01055326,1.111
Temperature change on land,Burkina Faso,Meteorological year,2021,BFA,895.5352884,34.36278832,1.685
Temperature change on land,Burundi,Meteorological year,1990,BDI,202.6294462,42.86080549,0.299
Temperature change on land,Burundi,Meteorological year,1991,BDI,204.6682584,42.96814212,-0.069
Temperature change on land,Burundi,Meteorological year,1992,BDI,184.8689705,43.00761457,0.024
Temperature change on land,Burundi,Meteorological year,1998,BDI,144.4569483,41.61847609,0.565
Temperature change on land,Burundi,Meteorological year,2001,BDI,132.1595545,39.93467165,0.536
Temperature change on land,Burundi,Meteorological year,2002,BDI,120.9523086,39.26283354,0.974
Temperature change on land,Burundi,Meteorological year,2003,BDI,111.4066828,38.54286953,1.122
Temperature change on land,Burundi,Meteorological year,2004,BDI,125.1949652,37.82778334,1.207
Temperature change on land,Burundi,Meteorological year,2007,BDI,166.1627449,35.88284474,1.334
Temperature change on land,Cabo Verde,Meteorological year,1990,CPV,817.4429255,51.01082976,1.093
Temperature change on land,Cabo Verde,Meteorological year,1991,CPV,831.6138876,51.69187865,0.46
Temperature change on land,Cabo Verde,Meteorological year,1992,CPV,907.8479095,52.41158011,0.668
Temperature change on land,Cabo Verde,Meteorological year,1993,CPV,1220.049979,53.16344471,0.288
Temperature change on land,Cabo Verde,Meteorological year,1994,CPV,991.1089744,53.9419219,0.222
Temperature change on land,Cabo Verde,Meteorological year,1995,CPV,1165.138323,54.74213718,1.255
Temperature change on land,Cabo Verde,Meteorological year,1996,CPV,1179.515227,55.63702218,1.378
Temperature change on land,Cabo Verde,Meteorological year,1997,CPV,1133.574226,56.63693997,1.434
Temperature change on land,Cabo Verde,Meteorological year,1998,CPV,1186.742948,57.65530265,1.56
Temperature change on land,Cabo Verde,Meteorological year,1999,CPV,1326.744669,58.60434405,0.575
Temperature change on land,Cabo Verde,Meteorological year,2000,CPV,1189.514793,59.39643117,0.819
Temperature change on land,Cabo Verde,Meteorological year,2001,CPV,1223.330553,60.09304653,1.109
Temperature change on land,Cabo Verde,Meteorological year,2002,CPV,1328.578743,60.77556408,1.191
Temperature change on land,Cabo Verde,Meteorological year,2003,CPV,1717.975654,61.4086231,0.95
Temperature change on land,Cabo Verde,Meteorological year,2004,CPV,1929.490815,61.95490019,1.042
Temperature change on land,Cabo Verde,Meteorological year,2005,CPV,2004.146804,62.3749142,1.252
Temperature change on land,Cabo Verde,Meteorological year,2006,CPV,2256.996662,62.68480503,1.436
Temperature change on land,Cabo Verde,Meteorological year,2007,CPV,3324.576752,62.93435021,0.901
Temperature change on land,Cabo Verde,Meteorological year,2008,CPV,3908.648858,63.14909315,1.383
Temperature change on land,Cabo Verde,Meteorological year,2009,CPV,3659.720464,63.35576506,0.857
Temperature change on land,Cabo Verde,Meteorological year,2011,CPV,4002.013869,63.90797269,1.453
Temperature change on land,Cabo Verde,Meteorological year,2012,CPV,3736.81517,64.340041,1.418
Temperature change on land,Cabo Verde,Meteorological year,2013,CPV,3960.975968,64.76845804,1.409
Temperature change on land,Cabo Verde,Meteorological year,2014,CPV,3985.607065,65.08419876,1.16
Temperature change on land,Cabo Verde,Meteorological year,2015,CPV,3415.062667,65.17710978,1.148
Temperature change on land,Cabo Verde,Meteorological year,2016,CPV,3608.966066,64.70905012,1.764
Temperature change on land,Cabo Verde,Meteorological year,2017,CPV,3893.095723,63.75915589,2.075
Temperature change on land,Cabo Verde,Meteorological year,2018,CPV,4294.965105,62.85245898,1.003
Temperature change on land,Cabo Verde,Meteorological year,2019,CPV,4380.781192,62.50869413,1.703
Temperature change on land,Cabo Verde,Meteorological year,2021,CPV,3971.444074,60.13710017,1.756
Temperature change on land,Cambodia,Meteorological year,1990,KHM,190.18147,35.49947028,0.546
Temperature change on land,Cambodia,Meteorological year,1991,KHM,267.3363067,35.5051876,0.468
Temperature change on land,Cambodia,Meteorological year,1992,KHM,307.0949224,35.46005494,0.42
Temperature change on land,Cambodia,Meteorological year,1993,KHM,294.0593727,35.37540473,0.29
Temperature change on land,Cambodia,Meteorological year,1994,KHM,302.1307855,35.26255372,0.355
Temperature change on land,Cambodia,Meteorological year,1995,KHM,343.4852247,35.13257226,0.572
Temperature change on land,Cambodia,Meteorological year,1996,KHM,324.655871,34.88379318,0.226
Temperature change on land,Cambodia,Meteorological year,1997,KHM,297.5904196,34.46077032,0.239
Temperature change on land,Cambodia,Meteorological year,1998,KHM,258.7809532,33.94205472,1.309
Temperature change on land,Cambodia,Meteorological year,1999,KHM,286.7535964,33.41014032,0.304
Temperature change on land,Cambodia,Meteorological year,2000,KHM,296.4266875,32.94706421,0.194
Temperature change on land,Cambodia,Meteorological year,2001,KHM,327.5009843,32.53363919,0.549
Temperature change on land,Cambodia,Meteorological year,2002,KHM,350.1472766,32.10821816,0.691
Temperature change on land,Cambodia,Meteorological year,2003,KHM,386.6911239,31.68934983,0.589
Temperature change on land,Cambodia,Meteorological year,2004,KHM,444.1990675,31.29753039,0.52
Temperature change on land,Cambodia,Meteorological year,2005,KHM,525.7973251,30.95150537,0.69
Temperature change on land,Cambodia,Meteorological year,2006,KHM,612.2526486,30.63009647,0.659
Temperature change on land,Cambodia,Meteorological year,2007,KHM,731.6922951,30.31191105,0.542
Temperature change on land,Cambodia,Meteorological year,2008,KHM,866.2839998,30.01411574,0.364
Temperature change on land,Cambodia,Meteorological year,2009,KHM,875.7489362,29.75563953,0.42
Temperature change on land,Cambodia,Meteorological year,2010,KHM,952.2746163,29.55274139,1.156
Temperature change on land,Cambodia,Meteorological year,2011,KHM,1088.981528,29.37845188,0.417
Temperature change on land,Cambodia,Meteorological year,2012,KHM,1192.80263,29.21115916,0.872
Temperature change on land,Cambodia,Meteorological year,2013,KHM,1305.660097,29.07381849,0.956
Temperature change on land,Cambodia,Meteorological year,2014,KHM,1431.563965,28.99063064,0.595
Temperature change on land,Cambodia,Meteorological year,2015,KHM,1547.320104,28.98456493,1.103
Temperature change on land,Cambodia,Meteorological year,2016,KHM,1675.195557,29.09445635,1.397
Temperature change on land,Cambodia,Meteorological year,2017,KHM,1826.353917,29.29844702,1.073
Temperature change on land,Cambodia,Meteorological year,2018,KHM,2036.673776,29.52855604,0.794
Temperature change on land,Cambodia,Meteorological year,2019,KHM,2225.877055,29.71623019,1.55
Temperature change on land,Cambodia,Meteorological year,2020,KHM,2081.739142,29.97704526,1.425
Temperature change on land,Cambodia,Meteorological year,2021,KHM,2167.403242,31.63262428,0.917
Temperature change on land,Cameroon,Meteorological year,1990,CMR,1086.717009,32.90745553,0.594
Temperature change on land,Cameroon,Meteorological year,1991,CMR,1014.828973,33.22753867,0.599
Temperature change on land,Cameroon,Meteorological year,1992,CMR,1005.448976,33.56307948,-0.308
Temperature change on land,Cameroon,Meteorological year,1993,CMR,1309.9363,33.89997313,0.301
Temperature change on land,Cameroon,Meteorological year,1994,CMR,700.7095019,34.23171138,0.356
Temperature change on land,Cameroon,Meteorological year,1995,CMR,832.0066745,34.55003072,0.369
Temperature change on land,Cameroon,Meteorological year,1996,CMR,826.9653223,34.89606119,0.417
Temperature change on land,Cameroon,Meteorological year,1997,CMR,783.2516019,35.29798157,0.605
Temperature change on land,Cameroon,Meteorological year,1998,CMR,798.7456214,35.71663164,1.276
Temperature change on land,Cameroon,Meteorological year,1999,CMR,796.2626498,36.12020869,0.662
Temperature change on land,Cameroon,Meteorological year,2000,CMR,708.5657316,36.47301432,0.39
Temperature change on land,Cameroon,Meteorological year,2001,CMR,715.4702965,36.82129386,0.228
Temperature change on land,Cameroon,Meteorological year,2002,CMR,789.6238111,37.2161452,0.705
Temperature change on land,Cameroon,Meteorological year,2003,CMR,988.2412768,37.60015106,0.958
Temperature change on land,Cameroon,Meteorological year,2004,CMR,1133.393267,37.92651983,0.88
Temperature change on land,Cameroon,Meteorological year,2005,CMR,1142.624663,38.14420259,1.026
Temperature change on land,Cameroon,Meteorological year,2006,CMR,1191.45459,38.27214425,1.066
Temperature change on land,Cameroon,Meteorological year,2007,CMR,1325.672482,38.3720233,0.664
Temperature change on land,Cameroon,Meteorological year,2008,CMR,1492.142698,38.44214526,0.623
Temperature change on land,Cameroon,Meteorological year,2009,CMR,1461.389992,38.48841199,1.018
Temperature change on land,Cameroon,Meteorological year,2010,CMR,1398.58702,38.51378953,1.162
Temperature change on land,Cameroon,Meteorological year,2011,CMR,1513.96057,38.49415723,0.572
Temperature change on land,Cameroon,Meteorological year,2012,CMR,1449.098744,38.42829952,0.401
Temperature change on land,Cameroon,Meteorological year,2013,CMR,1575.928821,38.35102387,0.712
Temperature change on land,Cameroon,Meteorological year,2014,CMR,1649.443391,38.30285704,0.872
Temperature change on land,Cameroon,Meteorological year,2015,CMR,1415.000097,38.32234008,1.111
Temperature change on land,Cameroon,Meteorological year,2016,CMR,1441.720173,38.45707317,1.16
Temperature change on land,Cameroon,Meteorological year,2017,CMR,1496.089518,38.69985683,1.157
Temperature change on land,Cameroon,Meteorological year,2018,CMR,1610.696416,39.00168971,1.056
Temperature change on land,Cameroon,Meteorological year,2019,CMR,1555.226605,39.31846821,1.416
Temperature change on land,Cameroon,Meteorological year,2020,CMR,1555.603707,40.02966181,1.129
Temperature change on land,Cameroon,Meteorological year,2021,CMR,1672.326573,39.38385859,1.254
Temperature change on land,Canada,Meteorological year,1990,CAN,21525.86114,176.3085336,0.085
Temperature change on land,Canada,Meteorological year,1991,CAN,21846.79305,177.0563361,0.347
Temperature change on land,Canada,Meteorological year,1992,CAN,20950.33053,177.7872871,0.114
Temperature change on land,Canada,Meteorological year,1993,CAN,20186.79888,178.5035377,0.357
Temperature change on land,Canada,Meteorological year,1994,CAN,19997.62374,179.2024415,0.48
Temperature change on land,Canada,Meteorological year,1995,CAN,20679.63479,179.8860274,0.95
Temperature change on land,Canada,Meteorological year,1996,CAN,21296.97235,180.5372735,-0.107
Temperature change on land,Canada,Meteorological year,1997,CAN,21901.56285,181.1012273,0.447
Temperature change on land,Canada,Meteorological year,1998,CAN,21024.58507,181.5227568,2.498
Temperature change on land,Canada,Meteorological year,1999,CAN,22315.24667,181.7464103,1.72
Temperature change on land,Canada,Meteorological year,2000,CAN,24271.00206,181.7208474,1.315
Temperature change on land,Canada,Meteorological year,2001,CAN,23822.09621,181.2052226,1.445
Temperature change on land,Canada,Meteorological year,2002,CAN,24256.01923,180.2157973,0.556
Temperature change on land,Canada,Meteorological year,2003,CAN,28301.86459,179.0645871,1.268
Temperature change on land,Canada,Meteorological year,2004,CAN,32145.54126,178.0656361,0.503
Temperature change on land,Canada,Meteorological year,2005,CAN,36383.66001,177.5369323,1.303
Temperature change on land,Canada,Meteorological year,2006,CAN,40504.0371,177.55587,2.369
Temperature change on land,Canada,Meteorological year,2007,CAN,44660.08389,177.899942,1.351
Temperature change on land,Canada,Meteorological year,2008,CAN,46710.25269,178.445307,0.876
Temperature change on land,Canada,Meteorological year,2009,CAN,40874.88319,179.0587195,0.558
Temperature change on land,Canada,Meteorological year,2010,CAN,47560.6666,179.6095094,2.934
Temperature change on land,Canada,Meteorological year,2011,CAN,52223.85884,180.036403,1.463
Temperature change on land,Canada,Meteorological year,2012,CAN,52670.34473,180.3927276,2.161
Temperature change on land,Canada,Meteorological year,2013,CAN,52638.11872,180.7401549,1.21
Temperature change on land,Canada,Meteorological year,2014,CAN,50960.84312,181.1302224,0.304
Temperature change on land,Canada,Meteorological year,2015,CAN,43594.1941,181.613491,1.287
Temperature change on land,Canada,Meteorological year,2016,CAN,42314.06158,182.6216282,2.432
Temperature change on land,Canada,Meteorological year,2017,CAN,45129.62812,184.164064,1.545
Temperature change on land,Canada,Meteorological year,2018,CAN,46539.17616,185.658622,0.531
Temperature change on land,Canada,Meteorological year,2019,CAN,46352.86934,186.5254017,1.33
Temperature change on land,Canada,Meteorological year,2020,CAN,43537.8393,186.5029248,1.16
Temperature change on land,Canada,Meteorological year,2021,CAN,52496.84417,186.5219923,2.534
Temperature change on land,Central African Republic,Meteorological year,1990,CAF,501.6562006,40.72951866,0.268
Temperature change on land,Central African Republic,Meteorological year,1991,CAF,464.8282836,40.88290293,0.352
Temperature change on land,Central African Republic,Meteorological year,1992,CAF,461.5873035,40.99145552,-0.583
Temperature change on land,Central African Republic,Meteorological year,1993,CAF,404.9545469,41.06260588,0.226
Temperature change on land,Central African Republic,Meteorological year,1994,CAF,261.2603974,41.1020483,0.468
Temperature change on land,Central African Republic,Meteorological year,1995,CAF,333.1458632,41.11358916,0.033
Temperature change on land,Central African Republic,Meteorological year,1996,CAF,293.3065753,41.0442185,-0.036
Temperature change on land,Central African Republic,Meteorological year,1997,CAF,265.5212824,40.87822632,-0.045
Temperature change on land,Central African Republic,Meteorological year,1998,CAF,266.5705446,40.66859654,1.111
Temperature change on land,Central African Republic,Meteorological year,1999,CAF,267.995954,40.46907439,0.391
Temperature change on land,Central African Republic,Meteorological year,2000,CAF,239.1541337,40.33093716,0.599
Temperature change on land,Central African Republic,Meteorological year,2001,CAF,237.9517025,40.23092973,0.314
Temperature change on land,Central African Republic,Meteorological year,2002,CAF,248.639291,40.11904251,0.664
Temperature change on land,Central African Republic,Meteorological year,2003,CAF,278.4039922,40.00600549,0.78
Temperature change on land,Central African Republic,Meteorological year,2004,CAF,303.4613212,39.89986965,0.856
Temperature change on land,Central African Republic,Meteorological year,2005,CAF,311.9500231,39.80501226,0.894
Temperature change on land,Central African Republic,Meteorological year,2006,CAF,333.9425199,39.66092411,0.897
Temperature change on land,Central African Republic,Meteorological year,2007,CAF,380.8870488,39.4346298,0.312
Temperature change on land,Central African Republic,Meteorological year,2008,CAF,437.2482747,39.17427568,0.463
Temperature change on land,Central African Republic,Meteorological year,2009,CAF,456.4716739,38.9282926,0.895
Temperature change on land,Central African Republic,Meteorological year,2010,CAF,476.873787,38.74250439,0.967
Temperature change on land,Central African Republic,Meteorological year,2011,CAF,534.0572815,38.57136823,0.499
Temperature change on land,Central African Republic,Meteorological year,2012,CAF,544.3958491,38.36450148,0.203
Temperature change on land,Central African Republic,Meteorological year,2013,CAF,364.3669626,38.15613024,0.59
Temperature change on land,Central African Republic,Meteorological year,2014,CAF,409.850486,37.97657583,0.462
Temperature change on land,Central African Republic,Meteorological year,2015,CAF,366.3228539,37.87397392,0.753
Temperature change on land,Central African Republic,Meteorological year,2016,CAF,387.1762034,37.86315982,0.974
Temperature change on land,Central African Republic,Meteorological year,2017,CAF,432.3240257,37.90056539,0.975
Temperature change on land,Central African Republic,Meteorological year,2018,CAF,455.2439629,37.96630417,0.924
Temperature change on land,Central African Republic,Meteorological year,2019,CAF,449.2284676,38.05196617,1.136
Temperature change on land,Central African Republic,Meteorological year,2020,CAF,462.8790713,38.46697062,0.816
Temperature change on land,Central African Republic,Meteorological year,2021,CAF,492.2631428,37.46695271,0.987
Temperature change on land,Chad,Meteorological year,1990,TCD,290.5990453,26.84795153,0.481
Temperature change on land,Chad,Meteorological year,1991,TCD,302.4872684,27.12591482,0.498
Temperature change on land,Chad,Meteorological year,1992,TCD,290.6482861,27.41440137,-0.4
Temperature change on land,Chad,Meteorological year,1993,TCD,220.7299649,27.70684187,0.189
Temperature change on land,Chad,Meteorological year,1994,TCD,173.9288951,27.99140307,0.319
Temperature change on land,Chad,Meteorological year,1995,TCD,203.9648527,28.27035782,0.121
Temperature change on land,Chad,Meteorological year,1996,TCD,216.9125411,28.57134818,0.553
Temperature change on land,Chad,Meteorological year,1997,TCD,201.384077,28.91749721,0.235
Temperature change on land,Chad,Meteorological year,1998,TCD,219.7795309,29.29243955,0.844
Temperature change on land,Chad,Meteorological year,1999,TCD,186.6385311,29.67906873,0.542
Temperature change on land,Chad,Meteorological year,2000,TCD,163.1216637,30.06405105,0.306
Temperature change on land,Chad,Meteorological year,2001,TCD,194.3229533,30.54380362,0.248
Temperature change on land,Chad,Meteorological year,2002,TCD,219.061392,31.14099306,0.752
Temperature change on land,Chad,Meteorological year,2003,TCD,289.0876211,31.7343022,0.805
Temperature change on land,Chad,Meteorological year,2004,TCD,445.8507672,32.20527514,0.8
Temperature change on land,Chad,Meteorological year,2005,TCD,643.8079293,32.42464207,1.136
Temperature change on land,Chad,Meteorological year,2006,TCD,693.8545918,32.4419887,1.357
Temperature change on land,Chad,Meteorological year,2007,TCD,780.581406,32.40135004,0.589
Temperature change on land,Chad,Meteorological year,2008,TCD,905.6784319,32.33096068,0.46
Temperature change on land,Chad,Meteorological year,2009,TCD,781.143474,32.26146372,1.242
Temperature change on land,Chad,Meteorological year,2010,TCD,866.4396809,32.21827588,1.293
Temperature change on land,Chad,Meteorological year,2011,TCD,954.3168729,32.19336679,0.954
Temperature change on land,Chad,Meteorological year,2012,TCD,936.141445,32.16114513,0.519
Temperature change on land,Chad,Meteorological year,2013,TCD,946.1295831,32.12669277,0.998
Temperature change on land,Chad,Meteorological year,2014,TCD,982.5275631,32.09277757,0.889
Temperature change on land,Chad,Meteorological year,2015,TCD,747.5884485,32.07208675,1.067
Temperature change on land,Chad,Meteorological year,2016,TCD,668.0786361,32.02983611,0.906
Temperature change on land,Chad,Meteorological year,2017,TCD,640.1170485,31.960854,1.014
Temperature change on land,Chad,Meteorological year,2018,TCD,695.6423937,31.90833259,1.184
Temperature change on land,Chad,Meteorological year,2019,TCD,678.1420357,31.91163552,0.917
Temperature change on land,Chad,Meteorological year,2020,TCD,622.0955434,32.34893704,0.793
Temperature change on land,Chad,Meteorological year,2021,TCD,660.7471926,32.00414513,1.078
Temperature change on land,Chile,Meteorological year,1990,CHL,2466.130142,107.5835606,0.16
Temperature change on land,Chile,Meteorological year,1991,CHL,2770.079646,107.2438044,0.04
Temperature change on land,Chile,Meteorological year,1992,CHL,3309.399239,106.8288328,-0.141
Temperature change on land,Chile,Meteorological year,1993,CHL,3494.994609,106.3336891,0.189
Temperature change on land,Chile,Meteorological year,1994,CHL,3981.390189,105.7597322,0.168
Temperature change on land,Chile,Meteorological year,1995,CHL,5055.614062,105.1088124,-0.097
Temperature change on land,Chile,Meteorological year,1996,CHL,5333.504387,104.1419964,0.212
Temperature change on land,Chile,Meteorological year,1997,CHL,5741.95843,102.8287631,0.638
Temperature change on land,Chile,Meteorological year,1998,CHL,5419.824173,101.4839252,0.661
Temperature change on land,Chile,Meteorological year,1999,CHL,4933.555815,100.4204718,0.193
Temperature change on land,Chile,Meteorological year,2000,CHL,5052.992458,99.95356014,-0.314
Temperature change on land,Chile,Meteorological year,2001,CHL,4563.595299,100.3947342,-0.145
Temperature change on land,Chile,Meteorological year,2002,CHL,4430.847412,101.5378987,-0.05
Temperature change on land,Chile,Meteorological year,2003,CHL,4773.401775,102.9242579,0.185
Temperature change on land,Chile,Meteorological year,2004,CHL,6120.591521,104.0852314,0.425
Temperature change on land,Chile,Meteorological year,2005,CHL,7480.32331,104.5540208,0.116
Temperature change on land,Chile,Meteorological year,2006,CHL,9318.656553,104.5165907,0.414
Temperature change on land,Chile,Meteorological year,2007,CHL,10346.41382,104.4759678,-0.386
Temperature change on land,Chile,Meteorological year,2008,CHL,10683.21888,104.4421412,0.332
Temperature change on land,Chile,Meteorological year,2009,CHL,10098.80172,104.4215889,0.34
Temperature change on land,Chile,Meteorological year,2010,CHL,12632.87047,104.4213714,-0.191
Temperature change on land,Chile,Meteorological year,2011,CHL,14487.39278,104.5203216,0.022
Temperature change on land,Chile,Meteorological year,2012,CHL,15241.907,104.7252079,0.494
Temperature change on land,Chile,Meteorological year,2013,CHL,15683.54864,104.9355241,0.245
Temperature change on land,Chile,Meteorological year,2014,CHL,14529.67672,105.0506937,0.289
Temperature change on land,Chile,Meteorological year,2015,CHL,13433.9203,104.9695818,0.645
Temperature change on land,Chile,Meteorological year,2016,CHL,13649.85205,103.9302147,0.741
Temperature change on land,Chile,Meteorological year,2017,CHL,14879.90862,101.8978927,0.566
Temperature change on land,Chile,Meteorological year,2018,CHL,15659.48087,99.86211053,0.269
Temperature change on land,Chile,Meteorological year,2019,CHL,14495.71672,98.81537469,0.402
Temperature change on land,Chile,Meteorological year,2020,CHL,13114.81547,99.37395834,0.676
Temperature change on land,Chile,Meteorological year,2021,CHL,16216.57065,99.66444272,0.644
Temperature change on land,China,Meteorological year,1990,CHN,317.884673,115.55788,0.842
Temperature change on land,China,Meteorological year,1991,CHN,333.1421454,114.7318417,0.519
Temperature change on land,China,Meteorological year,1992,CHN,366.4606923,113.6313161,0.123
Temperature change on land,China,Meteorological year,1993,CHN,377.3898395,112.3273713,0.273
Temperature change on land,China,Meteorological year,1994,CHN,473.4899164,110.8711084,0.723
Temperature change on land,China,Meteorological year,1995,CHN,609.6043379,109.3223784,0.568
Temperature change on land,China,Meteorological year,1996,CHN,709.4158882,106.9584917,0.202
Temperature change on land,China,Meteorological year,1997,CHN,781.7425612,103.3707006,0.727
Temperature change on land,China,Meteorological year,1998,CHN,828.594691,99.11519022,1.262
Temperature change on land,China,Meteorological year,1999,CHN,873.2923363,94.73921425,1.227
Temperature change on land,China,Meteorological year,2000,CHN,959.3604314,90.80391719,0.57
Temperature change on land,China,Meteorological year,2001,CHN,1053.112314,86.95826741,1.036
Temperature change on land,China,Meteorological year,2002,CHN,1148.514257,82.72945164,1.128
Temperature change on land,China,Meteorological year,2003,CHN,1288.637491,78.51344721,0.821
Temperature change on land,China,Meteorological year,2004,CHN,1508.667916,74.70128881,1.105
Temperature change on land,China,Meteorological year,2005,CHN,1753.414192,71.68364178,1.039
Temperature change on land,China,Meteorological year,2006,CHN,2099.21943,69.25783375,1.222
Temperature change on land,China,Meteorological year,2007,CHN,2693.958732,67.00020108,1.524
Temperature change on land,China,Meteorological year,2008,CHN,3468.327063,64.97981831,1.077
Temperature change on land,China,Meteorological year,2009,CHN,3832.227457,63.25970628,1.324
Temperature change on land,China,Meteorological year,2010,CHN,4550.473944,61.8969932,0.956
Temperature change on land,China,Meteorological year,2011,CHN,5614.386022,60.61447329,0.783
Temperature change on land,China,Meteorological year,2012,CHN,6300.58218,59.182512,0.624
Temperature change on land,China,Meteorological year,2013,CHN,7020.386074,57.73180844,1.084
Temperature change on land,China,Meteorological year,2014,CHN,7636.07434,56.38576659,1.091
Temperature change on land,China,Meteorological year,2015,CHN,8016.445595,55.26487832,1.306
Temperature change on land,China,Meteorological year,2016,CHN,8094.390167,54.16432891,1.338
Temperature change on land,China,Meteorological year,2017,CHN,8817.045608,52.99069138,1.599
Temperature change on land,China,Meteorological year,2018,CHN,9905.406383,52.02401014,1.396
Temperature change on land,China,Meteorological year,2019,CHN,10143.86022,51.53624776,1.442
Temperature change on land,China,Meteorological year,2020,CHN,10408.71955,52.3927231,1.672
Temperature change on land,China,Meteorological year,2021,CHN,12617.5051,58.75393835,1.709
Temperature change on land,"China, mainland",Meteorological year,1990,CHN,317.884673,115.55788,0.844
Temperature change on land,"China, mainland",Meteorological year,1991,CHN,333.1421454,114.7318417,0.519
Temperature change on land,"China, mainland",Meteorological year,1992,CHN,366.4606923,113.6313161,0.124
Temperature change on land,"China, mainland",Meteorological year,1993,CHN,377.3898395,112.3273713,0.273
Temperature change on land,"China, mainland",Meteorological year,1994,CHN,473.4899164,110.8711084,0.725
Temperature change on land,"China, mainland",Meteorological year,1995,CHN,609.6043379,109.3223784,0.57
Temperature change on land,"China, mainland",Meteorological year,1996,CHN,709.4158882,106.9584917,0.203
Temperature change on land,"China, mainland",Meteorological year,1997,CHN,781.7425612,103.3707006,0.73
Temperature change on land,"China, mainland",Meteorological year,1998,CHN,828.594691,99.11519022,1.263
Temperature change on land,"China, mainland",Meteorological year,1999,CHN,873.2923363,94.73921425,1.229
Temperature change on land,"China, mainland",Meteorological year,2000,CHN,959.3604314,90.80391719,0.571
Temperature change on land,"China, mainland",Meteorological year,2001,CHN,1053.112314,86.95826741,1.037
Temperature change on land,"China, mainland",Meteorological year,2002,CHN,1148.514257,82.72945164,1.129
Temperature change on land,"China, mainland",Meteorological year,2003,CHN,1288.637491,78.51344721,0.821
Temperature change on land,"China, mainland",Meteorological year,2004,CHN,1508.667916,74.70128881,1.107
Temperature change on land,"China, mainland",Meteorological year,2005,CHN,1753.414192,71.68364178,1.04
Temperature change on land,"China, mainland",Meteorological year,2006,CHN,2099.21943,69.25783375,1.224
Temperature change on land,"China, mainland",Meteorological year,2007,CHN,2693.958732,67.00020108,1.527
Temperature change on land,"China, mainland",Meteorological year,2008,CHN,3468.327063,64.97981831,1.079
Temperature change on land,"China, mainland",Meteorological year,2009,CHN,3832.227457,63.25970628,1.326
Temperature change on land,"China, mainland",Meteorological year,2010,CHN,4550.473944,61.8969932,0.958
Temperature change on land,"China, mainland",Meteorological year,2011,CHN,5614.386022,60.61447329,0.786
Temperature change on land,"China, mainland",Meteorological year,2012,CHN,6300.58218,59.182512,0.625
Temperature change on land,"China, mainland",Meteorological year,2013,CHN,7020.386074,57.73180844,1.085
Temperature change on land,"China, mainland",Meteorological year,2014,CHN,7636.07434,56.38576659,1.093
Temperature change on land,"China, mainland",Meteorological year,2015,CHN,8016.445595,55.26487832,1.308
Temperature change on land,"China, mainland",Meteorological year,2016,CHN,8094.390167,54.16432891,1.339
Temperature change on land,"China, mainland",Meteorological year,2017,CHN,8817.045608,52.99069138,1.6
Temperature change on land,"China, mainland",Meteorological year,2018,CHN,9905.406383,52.02401014,1.397
Temperature change on land,"China, mainland",Meteorological year,2019,CHN,10143.86022,51.53624776,1.443
Temperature change on land,"China, mainland",Meteorological year,2020,CHN,10408.71955,52.3927231,1.672
Temperature change on land,"China, mainland",Meteorological year,2021,CHN,12617.5051,58.75393835,1.708
Temperature change on land,Colombia,Meteorological year,1990,COL,1474.845529,16.38498897,0.402
Temperature change on land,Colombia,Meteorological year,1991,COL,1499.711042,16.92141021,0.516
Temperature change on land,Colombia,Meteorological year,1992,COL,1729.663973,17.46533145,0.69
Temperature change on land,Colombia,Meteorological year,1993,COL,1930.059765,18.01114673,0.344
Temperature change on land,Colombia,Meteorological year,1994,COL,2325.975573,18.55365305,0.345
Temperature change on land,Colombia,Meteorological year,1995,COL,2583.349914,19.08746534,0.645
Temperature change on land,Colombia,Meteorological year,1996,COL,2664.456256,19.67724826,0.292
Temperature change on land,Colombia,Meteorological year,1997,COL,2873.200188,20.33777171,0.663
Temperature change on land,Colombia,Meteorological year,1998,COL,2605.999381,20.98933948,1.038
Temperature change on land,Colombia,Meteorological year,1999,COL,2243.64205,21.55250581,0.058
Temperature change on land,Colombia,Meteorological year,2000,COL,2555.00751,21.94681887,0.041
Temperature change on land,Colombia,Meteorological year,2001,COL,2472.99084,22.20645329,0.507
Temperature change on land,Colombia,Meteorological year,2002,COL,2428.929698,22.42086695,0.761
Temperature change on land,Colombia,Meteorological year,2003,COL,2311.942188,22.59323581,0.809
Temperature change on land,Colombia,Meteorological year,2004,COL,2818.571954,22.72620189,0.657
Temperature change on land,Colombia,Meteorological year,2005,COL,3456.066109,22.82228983,0.834
Temperature change on land,Colombia,Meteorological year,2006,COL,3789.853612,22.86810348,0.693
Temperature change on land,Colombia,Meteorological year,2007,COL,4769.926147,22.86357508,0.774
Temperature change on land,Colombia,Meteorological year,2008,COL,5541.836297,22.83059194,0.499
Temperature change on land,Colombia,Meteorological year,2009,COL,5250.972924,22.79034858,0.98
Temperature change on land,Colombia,Meteorological year,2010,COL,6398.295845,22.76441564,1.142
Temperature change on land,Colombia,Meteorological year,2011,COL,7400.99407,22.75855882,0.591
Temperature change on land,Colombia,Meteorological year,2012,COL,8108.598382,22.75758167,0.785
Temperature change on land,Colombia,Meteorological year,2013,COL,8279.102556,22.75165588,0.965
Temperature change on land,Colombia,Meteorological year,2014,COL,8187.208249,22.73129448,0.974
Temperature change on land,Colombia,Meteorological year,2015,COL,6248.514905,22.68640584,1.411
Temperature change on land,Colombia,Meteorological year,2016,COL,5959.842504,22.59012617,1.295
Temperature change on land,Colombia,Meteorological year,2017,COL,6479.532313,22.45984125,0.989
Temperature change on land,Colombia,Meteorological year,2018,COL,6816.968183,22.35278391,1.229
Temperature change on land,Colombia,Meteorological year,2019,COL,6472.545449,22.3253186,1.55
Temperature change on land,Colombia,Meteorological year,2020,COL,5339.687114,22.57163826,1.613
Temperature change on land,Colombia,Meteorological year,2021,COL,6222.621644,22.1520089,1.099
Temperature change on land,Comoros,Meteorological year,1990,COM,966.3203846,26.64215809,0.089
Temperature change on land,Comoros,Meteorological year,1991,COM,930.9695614,26.64645901,0.233
Temperature change on land,Comoros,Meteorological year,1992,COM,983.3925336,26.62117212,0.053
Temperature change on land,Comoros,Meteorological year,1993,COM,956.0875758,26.57080273,0.166
Temperature change on land,Comoros,Meteorological year,1994,COM,662.0231887,26.49795836,0.527
Temperature change on land,Comoros,Meteorological year,1995,COM,812.2159968,26.40508511,0.409
Temperature change on land,Comoros,Meteorological year,1996,COM,793.5248472,26.26569357,-0.054
Temperature change on land,Comoros,Meteorological year,1997,COM,717.727665,26.06324644,0.362
Temperature change on land,Comoros,Meteorological year,1998,COM,716.4322401,25.82456552,1.081
Temperature change on land,Comoros,Meteorological year,1999,COM,727.2583601,25.57592041,0.508
Temperature change on land,Comoros,Meteorological year,2000,COM,655.0077967,25.34351767,0.282
Temperature change on land,Comoros,Meteorological year,2001,COM,691.6999088,25.04041088,0.43
Temperature change on land,Comoros,Meteorological year,2002,COM,762.1169303,24.62507307,0.887
Temperature change on land,Comoros,Meteorological year,2003,COM,959.7878945,24.19856938,0.563
Temperature change on land,Comoros,Meteorological year,2004,COM,1091.272164,23.86105223,0.487
Temperature change on land,Comoros,Meteorological year,2005,COM,1103.206585,23.71337667,0.583
Temperature change on land,Comoros,Meteorological year,2006,COM,1154.904223,23.74838703,0.389
Temperature change on land,Comoros,Meteorological year,2007,COM,1289.736311,23.86372138,0.721
Temperature change on land,Comoros,Meteorological year,2008,COM,1455.027686,24.0129829,0.354
Temperature change on land,Comoros,Meteorological year,2009,COM,1410.30517,24.15073436,0.612
Temperature change on land,Comoros,Meteorological year,2010,COM,1386.574243,24.23031882,0.853
Temperature change on land,Comoros,Meteorological year,2011,COM,1531.437894,24.21881613,0.489
Temperature change on land,Comoros,Meteorological year,2012,COM,1490.315114,24.14837653,0.453
Temperature change on land,Comoros,Meteorological year,2013,COM,1603.327971,24.06747487,0.691
Temperature change on land,Comoros,Meteorological year,2014,COM,1615.717237,24.02549098,0.812
Temperature change on land,Comoros,Meteorological year,2015,COM,1329.370482,24.0713645,1.028
Temperature change on land,Comoros,Meteorological year,2016,COM,1365.484034,24.56211903,1.003
Temperature change on land,Comoros,Meteorological year,2017,COM,1423.924803,25.54473478,1.254
Temperature change on land,Comoros,Meteorological year,2018,COM,1540.711323,26.60857379,1.008
Temperature change on land,Comoros,Meteorological year,2019,COM,1519.263864,27.34231746,1.599
Temperature change on land,Comoros,Meteorological year,2020,COM,1527.16991,27.72790717,1.333
Temperature change on land,Comoros,Meteorological year,2021,COM,1584.124502,28.51377917,0.954
Temperature change on land,Congo,Meteorological year,1990,COG,1175.667091,43.12718207,0.16
Temperature change on land,Congo,Meteorological year,1991,COG,1112.535212,43.18510494,0.245
Temperature change on land,Congo,Meteorological year,1992,COG,1164.22443,43.16276718,-0.243
Temperature change on land,Congo,Meteorological year,1993,COG,1034.372008,43.07128529,0.082
Temperature change on land,Congo,Meteorological year,1994,COG,661.9042737,42.92375278,0.368
Temperature change on land,Congo,Meteorological year,1995,COG,769.6067948,42.73295661,0.651
Temperature change on land,Congo,Meteorological year,1996,COG,898.7940502,42.36045236,0.095
Temperature change on land,Congo,Meteorological year,1998,COG,660.3797751,40.98599547,1.212
Temperature change on land,Congo,Meteorological year,1999,COG,776.4163497,40.24915219,0.71
Temperature change on land,Congo,Meteorological year,2000,COG,1024.301591,39.64668885,0.491
Temperature change on land,Congo,Meteorological year,2001,COG,854.5983144,39.13276253,0.361
Temperature change on land,Congo,Meteorological year,2002,COG,905.5381355,38.60169353,0.796
Temperature change on land,Congo,Meteorological year,2003,COG,1016.823634,38.07921902,0.897
Temperature change on land,Congo,Meteorological year,2004,COG,1306.101363,37.59434058,0.936
Temperature change on land,Congo,Meteorological year,2005,COG,1799.051584,37.17575844,0.872
Temperature change on land,Congo,Meteorological year,2006,COG,2103.582138,36.74327325,0.873
Temperature change on land,Congo,Meteorological year,2007,COG,2206.471019,36.24774531,0.783
Temperature change on land,Congo,Meteorological year,2008,COG,2832.091778,35.75297409,0.751
Temperature change on land,Congo,Meteorological year,2009,COG,2271.152192,35.324365,0.775
Temperature change on land,Congo,Meteorological year,2010,COG,2946.557981,35.02734939,1.292
Temperature change on land,Congo,Meteorological year,2011,COG,3396.165058,34.81466843,0.64
Temperature change on land,Congo,Meteorological year,2012,COG,3732.327373,34.61004513,0.626
Temperature change on land,Congo,Meteorological year,2013,COG,3697.417059,34.42891917,0.779
Temperature change on land,Congo,Meteorological year,2014,COG,3601.236581,34.28511685,0.721
Temperature change on land,Congo,Meteorological year,2015,COG,2439.351894,34.19329168,1.041
Temperature change on land,Congo,Meteorological year,2016,COG,2093.107286,34.1692988,1.435
Temperature change on land,Congo,Meteorological year,2017,COG,2211.633099,34.21520265,1.059
Temperature change on land,Congo,Meteorological year,2018,COG,2694.434132,34.32798267,1.156
Temperature change on land,Congo,Meteorological year,2019,COG,2488.424667,34.50290707,1.322
Temperature change on land,Congo,Meteorological year,2020,COG,1993.586672,35.12900275,1.341
Temperature change on land,Congo,Meteorological year,2021,COG,2516.162551,35.33881858,1.161
Temperature change on land,Costa Rica,Meteorological year,1990,CRI,1829.668709,21.98446025,0.556
Temperature change on land,Costa Rica,Meteorological year,1991,CRI,2253.381915,22.02198248,0.608
Temperature change on land,Costa Rica,Meteorological year,1992,CRI,2612.387565,22.09113113,0.488
Temperature change on land,Costa Rica,Meteorological year,1993,CRI,2840.387065,22.18788599,0.395
Temperature change on land,Costa Rica,Meteorological year,1994,CRI,3039.563286,22.30806738,0.329
Temperature change on land,Costa Rica,Meteorological year,1995,CRI,3275.252564,22.44735157,0.398
Temperature change on land,Costa Rica,Meteorological year,1996,CRI,3226.963956,22.6580056,-0.066
Temperature change on land,Costa Rica,Meteorological year,1997,CRI,3407.776129,22.95656712,0.752
Temperature change on land,Costa Rica,Meteorological year,1998,CRI,3617.457567,23.28457101,1.142
Temperature change on land,Costa Rica,Meteorological year,1999,CRI,3690.961548,23.58357801,-0.102
Temperature change on land,Costa Rica,Meteorological year,2000,CRI,3812.753883,23.79504546,0.039
Temperature change on land,Costa Rica,Meteorological year,2001,CRI,3985.129845,23.94922263,0.565
Temperature change on land,Costa Rica,Meteorological year,2002,CRI,4067.718514,24.1071976,0.611
Temperature change on land,Costa Rica,Meteorological year,2003,CRI,4173.148564,24.25671972,0.787
Temperature change on land,Costa Rica,Meteorological year,2004,CRI,4431.011721,24.38583913,0.681
Temperature change on land,Costa Rica,Meteorological year,2005,CRI,4703.007218,24.48298922,0.561
Temperature change on land,Costa Rica,Meteorological year,2006,CRI,5256.596409,24.55468632,0.451
Temperature change on land,Costa Rica,Meteorological year,2007,CRI,6137.711999,24.61789915,0.601
Temperature change on land,Costa Rica,Meteorological year,2008,CRI,6937.242616,24.67703271,0.144
Temperature change on land,Costa Rica,Meteorological year,2009,CRI,6832.698299,24.73652641,0.863
Temperature change on land,Costa Rica,Meteorological year,2010,CRI,8265.788203,24.80047021,0.727
Temperature change on land,Costa Rica,Meteorological year,2011,CRI,9276.391075,24.88011875,0.252
Temperature change on land,Costa Rica,Meteorological year,2012,CRI,10126.9991,24.97982926,0.332
Temperature change on land,Costa Rica,Meteorological year,2013,CRI,10803.2402,25.09328134,0.648
Temperature change on land,Costa Rica,Meteorological year,2014,CRI,10911.49788,25.21428965,0.634
Temperature change on land,Costa Rica,Meteorological year,2015,CRI,11714.7106,25.33676574,0.942
Temperature change on land,Costa Rica,Meteorological year,2016,CRI,12091.03016,25.45806404,0.917
Temperature change on land,Costa Rica,Meteorological year,2017,CRI,12317.09028,25.57838921,0.647
Temperature change on land,Costa Rica,Meteorological year,2018,CRI,12590.24938,25.69480957,1.07
Temperature change on land,Costa Rica,Meteorological year,2019,CRI,12884.686,25.80447291,1.24
Temperature change on land,Costa Rica,Meteorological year,2020,CRI,12394.0494,26.00908775,1.289
Temperature change on land,Costa Rica,Meteorological year,2021,CRI,12838.11854,27.00109046,0.899
Temperature change on land,Côte d'Ivoire,Meteorological year,1990,CIV,885.6478422,33.66640419,0.633
Temperature change on land,Côte d'Ivoire,Meteorological year,1991,CIV,827.2418892,33.91193615,0.517
Temperature change on land,Côte d'Ivoire,Meteorological year,1992,CIV,844.9022238,34.14673302,0.312
Temperature change on land,Côte d'Ivoire,Meteorological year,1993,CIV,804.1496572,34.35704127,0.544
Temperature change on land,Côte d'Ivoire,Meteorological year,1994,CIV,581.8884686,34.53136495,0.55
Temperature change on land,Côte d'Ivoire,Meteorological year,1995,CIV,740.4730999,34.65488207,0.715
Temperature change on land,Côte d'Ivoire,Meteorological year,1996,CIV,1170.23622,34.76835271,0.775
Temperature change on land,Côte d'Ivoire,Meteorological year,1997,CIV,1124.656749,34.90840987,0.701
Temperature change on land,Côte d'Ivoire,Meteorological year,1998,CIV,1177.371338,35.05695187,1.319
Temperature change on land,Côte d'Ivoire,Meteorological year,1999,CIV,1096.135206,35.19581311,0.558
Temperature change on land,Côte d'Ivoire,Meteorological year,2000,CIV,936.6365413,35.3056636,0.506
Temperature change on land,Côte d'Ivoire,Meteorological year,2001,CIV,924.727295,35.41446748,0.582
Temperature change on land,Côte d'Ivoire,Meteorological year,2002,CIV,967.8158644,35.54698102,0.895
Temperature change on land,Côte d'Ivoire,Meteorological year,2003,CIV,1111.171351,35.6800723,1.177
Temperature change on land,Côte d'Ivoire,Meteorological year,2004,CIV,1199.825245,35.79043859,0.864
Temperature change on land,Côte d'Ivoire,Meteorological year,2005,CIV,1197.74617,35.8550625,1.107
Temperature change on land,Côte d'Ivoire,Meteorological year,2006,CIV,1230.430568,35.87210294,0.982
Temperature change on land,Côte d'Ivoire,Meteorological year,2007,CIV,1367.538177,35.85811117,1.048
Temperature change on land,Côte d'Ivoire,Meteorological year,2008,CIV,1583.970667,35.81748743,0.803
Temperature change on land,Côte d'Ivoire,Meteorological year,2009,CIV,1540.453936,35.75468619,1
Temperature change on land,Côte d'Ivoire,Meteorological year,2010,CIV,1553.54887,35.67508314,1.335
Temperature change on land,Côte d'Ivoire,Meteorological year,2011,CIV,1596.628266,35.51602002,1.045
Temperature change on land,Côte d'Ivoire,Meteorological year,2012,CIV,1546.946018,35.25927718,0.724
Temperature change on land,Côte d'Ivoire,Meteorological year,2013,CIV,1786.15862,34.97782144,0.98
Temperature change on land,Côte d'Ivoire,Meteorological year,2014,CIV,1991.365394,34.74588016,0.851
Temperature change on land,Côte d'Ivoire,Meteorological year,2015,CIV,1814.718551,34.63778175,1.294
Temperature change on land,Côte d'Ivoire,Meteorological year,2016,CIV,1862.595971,34.73985167,1.499
Temperature change on land,Côte d'Ivoire,Meteorological year,2017,CIV,1964.299303,35.0298454,1.569
Temperature change on land,Côte d'Ivoire,Meteorological year,2018,CIV,2130.866194,35.41914953,1.396
Temperature change on land,Côte d'Ivoire,Meteorological year,2019,CIV,2141.768362,35.8193131,1.34
Temperature change on land,Côte d'Ivoire,Meteorological year,2020,CIV,2179.729348,36.55258789,1.468
Temperature change on land,Côte d'Ivoire,Meteorological year,2021,CIV,2455.981276,35.27059854,1.579
Temperature change on land,Croatia,Meteorological year,1992,HRV,2321.152041,121.2894457,0.834
Temperature change on land,Croatia,Meteorological year,1993,HRV,2447.503191,120.5421799,0.405
Temperature change on land,Croatia,Meteorological year,1994,HRV,3237.926463,119.6692627,1.717
Temperature change on land,Croatia,Meteorological year,1995,HRV,4929.057722,118.6972686,0.43
Temperature change on land,Croatia,Meteorological year,1996,HRV,5299.641054,117.5109879,-0.03
Temperature change on land,Croatia,Meteorological year,1997,HRV,5331.023439,116.032909,0.309
Temperature change on land,Croatia,Meteorological year,1998,HRV,5712.589857,114.3576932,1.157
Temperature change on land,Croatia,Meteorological year,1999,HRV,5269.033946,112.5707027,0.709
Temperature change on land,Croatia,Meteorological year,2000,HRV,4953.651588,110.760992,1.637
Temperature change on land,Croatia,Meteorological year,2001,HRV,5364.838247,108.4687135,1.608
Temperature change on land,Croatia,Meteorological year,2002,HRV,6219.581641,105.4760226,1.265
Temperature change on land,Croatia,Meteorological year,2003,HRV,8190.111352,102.2474262,1.279
Temperature change on land,Croatia,Meteorological year,2004,HRV,9718.973228,99.24468666,0.664
Temperature change on land,Croatia,Meteorological year,2005,HRV,10443.52784,96.92648622,0.291
Temperature change on land,Croatia,Meteorological year,2006,HRV,11502.75312,95.16077796,0.722
Temperature change on land,Croatia,Meteorological year,2007,HRV,13757.60565,93.51842414,1.985
Temperature change on land,Croatia,Meteorological year,2008,HRV,15889.43471,92.00039133,1.465
Temperature change on land,Croatia,Meteorological year,2009,HRV,14475.96329,90.61575787,1.505
Temperature change on land,Croatia,Meteorological year,2010,HRV,13731.28652,89.36861331,0.873
Temperature change on land,Croatia,Meteorological year,2011,HRV,14694.99932,88.05948004,1.275
Temperature change on land,Croatia,Meteorological year,2012,HRV,13508.6837,86.59472249,1.865
Temperature change on land,Croatia,Meteorological year,2013,HRV,14136.39677,85.13487905,1.289
Temperature change on land,Croatia,Meteorological year,2014,HRV,14187.96945,83.84824958,2.049
Temperature change on land,Croatia,Meteorological year,2015,HRV,12285.30326,82.90069023,1.934
Temperature change on land,Croatia,Meteorological year,2016,HRV,12821.17381,82.11686916,1.844
Temperature change on land,Croatia,Meteorological year,2017,HRV,13902.63105,81.31113403,1.559
Temperature change on land,Croatia,Meteorological year,2018,HRV,15460.41833,80.65415668,2.317
Temperature change on land,Croatia,Meteorological year,2019,HRV,15563.81674,80.32203744,2.114
Temperature change on land,Croatia,Meteorological year,2020,HRV,14808.46202,80.27597759,2.02
Temperature change on land,Croatia,Meteorological year,2021,HRV,17789.93047,74.60606641,1.619
Temperature change on land,Croatia,Meteorological year,1990,HRV,5369.109786,122.3103662,1.006
Temperature change on land,Croatia,Meteorological year,1991,HRV,4000.916774,121.8888397,-0.116
Temperature change on land,Cuba,Meteorological year,1990,CUB,2694.31698,77.04380802,0.771
Temperature change on land,Cuba,Meteorological year,1991,CUB,2268.834932,76.70386098,0.828
Temperature change on land,Cuba,Meteorological year,1992,CUB,2047.679003,76.10136379,0.51
Temperature change on land,Cuba,Meteorological year,1993,CUB,2063.203663,75.28871639,0.515
Temperature change on land,Cuba,Meteorological year,1994,CUB,2613.289719,74.31752693,0.884
Temperature change on land,Cuba,Meteorological year,1995,CUB,2785.24443,73.23764525,0.93
Temperature change on land,Cuba,Meteorological year,1996,CUB,2282.188093,71.7388902,0.33
Temperature change on land,Cuba,Meteorological year,1997,CUB,2306.424834,69.62492604,0.754
Temperature change on land,Cuba,Meteorological year,1998,CUB,2332.306561,67.11521306,0.952
Temperature change on land,Cuba,Meteorological year,1999,CUB,2561.779804,64.42704787,0.582
Temperature change on land,Cuba,Meteorological year,2000,CUB,2751.381771,61.77831668,0.319
Temperature change on land,Cuba,Meteorological year,2001,CUB,2842.967043,58.92819096,0.368
Temperature change on land,Cuba,Meteorological year,2002,CUB,3005.211042,55.68818918,0.792
Temperature change on land,Cuba,Meteorological year,2003,CUB,3202.781099,52.35701212,0.933
Temperature change on land,Cuba,Meteorological year,2004,CUB,3399.219629,49.23142514,0.682
Temperature change on land,Cuba,Meteorological year,2005,CUB,3786.337992,46.61012812,0.449
Temperature change on land,Cuba,Meteorological year,2006,CUB,4329.98266,44.29039072,0.685
Temperature change on land,Cuba,Meteorological year,2007,CUB,4807.43889,41.99175635,0.753
Temperature change on land,Cuba,Meteorological year,2008,CUB,4986.124365,39.89356299,0.398
Temperature change on land,Cuba,Meteorological year,2009,CUB,5089.235198,38.17556642,0.661
Temperature change on land,Cuba,Meteorological year,2010,CUB,5272.267558,37.01727318,0.591
Temperature change on land,Cuba,Meteorological year,2011,CUB,6104.461052,36.22474895,0.581
Temperature change on land,Cuba,Meteorological year,2012,CUB,6470.836734,35.51760843,0.654
Temperature change on land,Cuba,Meteorological year,2013,CUB,6828.364282,34.94396601,0.893
Temperature change on land,Cuba,Meteorological year,2014,CUB,7146.704591,34.55225559,1.076
Temperature change on land,Cuba,Meteorological year,2015,CUB,7727.919972,34.39094829,1.345
Temperature change on land,Cuba,Meteorological year,2016,CUB,8110.55874,34.4762067,1.37
Temperature change on land,Cuba,Meteorological year,2017,CUB,8610.608295,34.71784404,1.304
Temperature change on land,Cuba,Meteorological year,2018,CUB,8911.46206,35.0044464,1.083
Temperature change on land,Cuba,Meteorological year,2019,CUB,9232.261159,35.22466631,1.514
Temperature change on land,Cuba,Meteorological year,2020,CUB,9605.261251,35.39664301,1.671
Temperature change on land,Cyprus,Meteorological year,1990,CYP,9641.575195,44.28726239,0.055
Temperature change on land,Cyprus,Meteorological year,1991,CYP,9696.099609,44.32090397,0.35
Temperature change on land,Cyprus,Meteorological year,1992,CYP,11310.07227,44.36022648,-0.951
Temperature change on land,Cyprus,Meteorological year,1993,CYP,10526.1416,44.39902669,-0.443
Temperature change on land,Cyprus,Meteorological year,1994,CYP,11617.69238,44.43131751,1.062
Temperature change on land,Cyprus,Meteorological year,1995,CYP,15261.41699,44.45145144,0.08
Temperature change on land,Cyprus,Meteorological year,1996,CYP,15139.2207,44.50113426,0.278
Temperature change on land,Cyprus,Meteorological year,1997,CYP,14234.24121,44.60121032,0.032
Temperature change on land,Cyprus,Meteorological year,1998,CYP,15092.82813,44.71454767,0.982
Temperature change on land,Cyprus,Meteorological year,1999,CYP,15287.91797,44.80320304,1.107
Temperature change on land,Cyprus,Meteorological year,2000,CYP,14388.35254,44.82910555,0.647
Temperature change on land,Cyprus,Meteorological year,2001,CYP,14821.44922,44.83798209,1.187
Temperature change on land,Cyprus,Meteorological year,2002,CYP,16093.21582,44.88298028,0.853
Temperature change on land,Cyprus,Meteorological year,2003,CYP,20252.24609,44.93875711,0.618
Temperature change on land,Cyprus,Meteorological year,2004,CYP,23792.61914,44.98068697,0.647
Temperature change on land,Cyprus,Meteorological year,2005,CYP,24959.26172,44.98535813,0.374
Temperature change on land,Cyprus,Meteorological year,2006,CYP,26729.28125,44.95115313,0.66
Temperature change on land,Cyprus,Meteorological year,2007,CYP,31244.87891,44.88814413,0.851
Temperature change on land,Cyprus,Meteorological year,2008,CYP,35397.29688,44.79140529,1.067
Temperature change on land,Cyprus,Meteorological year,2009,CYP,32236.44922,44.65597497,1.018
Temperature change on land,Cyprus,Meteorological year,2010,CYP,31105.02734,44.47720784,2.027
Temperature change on land,Cyprus,Meteorological year,2011,CYP,32485.79688,44.17269183,0.719
Temperature change on land,Cyprus,Meteorological year,2012,CYP,28991.93555,43.74454138,0.944
Temperature change on land,Cyprus,Meteorological year,2013,CYP,27797.45703,43.31543381,1.21
Temperature change on land,Cyprus,Meteorological year,2014,CYP,27244.35156,43.00768126,1.028
Temperature change on land,Cyprus,Meteorological year,2015,CYP,23487.22852,42.9430087,1.138
Temperature change on land,Cyprus,Meteorological year,2016,CYP,24715.1543,43.21767871,1.509
Temperature change on land,Cyprus,Meteorological year,2017,CYP,26696.99023,43.70655733,0.774
Temperature change on land,Cyprus,Meteorological year,2018,CYP,29599.98633,44.19891545,2.103
Temperature change on land,Cyprus,Meteorological year,2019,CYP,29703.05273,44.48482324,1.505
Temperature change on land,Cyprus,Meteorological year,2020,CYP,28649.01563,44.40967447,1.634
Temperature change on land,Cyprus,Meteorological year,2021,CYP,33734.29297,50.05678768,1.944
Temperature change on land,Czechia,Meteorological year,1993,CZE,3984.146344,113.0178083,0.287
Temperature change on land,Czechia,Meteorological year,1994,CZE,4663.286653,113.6715012,1.797
Temperature change on land,Czechia,Meteorological year,1995,CZE,5865.294606,113.9185932,1.035
Temperature change on land,Czechia,Meteorological year,1996,CZE,6573.196431,113.3602142,-0.612
Temperature change on land,Czechia,Meteorological year,1997,CZE,6069.387624,111.901785,0.132
Temperature change on land,Czechia,Meteorological year,1998,CZE,6526.596358,109.9941446,1.249
Temperature change on land,Czechia,Meteorological year,1999,CZE,6377.621108,108.0844753,1.102
Temperature change on land,Czechia,Meteorological year,2000,CZE,6062.921528,106.62044,1.9
Temperature change on land,Czechia,Meteorological year,2001,CZE,6669.074948,105.5826142,1.217
Temperature change on land,Czechia,Meteorological year,2002,CZE,8101.260186,104.6433001,1.522
Temperature change on land,Czechia,Meteorological year,2003,CZE,9852.456779,103.7903179,1.07
Temperature change on land,Czechia,Meteorological year,2004,CZE,11782.55467,103.0090836,0.809
Temperature change on land,Czechia,Meteorological year,2005,CZE,13442.49163,102.2882202,0.739
Temperature change on land,Czechia,Meteorological year,2006,CZE,15259.07882,101.491878,0.942
Temperature change on land,Czechia,Meteorological year,2007,CZE,18452.65328,100.5438035,2.161
Temperature change on land,Czechia,Meteorological year,2008,CZE,22774.70451,99.528808,1.642
Temperature change on land,Czechia,Meteorological year,2009,CZE,19817.42158,98.53907719,1.422
Temperature change on land,Czechia,Meteorological year,2010,CZE,20160.43551,97.66542966,0.412
Temperature change on land,Czechia,Meteorological year,2011,CZE,22049.10808,96.82503637,1.041
Temperature change on land,Czechia,Meteorological year,2012,CZE,20014.0354,95.91341459,1.579
Temperature change on land,Czechia,Meteorological year,2013,CZE,20260.4955,94.99644328,0.779
Temperature change on land,Czechia,Meteorological year,2014,CZE,20038.41632,94.14175775,2.507
Temperature change on land,Czechia,Meteorological year,2015,CZE,17931.59877,93.41947045,2.124
Temperature change on land,Czechia,Meteorological year,2016,CZE,18753.96867,92.63980153,2.08
Temperature change on land,Czechia,Meteorological year,2017,CZE,20913.19763,91.72467708,1.597
Temperature change on land,Czechia,Meteorological year,2018,CZE,23705.93298,90.90297671,2.654
Temperature change on land,Czechia,Meteorological year,2019,CZE,24062.719,90.40192086,2.542
Temperature change on land,Czechia,Meteorological year,2020,CZE,23472.89155,90.2967836,2.343
Temperature change on land,Czechia,Meteorological year,2021,CZE,27696.46195,91.10558414,1.299
Temperature change on land,Czechia,Meteorological year,1990,CZE,3969.367335,108.7253762,1.255
Temperature change on land,Czechia,Meteorological year,1991,CZE,2917.086555,110.5342105,0.088
Temperature change on land,Czechia,Meteorological year,1992,CZE,3396.709724,111.9682322,1.064
Temperature change on land,Democratic Republic of the Congo,Meteorological year,1990,COD,254.8726563,29.9396386,0.165
Temperature change on land,Democratic Republic of the Congo,Meteorological year,1991,COD,239.6247728,30.08363631,0.328
Temperature change on land,Democratic Republic of the Congo,Meteorological year,1992,COD,209.1882526,30.19282941,-0.154
Temperature change on land,Democratic Republic of the Congo,Meteorological year,1993,COD,263.3732745,30.26808128,0.149
Temperature change on land,Democratic Republic of the Congo,Meteorological year,1994,COD,136.5425725,30.31045187,0.328
Temperature change on land,Democratic Republic of the Congo,Meteorological year,1995,COD,127.0080787,30.31948149,0.44
Temperature change on land,Democratic Republic of the Congo,Meteorological year,1996,COD,127.4160884,30.2761266,0.022
Temperature change on land,Democratic Republic of the Congo,Meteorological year,1997,COD,132.3235611,30.17335493,0.714
Temperature change on land,Democratic Republic of the Congo,Meteorological year,1998,COD,131.4613484,30.03864882,1.013
Temperature change on land,Democratic Republic of the Congo,Meteorological year,1999,COD,96.31922435,29.89853648,0.399
Temperature change on land,Democratic Republic of the Congo,Meteorological year,2000,COD,377.9254215,29.78255289,0.511
Temperature change on land,Democratic Republic of the Congo,Meteorological year,2001,COD,142.6781426,29.65750157,0.43
Temperature change on land,Democratic Republic of the Congo,Meteorological year,2002,COD,162.3805291,29.50132057,0.91
Temperature change on land,Democratic Republic of the Congo,Meteorological year,2003,COD,161.4915535,29.34281557,0.944
Temperature change on land,Democratic Republic of the Congo,Meteorological year,2004,COD,180.664765,29.21073404,0.944
Temperature change on land,Democratic Republic of the Congo,Meteorological year,2005,COD,203.5616689,29.13556486,1.093
Temperature change on land,Democratic Republic of the Congo,Meteorological year,2006,COD,238.4176394,29.11387666,0.979
Temperature change on land,Democratic Republic of the Congo,Meteorological year,2007,COD,267.8885088,29.12407285,0.82
Temperature change on land,Democratic Republic of the Congo,Meteorological year,2008,COD,307.3196386,29.15526186,0.628
Temperature change on land,Democratic Republic of the Congo,Meteorological year,2009,COD,280.7980515,29.19674051,0.899
Temperature change on land,Democratic Republic of the Congo,Meteorological year,2010,COD,314.5385863,29.24013892,1.291
Temperature change on land,Democratic Republic of the Congo,Meteorological year,2011,COD,364.7141918,29.29023523,0.736
Temperature change on land,Democratic Republic of the Congo,Meteorological year,2012,COD,400.0599018,29.36722703,0.484
Temperature change on land,Democratic Republic of the Congo,Meteorological year,2013,COD,431.1915282,29.4701764,1
Temperature change on land,Democratic Republic of the Congo,Meteorological year,2014,COD,458.0045418,29.59814007,0.979
Temperature change on land,Democratic Republic of the Congo,Meteorological year,2015,COD,467.9145805,29.75135586,1.07
Temperature change on land,Democratic Republic of the Congo,Meteorological year,2016,COD,442.3104721,29.97587133,1.52
Temperature change on land,Democratic Republic of the Congo,Meteorological year,2017,COD,436.5845347,30.2870222,1.247
Temperature change on land,Democratic Republic of the Congo,Meteorological year,2018,COD,528.2560198,30.63016955,1.413
Temperature change on land,Democratic Republic of the Congo,Meteorological year,2019,COD,557.0441613,30.95087293,1.47
Temperature change on land,Democratic Republic of the Congo,Meteorological year,2020,COD,507.5212301,31.44495618,1.541
Temperature change on land,Democratic Republic of the Congo,Meteorological year,2021,COD,558.0340773,31.80877689,1.445
Temperature change on land,Denmark,Meteorological year,1990,DNK,26885.69942,139.136638,1.836
Temperature change on land,Denmark,Meteorological year,1991,DNK,27002.80577,137.4733521,0.622
Temperature change on land,Denmark,Meteorological year,1992,DNK,29579.49136,135.2619882,1.457
Temperature change on land,Denmark,Meteorological year,1993,DNK,27581.72411,132.6060157,0.234
Temperature change on land,Denmark,Meteorological year,1994,DNK,29967.83039,129.6086858,0.973
Temperature change on land,Denmark,Meteorological year,1995,DNK,35321.09808,126.3653385,1.312
Temperature change on land,Denmark,Meteorological year,1996,DNK,35621.98781,122.1938912,-0.747
Temperature change on land,Denmark,Meteorological year,1997,DNK,32779.87905,116.8319358,0.657
Temperature change on land,Denmark,Meteorological year,1998,DNK,33346.48843,110.9631249,0.87
Temperature change on land,Denmark,Meteorological year,1999,DNK,33426.23811,105.286811,1.334
Temperature change on land,Denmark,Meteorological year,2000,DNK,30722.02518,100.4907056,1.718
Temperature change on land,Denmark,Meteorological year,2001,DNK,30768.47755,96.33459463,1.043
Temperature change on land,Denmark,Meteorological year,2002,DNK,33257.16226,92.24973271,1.651
Temperature change on land,Denmark,Meteorological year,2003,DNK,40519.09749,88.42081414,0.703
Temperature change on land,Denmark,Meteorological year,2004,DNK,46625.0501,85.04311652,1.029
Temperature change on land,Denmark,Meteorological year,2005,DNK,48925.80767,82.30709974,1.277
Temperature change on land,Denmark,Meteorological year,2006,DNK,52119.1788,79.97357145,1.343
Temperature change on land,Denmark,Meteorological year,2007,DNK,58631.65664,77.73421482,2.132
Temperature change on land,Denmark,Meteorological year,2008,DNK,64616.66576,75.68116784,1.857
Temperature change on land,Denmark,Meteorological year,2009,DNK,58412.74724,73.90559343,1.322
Temperature change on land,Denmark,Meteorological year,2010,DNK,58104.54456,72.50382328,-0.196
Temperature change on land,Denmark,Meteorological year,2011,DNK,61809.7379,71.36995026,0.678
Temperature change on land,Denmark,Meteorological year,2012,DNK,58443.77471,70.33111764,1.136
Temperature change on land,Denmark,Meteorological year,2013,DNK,61377.59406,69.39405025,0.399
Temperature change on land,Denmark,Meteorological year,2014,DNK,62520.45097,68.55414215,2.675
Temperature change on land,Denmark,Meteorological year,2015,DNK,53094.01336,67.81606631,1.517
Temperature change on land,Denmark,Meteorological year,2016,DNK,54500.92604,67.0700522,1.849
Temperature change on land,Denmark,Meteorological year,2017,DNK,57521.5515,66.29328401,1.62
Temperature change on land,Denmark,Meteorological year,2018,DNK,61324.7665,65.63350653,2.105
Temperature change on land,Denmark,Meteorological year,2019,DNK,59404.26632,65.23294056,2.175
Temperature change on land,Denmark,Meteorological year,2020,DNK,60985.48856,65.16023964,2.633
Temperature change on land,Denmark,Meteorological year,2021,DNK,69727.98737,68.56096929,1.688
Temperature change on land,Djibouti,Meteorological year,1990,DJI,780.4977194,24.79040611,0.548
Temperature change on land,Djibouti,Meteorological year,1991,DJI,732.7331016,24.6850807,0.476
Temperature change on land,Djibouti,Meteorological year,1992,DJI,763.6592145,24.60637919,0.438
Temperature change on land,Djibouti,Meteorological year,1993,DJI,758.7338427,24.55613225,0.3
Temperature change on land,Djibouti,Meteorological year,1994,DJI,784.5562074,24.53086019,0.258
Temperature change on land,Djibouti,Meteorological year,1995,DJI,786.2018667,24.54032907,0.62
Temperature change on land,Djibouti,Meteorological year,1996,DJI,761.9436595,24.5938835,0.717
Temperature change on land,Djibouti,Meteorological year,1997,DJI,748.2328402,24.69320396,0.609
Temperature change on land,Djibouti,Meteorological year,1998,DJI,735.3491079,24.81386544,0.878
Temperature change on land,Djibouti,Meteorological year,1999,DJI,740.2193098,24.92729425,0.374
Temperature change on land,Djibouti,Meteorological year,2000,DJI,737.6121836,25.01842547,0.789
Temperature change on land,Djibouti,Meteorological year,2001,DJI,742.1337911,25.10484204,0.75
Temperature change on land,Djibouti,Meteorological year,2002,DJI,743.0132704,25.22593789,1.312
Temperature change on land,Djibouti,Meteorological year,2003,DJI,764.6344652,25.35404076,1.374
Temperature change on land,Djibouti,Meteorological year,2004,DJI,806.2616529,25.45865644,0.872
Temperature change on land,Djibouti,Meteorological year,2005,DJI,844.4483574,25.51581024,1.114
Temperature change on land,Djibouti,Meteorological year,2006,DJI,898.4646281,25.51284568,0.784
Temperature change on land,Djibouti,Meteorological year,2007,DJI,969.5732202,25.47911612,0.908
Temperature change on land,Djibouti,Meteorological year,2008,DJI,1119.152333,25.43116207,0.41
Temperature change on land,Djibouti,Meteorological year,2009,DJI,1150.937586,25.385071,1.482
Temperature change on land,Djibouti,Meteorological year,2010,DJI,1213.233526,25.36170577,1.138
Temperature change on land,Djibouti,Meteorological year,2011,DJI,1306.345528,25.35075225,1.009
Temperature change on land,Djibouti,Meteorological year,2013,DJI,2074.296689,25.35199247,1.343
Temperature change on land,Djibouti,Meteorological year,2014,DJI,2208.678103,25.37651191,1.208
Temperature change on land,Djibouti,Meteorological year,2015,DJI,2376.125547,25.43111575,1.731
Temperature change on land,Djibouti,Meteorological year,2016,DJI,2510.430008,25.58747299,1.547
Temperature change on land,Djibouti,Meteorological year,2017,DJI,2618.955211,25.87164758,1.831
Temperature change on land,Djibouti,Meteorological year,2019,DJI,2837.171033,26.51615378,1.253
Temperature change on land,Djibouti,Meteorological year,2020,DJI,2881.999245,27.01452938,1.361
Temperature change on land,Djibouti,Meteorological year,2021,DJI,3019.693439,28.34501873,1.031
Temperature change on land,Dominica,Meteorological year,1990,DMA,2892.981597,14.43010922,0.568
Temperature change on land,Dominica,Meteorological year,1991,DMA,3171.365778,14.4642829,0.647
Temperature change on land,Dominica,Meteorological year,1992,DMA,3376.260501,14.5161229,0.591
Temperature change on land,Dominica,Meteorological year,1993,DMA,3536.156092,14.58611592,0.7
Temperature change on land,Dominica,Meteorological year,1994,DMA,3805.202788,14.6746044,0.686
Temperature change on land,Dominica,Meteorological year,1995,DMA,3951.722671,14.78175682,0.858
Temperature change on land,Dominica,Meteorological year,1996,DMA,4210.99532,14.93055822,0.562
Temperature change on land,Dominica,Meteorological year,1997,DMA,4372.19713,15.12313286,0.753
Temperature change on land,Dominica,Meteorological year,1998,DMA,4664.242681,15.3278741,1.256
Temperature change on land,Dominica,Meteorological year,1999,DMA,4817.181055,15.51375164,0.662
Temperature change on land,Dominica,Meteorological year,2000,DMA,4867.398963,15.6504013,0.489
Temperature change on land,Dominica,Meteorological year,2002,DMA,4873.6422,15.84096283,0.697
Temperature change on land,Dominica,Meteorological year,2003,DMA,5009.573932,15.91067123,0.894
Temperature change on land,Dominica,Meteorological year,2004,DMA,5348.949001,15.95028483,0.558
Temperature change on land,Dominica,Meteorological year,2005,DMA,5299.495964,15.95020766,0.928
Temperature change on land,Dominica,Meteorological year,2006,DMA,5671.770657,15.88169825,0.751
Temperature change on land,Dominica,Meteorological year,2007,DMA,6120.442054,15.74425302,0.986
Temperature change on land,Dominica,Meteorological year,2008,DMA,6654.499214,15.57167689,0.393
Temperature change on land,Dominica,Meteorological year,2009,DMA,7102.02826,15.39776062,0.609
Temperature change on land,Dominica,Meteorological year,2010,DMA,7171.552389,15.25587031,1.377
Temperature change on land,Dominica,Meteorological year,2011,DMA,7255.672106,15.10346848,0.653
Temperature change on land,Dominica,Meteorological year,2012,DMA,7031.399871,14.90328687,0.751
Temperature change on land,Dominica,Meteorological year,2013,DMA,7147.619541,14.69636466,0.762
Temperature change on land,Dominica,Meteorological year,2014,DMA,7395.302597,14.52374356,0.765
Temperature change on land,Dominica,Meteorological year,2015,DMA,7679.832936,14.42640872,1.042
Temperature change on land,Dominica,Meteorological year,2016,DMA,8278.447686,14.49404869,1.202
Temperature change on land,Dominica,Meteorological year,2017,DMA,7614.34028,14.71253751,0.958
Temperature change on land,Dominica,Meteorological year,2018,DMA,8137.565206,14.96720254,0.846
Temperature change on land,Dominica,Meteorological year,2019,DMA,9009.090115,15.14358074,0.937
Temperature change on land,Dominica,Meteorological year,2020,DMA,7461.779332,15.22065825,1.236
Temperature change on land,Dominica,Meteorological year,2021,DMA,8262.650913,17.75745947,0.936
Temperature change on land,Dominican Republic,Meteorological year,1990,DOM,989.1639412,13.75062516,0.544
Temperature change on land,Dominican Republic,Meteorological year,1991,DOM,1345.846737,13.76807448,0.391
Temperature change on land,Dominican Republic,Meteorological year,1992,DOM,1558.297821,13.83949966,0.173
Temperature change on land,Dominican Republic,Meteorological year,1993,DOM,1722.41996,13.95388209,0.379
Temperature change on land,Dominican Republic,Meteorological year,1994,DOM,1891.670557,14.10040147,0.595
Temperature change on land,Dominican Republic,Meteorological year,1995,DOM,2109.169407,14.26824765,0.773
Temperature change on land,Dominican Republic,Meteorological year,1996,DOM,2270.865587,14.58296657,0.377
Temperature change on land,Dominican Republic,Meteorological year,1997,DOM,2448.893935,15.09515847,0.669
Temperature change on land,Dominican Republic,Meteorological year,1998,DOM,2607.854573,15.68191617,1.095
Temperature change on land,Dominican Republic,Meteorological year,1999,DOM,2620.889682,16.2205316,0.63
Temperature change on land,Dominican Republic,Meteorological year,2000,DOM,2831.458836,16.58780087,0.357
Temperature change on land,Dominican Republic,Meteorological year,2001,DOM,2935.893673,16.81273756,0.776
Temperature change on land,Dominican Republic,Meteorological year,2002,DOM,3065.603295,17.0114078,0.873
Temperature change on land,Dominican Republic,Meteorological year,2003,DOM,2383.261718,17.19065201,0.949
Temperature change on land,Dominican Republic,Meteorological year,2004,DOM,2451.691616,17.35681096,0.55
Temperature change on land,Dominican Republic,Meteorological year,2005,DOM,3878.312067,17.5168549,0.842
Temperature change on land,Dominican Republic,Meteorological year,2006,DOM,4055.142703,17.70598963,0.79
Temperature change on land,Dominican Republic,Meteorological year,2007,DOM,4649.645589,17.927405,1.06
Temperature change on land,Dominican Republic,Meteorological year,2008,DOM,5026.840911,18.13838274,0.49
Temperature change on land,Dominican Republic,Meteorological year,2009,DOM,4977.798844,18.29614903,0.617
Temperature change on land,Dominican Republic,Meteorological year,2010,DOM,5484.646379,18.35815344,1.06
Temperature change on land,Dominican Republic,Meteorological year,2011,DOM,5834.705907,18.23728823,0.461
Temperature change on land,Dominican Republic,Meteorological year,2012,DOM,6025.725827,17.94939854,0.686
Temperature change on land,Dominican Republic,Meteorological year,2013,DOM,6149.027489,17.60617818,0.959
Temperature change on land,Dominican Republic,Meteorological year,2014,DOM,6512.507714,17.31853718,0.854
Temperature change on land,Dominican Republic,Meteorological year,2015,DOM,6819.932252,17.19846613,1.155
Temperature change on land,Dominican Republic,Meteorological year,2016,DOM,7174.823496,17.41399716,1.145
Temperature change on land,Dominican Republic,Meteorological year,2017,DOM,7499.692862,17.91422229,0.903
Temperature change on land,Dominican Republic,Meteorological year,2018,DOM,7934.981412,18.48222233,1.023
Temperature change on land,Dominican Republic,Meteorological year,2019,DOM,8164.220809,18.90070335,0.99
Temperature change on land,Dominican Republic,Meteorological year,2020,DOM,7162.291752,19.183284,1.495
Temperature change on land,Dominican Republic,Meteorological year,2021,DOM,8472.47982,20.4148514,1.079
Temperature change on land,Ecuador,Meteorological year,1990,ECU,1455.007485,21.11078449,0.304
Temperature change on land,Ecuador,Meteorological year,1991,ECU,1587.3605,21.38610059,0.366
Temperature change on land,Ecuador,Meteorological year,1992,ECU,1655.446132,21.80978458,0.71
Temperature change on land,Ecuador,Meteorological year,1993,ECU,1697.888841,22.35039102,0.436
Temperature change on land,Ecuador,Meteorological year,1994,ECU,1996.858948,22.97527093,0.267
Temperature change on land,Ecuador,Meteorological year,1995,ECU,2108.006982,23.65216428,0.591
Temperature change on land,Ecuador,Meteorological year,1996,ECU,2135.847937,24.56685413,-0.081
Temperature change on land,Ecuador,Meteorological year,1997,ECU,2340.766,25.80450917,0.973
Temperature change on land,Ecuador,Meteorological year,1998,ECU,2284.015728,27.18316298,1.087
Temperature change on land,Ecuador,Meteorological year,1999,ECU,1575.302347,28.51940859,0.104
Temperature change on land,Ecuador,Meteorological year,2000,ECU,1382.234218,29.6310477,0.121
Temperature change on land,Ecuador,Meteorological year,2001,ECU,1791.303597,30.56434271,0.388
Temperature change on land,Ecuador,Meteorological year,2002,ECU,2059.158554,31.4667192,0.687
Temperature change on land,Ecuador,Meteorological year,2003,ECU,2315.622152,32.30852955,0.708
Temperature change on land,Ecuador,Meteorological year,2004,ECU,2586.209147,33.05947599,0.685
Temperature change on land,Ecuador,Meteorological year,2005,ECU,2909.02606,33.69047123,0.675
Temperature change on land,Ecuador,Meteorological year,2006,ECU,3243.670104,34.28033288,0.656
Temperature change on land,Ecuador,Meteorological year,2007,ECU,3478.924888,34.89522008,0.665
Temperature change on land,Ecuador,Meteorological year,2008,ECU,4194.757507,35.48726599,0.58
Temperature change on land,Ecuador,Meteorological year,2009,ECU,4053.363311,36.00804036,0.976
Temperature change on land,Ecuador,Meteorological year,2010,ECU,4520.30959,36.40963209,0.911
Temperature change on land,Ecuador,Meteorological year,2011,ECU,5153.691642,36.67676522,0.844
Temperature change on land,Ecuador,Meteorological year,2012,ECU,5634.083932,36.82912657,0.699
Temperature change on land,Ecuador,Meteorological year,2013,ECU,6109.290315,36.871358,0.481
Temperature change on land,Ecuador,Meteorological year,2014,ECU,6405.799793,36.80880705,1.119
Temperature change on land,Ecuador,Meteorological year,2015,ECU,5976.159681,36.64602995,1.566
Temperature change on land,Ecuador,Meteorological year,2016,ECU,5917.637713,36.24630001,1.543
Temperature change on land,Ecuador,Meteorological year,2017,ECU,6233.322448,35.63730633,1.118
Temperature change on land,Ecuador,Meteorological year,2018,ECU,6303.918925,35.0674468,1.024
Temperature change on land,Ecuador,Meteorological year,2019,ECU,6205.057595,34.7875479,1.331
Temperature change on land,Ecuador,Meteorological year,2020,ECU,5463.645096,34.99318304,1.409
Temperature change on land,Ecuador,Meteorological year,2021,ECU,6075.802657,33.50101845,0.909
Temperature change on land,Egypt,Meteorological year,1990,EGY,735.982935,25.92530807,-0.123
Temperature change on land,Egypt,Meteorological year,1991,EGY,622.829605,25.86834336,0.382
Temperature change on land,Egypt,Meteorological year,1992,EGY,680.7992386,25.78859819,-0.644
Temperature change on land,Egypt,Meteorological year,1993,EGY,740.3342174,25.69123966,-0.021
Temperature change on land,Egypt,Meteorological year,1994,EGY,807.3035372,25.57970799,0.601
Temperature change on land,Egypt,Meteorological year,1995,EGY,916.3266177,25.45656707,0.136
Temperature change on land,Egypt,Meteorological year,1996,EGY,1008.976376,25.27036133,0.383
Temperature change on land,Egypt,Meteorological year,1997,EGY,1146.201721,24.9988878,0.003
Temperature change on land,Egypt,Meteorological year,1998,EGY,1212.822598,24.69277783,0.732
Temperature change on land,Egypt,Meteorological year,1999,EGY,1268.309492,24.40240435,0.833
Temperature change on land,Egypt,Meteorological year,2000,EGY,1366.092744,24.17793492,0.099
Temperature change on land,Egypt,Meteorological year,2001,EGY,1295.137418,23.99888536,0.701
Temperature change on land,Egypt,Meteorological year,2002,EGY,1116.828846,23.82855241,0.832
Temperature change on land,Egypt,Meteorological year,2003,EGY,1031.275563,23.69166706,0.728
Temperature change on land,Egypt,Meteorological year,2004,EGY,991.2556891,23.6124139,0.648
Temperature change on land,Egypt,Meteorological year,2005,EGY,1104.803407,23.61478854,0.51
Temperature change on land,Egypt,Meteorological year,2006,EGY,1298.979002,23.7169155,0.707
Temperature change on land,Egypt,Meteorological year,2007,EGY,1547.741707,23.89363154,0.571
Temperature change on land,Egypt,Meteorological year,2008,EGY,1896.215943,24.10263,0.898
Temperature change on land,Egypt,Meteorological year,2009,EGY,2161.639646,24.30277396,0.884
Temperature change on land,Egypt,Meteorological year,2010,EGY,2455.081946,24.45272463,2.299
Temperature change on land,Egypt,Meteorological year,2011,EGY,2590.643849,24.5430857,0.598
Temperature change on land,Egypt,Meteorological year,2012,EGY,2996.067707,24.61080973,0.92
Temperature change on land,Egypt,Meteorological year,2013,EGY,3025.525636,24.68068642,1.035
Temperature change on land,Egypt,Meteorological year,2014,EGY,3133.391023,24.7795575,1.242
Temperature change on land,Egypt,Meteorological year,2015,EGY,3306.981594,24.93501452,1.181
Temperature change on land,Egypt,Meteorological year,2016,EGY,3270.628777,25.34932633,1.373
Temperature change on land,Egypt,Meteorological year,2017,EGY,2395.103333,26.05258453,0.587
Temperature change on land,Egypt,Meteorological year,2018,EGY,2484.703156,26.81280874,2.053
Temperature change on land,Egypt,Meteorological year,2019,EGY,2962.98892,27.40195534,1.013
Temperature change on land,Egypt,Meteorological year,2020,EGY,3511.11381,27.86555138,1.008
Temperature change on land,Egypt,Meteorological year,2021,EGY,3827.354154,30.4429996,1.695
Temperature change on land,El Salvador,Meteorological year,1990,SLV,892.1827152,35.06084666,0.547
Temperature change on land,El Salvador,Meteorological year,1991,SLV,955.8268974,35.10674423,0.639
Temperature change on land,El Salvador,Meteorological year,1992,SLV,1040.781641,35.15663677,0.649
Temperature change on land,El Salvador,Meteorological year,1993,SLV,1180.268543,35.20935361,0.419
Temperature change on land,El Salvador,Meteorological year,1994,SLV,1343.929057,35.26489922,0.768
Temperature change on land,El Salvador,Meteorological year,1995,SLV,1548.376304,35.32067589,0.726
Temperature change on land,El Salvador,Meteorological year,1996,SLV,1651.310168,35.41202794,0.274
Temperature change on land,El Salvador,Meteorological year,1997,SLV,1748.92112,35.54902361,0.938
Temperature change on land,El Salvador,Meteorological year,1998,SLV,1859.730859,35.6876036,1.037
Temperature change on land,El Salvador,Meteorological year,1999,SLV,1908.080455,35.78304642,0.317
Temperature change on land,El Salvador,Meteorological year,2000,SLV,1982.870935,35.79155156,0.006
Temperature change on land,El Salvador,Meteorological year,2001,SLV,2058.044591,35.60945756,0.419
Temperature change on land,El Salvador,Meteorological year,2002,SLV,2115.411874,35.21795932,0.761
Temperature change on land,El Salvador,Meteorological year,2003,SLV,2207.830895,34.70014403,1.006
Temperature change on land,El Salvador,Meteorological year,2004,SLV,2285.689074,34.13801897,0.79
Temperature change on land,El Salvador,Meteorological year,2005,SLV,2447.391408,33.61347144,0.545
Temperature change on land,El Salvador,Meteorological year,2006,SLV,2665.618072,33.06368705,0.573
Temperature change on land,El Salvador,Meteorological year,2007,SLV,2830.656938,32.42053035,0.573
Temperature change on land,El Salvador,Meteorological year,2008,SLV,2983.248296,31.75899123,0.319
Temperature change on land,El Salvador,Meteorological year,2009,SLV,2910.186518,31.15246632,0.916
Temperature change on land,El Salvador,Meteorological year,2010,SLV,3040.07301,30.67466165,0.575
Temperature change on land,El Salvador,Meteorological year,2011,SLV,3330.600495,30.29683623,0.56
Temperature change on land,El Salvador,Meteorological year,2012,SLV,3497.912569,29.94025595,0.702
Temperature change on land,El Salvador,Meteorological year,2013,SLV,3582.26694,29.60169641,0.688
Temperature change on land,El Salvador,Meteorological year,2014,SLV,3666.012489,29.27742409,0.65
Temperature change on land,El Salvador,Meteorological year,2015,SLV,3790.340891,28.96423009,1.277
Temperature change on land,El Salvador,Meteorological year,2016,SLV,3901.34015,28.58900181,1.241
Temperature change on land,El Salvador,Meteorological year,2017,SLV,4020.126714,28.17759419,0.708
Temperature change on land,El Salvador,Meteorological year,2018,SLV,4183.54621,27.87351427,0.776
Temperature change on land,El Salvador,Meteorological year,2019,SLV,4320.116715,27.81944155,0.995
Temperature change on land,El Salvador,Meteorological year,2020,SLV,3997.192796,28.16046806,1.456
Temperature change on land,El Salvador,Meteorological year,2021,SLV,4642.607431,26.48089643,1.063
Temperature change on land,Equatorial Guinea,Meteorological year,1990,GNQ,236.4021884,36.14325691,0.163
Temperature change on land,Equatorial Guinea,Meteorological year,1992,GNQ,263.7335471,35.18638524,-0.176
Temperature change on land,Equatorial Guinea,Meteorological year,1993,GNQ,256.6830237,34.7578321,0.089
Temperature change on land,Equatorial Guinea,Meteorological year,1994,GNQ,183.2394827,34.37695392,0.302
Temperature change on land,Equatorial Guinea,Meteorological year,1995,GNQ,248.3148962,34.05445203,0.951
Temperature change on land,Equatorial Guinea,Meteorological year,1996,GNQ,391.6868682,33.77768709,0.42
Temperature change on land,Equatorial Guinea,Meteorological year,1998,GNQ,577.8685253,33.2638296,1.048
Temperature change on land,Equatorial Guinea,Meteorological year,1999,GNQ,930.9125493,33.01809805,0.578
Temperature change on land,Equatorial Guinea,Meteorological year,2000,GNQ,1487.316551,32.77418058,0.423
Temperature change on land,Equatorial Guinea,Meteorological year,2001,GNQ,1948.611459,32.49121936,0.404
Temperature change on land,Equatorial Guinea,Meteorological year,2002,GNQ,2264.210656,32.16250675,0.653
Temperature change on land,Equatorial Guinea,Meteorological year,2003,GNQ,2930.601837,31.83283065,0.943
Temperature change on land,Equatorial Guinea,Meteorological year,2004,GNQ,4901.301274,31.54749023,0.832
Temperature change on land,Equatorial Guinea,Meteorological year,2005,GNQ,8673.902609,31.35221199,0.841
Temperature change on land,Equatorial Guinea,Meteorological year,2006,GNQ,10184.88412,31.21514274,0.69
Temperature change on land,Equatorial Guinea,Meteorological year,2007,GNQ,12616.95329,31.0873768,0.867
Temperature change on land,Equatorial Guinea,Meteorological year,2008,GNQ,18210.5553,30.98460297,0.729
Temperature change on land,Equatorial Guinea,Meteorological year,2009,GNQ,13232.50194,30.92334896,0.828
Temperature change on land,Equatorial Guinea,Meteorological year,2010,GNQ,13720.16587,30.91999946,0.947
Temperature change on land,Equatorial Guinea,Meteorological year,2011,GNQ,17198.21367,30.97313938,0.607
Temperature change on land,Equatorial Guinea,Meteorological year,2012,GNQ,17308.57239,31.07576489,0.582
Temperature change on land,Equatorial Guinea,Meteorological year,2013,GNQ,16304.07132,31.22849266,0.683
Temperature change on land,Equatorial Guinea,Meteorological year,2014,GNQ,15548.66247,31.43065927,0.798
Temperature change on land,Equatorial Guinea,Meteorological year,2015,GNQ,9068.910032,31.68038499,0.755
Temperature change on land,Equatorial Guinea,Meteorological year,2016,GNQ,7453.197979,32.07547167,1.382
Temperature change on land,Equatorial Guinea,Meteorological year,2017,GNQ,7809.104657,32.63408573,1.202
Temperature change on land,Equatorial Guinea,Meteorological year,2018,GNQ,8102.470848,33.23128406,0.6
Temperature change on land,Equatorial Guinea,Meteorological year,2019,GNQ,6804.149231,33.74166244,1.372
Temperature change on land,Equatorial Guinea,Meteorological year,2020,GNQ,5764.055029,34.24884133,1.292
Temperature change on land,Equatorial Guinea,Meteorological year,2021,GNQ,6945.630698,36.64560719,1.02
Temperature change on land,Eritrea,Meteorological year,1996,ERI,325.8387054,33.0426626,0.032
Temperature change on land,Eritrea,Meteorological year,1997,ERI,318.9809608,33.43349924,0.212
Temperature change on land,Eritrea,Meteorological year,1998,ERI,341.917364,33.83899497,0.372
Temperature change on land,Eritrea,Meteorological year,1999,ERI,311.3362093,34.17918345,0.763
Temperature change on land,Eritrea,Meteorological year,2000,ERI,314.3573968,34.38109338,0.501
Temperature change on land,Eritrea,Meteorological year,2001,ERI,325.4091615,34.49360039,0.44
Temperature change on land,Eritrea,Meteorological year,2002,ERI,304.7757565,34.59958044,1.022
Temperature change on land,Eritrea,Meteorological year,2003,ERI,348.9503271,34.68624615,0.608
Temperature change on land,Eritrea,Meteorological year,2004,ERI,426.8409479,34.74197925,1.071
Temperature change on land,Eritrea,Meteorological year,2005,ERI,412.7530792,34.75474221,0.742
Temperature change on land,Eritrea,Meteorological year,2006,ERI,447.9974047,34.68048596,0.876
Temperature change on land,Eritrea,Meteorological year,2007,ERI,480.4476237,34.51852539,0.245
Temperature change on land,Eritrea,Meteorological year,2008,ERI,490.066956,34.32198503,1.049
Temperature change on land,Eritrea,Meteorological year,2009,ERI,642.9257229,34.14417853,1.716
Temperature change on land,Eritrea,Meteorological year,2010,ERI,539.6995121,34.03714974,1.629
Temperature change on land,Eritrea,Meteorological year,2011,ERI,688.6816596,33.97666279,1.506
Temperature change on land,Estonia,Meteorological year,1993,EST,2685.908893,170.5214376,0.555
Temperature change on land,Estonia,Meteorological year,1994,EST,2819.126121,169.6815857,0.355
Temperature change on land,Estonia,Meteorological year,1995,EST,3134.389753,168.7895057,1.738
Temperature change on land,Estonia,Meteorological year,1996,EST,3380.926302,167.5476986,-0.368
Temperature change on land,Estonia,Meteorological year,1997,EST,3682.952301,165.7340302,0.909
Temperature change on land,Estonia,Meteorological year,1998,EST,4093.392477,163.4721377,0.519
Temperature change on land,Estonia,Meteorological year,1999,EST,4140.936602,160.9242541,1.498
Temperature change on land,Estonia,Meteorological year,2000,EST,4070.609024,158.2180933,2.042
Temperature change on land,Estonia,Meteorological year,2001,EST,4502.66615,154.0692285,1.811
Temperature change on land,Estonia,Meteorological year,2002,EST,5343.183108,147.9252261,1.452
Temperature change on land,Estonia,Meteorological year,2003,EST,7205.407033,140.8670876,0.196
Temperature change on land,Estonia,Meteorological year,2004,EST,8916.072827,134.019613,1.149
Temperature change on land,Estonia,Meteorological year,2005,EST,10414.63812,128.4867086,1.574
Temperature change on land,Estonia,Meteorological year,2006,EST,12641.4801,124.092312,1.235
Temperature change on land,Estonia,Meteorological year,2007,EST,16745.4308,119.9631138,2.24
Temperature change on land,Estonia,Meteorological year,2008,EST,18205.90641,116.1212243,2.573
Temperature change on land,Estonia,Meteorological year,2009,EST,14712.44942,112.6147495,1.594
Temperature change on land,Estonia,Meteorological year,2010,EST,14663.7041,109.466121,0.514
Temperature change on land,Estonia,Meteorological year,2011,EST,17555.54552,106.1817135,1.272
Temperature change on land,Estonia,Meteorological year,2012,EST,17568.2138,102.5850739,1.432
Temperature change on land,Estonia,Meteorological year,2013,EST,19310.38749,99.13380855,1.149
Temperature change on land,Estonia,Meteorological year,2014,EST,20581.7899,96.2966102,2.406
Temperature change on land,Estonia,Meteorological year,2015,EST,17722.15577,94.52544668,2.338
Temperature change on land,Estonia,Meteorological year,2016,EST,18666.37365,93.62472534,1.901
Temperature change on land,Estonia,Meteorological year,2017,EST,20851.52235,93.03110809,1.466
Temperature change on land,Estonia,Meteorological year,2018,EST,23618.13613,92.66195775,2.379
Temperature change on land,Estonia,Meteorological year,2019,EST,24021.25014,92.44751306,2.182
Temperature change on land,Estonia,Meteorological year,2020,EST,23933.99394,92.43235604,3.584
Temperature change on land,Estonia,Meteorological year,2021,EST,27953.76702,99.04135886,2.122
Temperature change on land,Eswatini,Meteorological year,1990,SWZ,1277.69173,56.14968816,0.345
Temperature change on land,Eswatini,Meteorological year,1991,SWZ,1273.012245,56.53967959,0.591
Temperature change on land,Eswatini,Meteorological year,1992,SWZ,1361.81698,57.1124185,1.212
Temperature change on land,Eswatini,Meteorological year,1993,SWZ,1397.265933,57.83642759,0.794
Temperature change on land,Eswatini,Meteorological year,1994,SWZ,1461.364001,58.67891637,0.044
Temperature change on land,Eswatini,Meteorological year,1995,SWZ,1750.754008,59.60687656,0.659
Temperature change on land,Eswatini,Meteorological year,1996,SWZ,1619.191197,60.86510002,0.026
Temperature change on land,Eswatini,Meteorological year,1997,SWZ,1705.398749,62.58212579,0.304
Temperature change on land,Eswatini,Meteorological year,1998,SWZ,1546.515193,64.55058687,1.04
Temperature change on land,Eswatini,Meteorological year,1999,SWZ,1501.664267,66.56037643,0.523
Temperature change on land,Eswatini,Meteorological year,2000,SWZ,1668.974913,68.40199206,-0.089
Temperature change on land,Eswatini,Meteorological year,2001,SWZ,1467.538902,70.34486786,0.546
Temperature change on land,Eswatini,Meteorological year,2002,SWZ,1351.865502,72.56678445,0.756
Temperature change on land,Eswatini,Meteorological year,2003,SWZ,2060.184181,74.71364549,0.942
Temperature change on land,Eswatini,Meteorological year,2004,SWZ,2581.241728,76.43023469,0.823
Temperature change on land,Eswatini,Meteorological year,2005,SWZ,2945.363949,77.36325927,1.269
Temperature change on land,Eswatini,Meteorological year,2006,SWZ,3035.061561,77.70339406,0.462
Temperature change on land,Eswatini,Meteorological year,2007,SWZ,3180.861215,77.90076262,1.181
Temperature change on land,Eswatini,Meteorological year,2008,SWZ,2999.828169,77.98760422,0.701
Temperature change on land,Eswatini,Meteorological year,2009,SWZ,3239.757801,78.00488051,0.463
Temperature change on land,Eswatini,Meteorological year,2010,SWZ,3992.951996,77.99731072,1.288
Temperature change on land,Eswatini,Meteorological year,2011,SWZ,4312.342434,77.83601593,0.693
Temperature change on land,Eswatini,Meteorological year,2012,SWZ,4347.995693,77.46385511,0.68
Temperature change on land,Eswatini,Meteorological year,2013,SWZ,3910.063976,77.02419594,0.48
Temperature change on land,Eswatini,Meteorological year,2014,SWZ,3740.692776,76.66036809,0.607
Temperature change on land,Eswatini,Meteorological year,2015,SWZ,3393.533678,76.51070224,1.231
Temperature change on land,Eswatini,Meteorological year,2016,SWZ,3223.920041,76.46849195,1.595
Temperature change on land,Eswatini,Meteorological year,2017,SWZ,3831.425953,76.39536803,0.94
Temperature change on land,Eswatini,Meteorological year,2018,SWZ,3986.105572,76.37765334,1.285
Temperature change on land,Eswatini,Meteorological year,2019,SWZ,3894.329516,76.50399258,1.69
Temperature change on land,Eswatini,Meteorological year,2020,SWZ,3442.321653,77.5699001,0.699
Temperature change on land,Eswatini,Meteorological year,2021,SWZ,3926.486874,75.76649091,0.519
Temperature change on land,Ethiopia,Meteorological year,1993,ETH,168.5204014,45.49547653,0.235
Temperature change on land,Ethiopia,Meteorological year,1994,ETH,127.6859235,45.04543259,0.567
Temperature change on land,Ethiopia,Meteorological year,1995,ETH,136.5236191,44.55502837,0.752
Temperature change on land,Ethiopia,Meteorological year,1996,ETH,147.3274589,43.94883449,0.745
Temperature change on land,Ethiopia,Meteorological year,1997,ETH,143.3695315,43.16086162,0.667
Temperature change on land,Ethiopia,Meteorological year,1998,ETH,126.4650958,42.2635201,0.767
Temperature change on land,Ethiopia,Meteorological year,1999,ETH,120.7346315,41.32683047,0.268
Temperature change on land,Ethiopia,Meteorological year,2000,ETH,122.2692026,40.41968053,0.524
Temperature change on land,Ethiopia,Meteorological year,2001,ETH,118.4572043,39.49192295,0.691
Temperature change on land,Ethiopia,Meteorological year,2002,ETH,109.5938136,38.4552437,1.052
Temperature change on land,Ethiopia,Meteorological year,2003,ETH,116.8004911,37.38036476,1.099
Temperature change on land,Ethiopia,Meteorological year,2004,ETH,133.1698125,36.33354089,0.809
Temperature change on land,Ethiopia,Meteorological year,2005,ETH,158.2434581,35.37760547,1.037
Temperature change on land,Ethiopia,Meteorological year,2006,ETH,189.3457375,34.46928486,0.913
Temperature change on land,Ethiopia,Meteorological year,2007,ETH,237.146256,33.52594907,0.823
Temperature change on land,Ethiopia,Meteorological year,2008,ETH,316.4104751,32.60000164,0.793
Temperature change on land,Ethiopia,Meteorological year,2009,ETH,368.5747123,31.74171877,1.315
Temperature change on land,Ethiopia,Meteorological year,2010,ETH,330.6194128,30.99967324,1.272
Temperature change on land,Ethiopia,Meteorological year,2011,ETH,343.0249424,30.30030431,1.101
Temperature change on land,Ethiopia,Meteorological year,2012,ETH,452.1010319,29.5710516,0.996
Temperature change on land,Ethiopia,Meteorological year,2013,ETH,484.0398331,28.89221961,1.156
Temperature change on land,Ethiopia,Meteorological year,2014,ETH,549.9865771,28.34181518,1.076
Temperature change on land,Ethiopia,Meteorological year,2015,ETH,621.8456738,27.99736227,1.345
Temperature change on land,Ethiopia,Meteorological year,2016,ETH,696.1958847,27.80677102,1.39
Temperature change on land,Ethiopia,Meteorological year,2017,ETH,745.6324492,27.66873074,1.228
Temperature change on land,Ethiopia,Meteorological year,2018,ETH,747.9681436,27.60921935,0.539
Temperature change on land,Ethiopia,Meteorological year,2019,ETH,828.7089723,27.65631485,0.959
Temperature change on land,Ethiopia,Meteorological year,2020,ETH,905.3131758,28.07109775,0.941
Temperature change on land,Ethiopia,Meteorological year,2021,ETH,910.9478403,29.63826996,1.045
Temperature change on land,Ethiopia PDR,Meteorological year,1990,ETH,262.1089711,46.49088346,0.693
Temperature change on land,Ethiopia PDR,Meteorological year,1991,ETH,277.5659104,46.2367538,0.536
Temperature change on land,Ethiopia PDR,Meteorological year,1992,ETH,207.4064009,45.89716377,0.111
Temperature change on land,Fiji,Meteorological year,1990,FJI,1728.940769,69.29163804,0.086
Temperature change on land,Fiji,Meteorological year,1991,FJI,1774.992111,70.17681129,-0.031
Temperature change on land,Fiji,Meteorological year,1992,FJI,1951.255929,70.88132563,0.012
Temperature change on land,Fiji,Meteorological year,1993,FJI,2070.047341,71.38764529,-0.377
Temperature change on land,Fiji,Meteorological year,1994,FJI,2297.180059,71.67807297,-0.201
Temperature change on land,Fiji,Meteorological year,1995,FJI,2466.743478,71.73553953,0.305
Temperature change on land,Fiji,Meteorological year,1996,FJI,2648.327663,71.48622181,0.338
Temperature change on land,Fiji,Meteorological year,1997,FJI,2573.723386,70.96067116,0.043
Temperature change on land,Fiji,Meteorological year,1998,FJI,2010.496361,70.29796331,0.662
Temperature change on land,Fiji,Meteorological year,1999,FJI,2327.957205,69.64333372,0.452
Temperature change on land,Fiji,Meteorological year,2000,FJI,1995.720712,69.13854446,0.577
Temperature change on land,Fiji,Meteorological year,2001,FJI,1944.997415,68.71490182,0.605
Temperature change on land,Fiji,Meteorological year,2002,FJI,2136.567941,68.2324745,0.606
Temperature change on land,Fiji,Meteorological year,2003,FJI,2655.580796,67.70789112,0.531
Temperature change on land,Fiji,Meteorological year,2004,FJI,3097.190967,67.15891764,0.392
Temperature change on land,Fiji,Meteorological year,2005,FJI,3377.69127,66.60391587,0.539
Temperature change on land,Fiji,Meteorological year,2006,FJI,3455.105999,65.87069822,0.592
Temperature change on land,Fiji,Meteorological year,2007,FJI,3762.746928,64.8997571,0.906
Temperature change on land,Fiji,Meteorological year,2008,FJI,3899.922315,63.87322481,0.436
Temperature change on land,Fiji,Meteorological year,2009,FJI,3164.132754,62.97201152,0.152
Temperature change on land,Fiji,Meteorological year,2010,FJI,3449.144529,62.3799183,0.656
Temperature change on land,Fiji,Meteorological year,2011,FJI,4139.602886,62.02204605,0.652
Temperature change on land,Fiji,Meteorological year,2012,FJI,4341.403387,61.7131343,0.367
Temperature change on land,Fiji,Meteorological year,2013,FJI,4572.443775,61.46644934,0.771
Temperature change on land,Fiji,Meteorological year,2014,FJI,5293.356791,61.29589958,0.544
Temperature change on land,Fiji,Meteorological year,2015,FJI,5097.531088,61.21602146,0.468
Temperature change on land,Fiji,Meteorological year,2016,FJI,5363.790256,61.25571838,0.931
Temperature change on land,Fiji,Meteorological year,2017,FJI,5826.848141,61.40376177,1.021
Temperature change on land,Fiji,Meteorological year,2018,FJI,6085.419792,61.61627488,0.633
Temperature change on land,Fiji,Meteorological year,2019,FJI,5950.828686,61.84891937,0.817
Temperature change on land,Fiji,Meteorological year,2020,FJI,4844.42129,62.51224743,1.02
Temperature change on land,Fiji,Meteorological year,2021,FJI,4696.171019,60.34336976,0.848
Temperature change on land,Finland,Meteorological year,1990,FIN,28366.20428,192.3511773,1.25
Temperature change on land,Finland,Meteorological year,1991,FIN,25488.84505,192.6601961,1.137
Temperature change on land,Finland,Meteorological year,1992,FIN,22320.11247,192.7060557,1.164
Temperature change on land,Finland,Meteorological year,1993,FIN,17588.67817,192.5248804,0.938
Temperature change on land,Finland,Meteorological year,1994,FIN,20278.2911,192.1339145,0.145
Temperature change on land,Finland,Meteorological year,1995,FIN,26246.27432,191.5743734,1.699
Temperature change on land,Finland,Meteorological year,1996,FIN,25756.67771,190.3153795,0.139
Temperature change on land,Finland,Meteorological year,1997,FIN,24682.29083,188.1389537,0.784
Temperature change on land,Finland,Meteorological year,1998,FIN,25999.98617,185.5201702,0.072
Temperature change on land,Finland,Meteorological year,1999,FIN,26180.41286,182.9259655,1.16
Temperature change on land,Finland,Meteorological year,2000,FIN,24335.92251,180.8371856,2.027
Temperature change on land,Finland,Meteorological year,2001,FIN,24965.203,179.2826405,1.372
Temperature change on land,Finland,Meteorological year,2002,FIN,26989.38926,177.8460885,1.171
Temperature change on land,Finland,Meteorological year,2003,FIN,32920.08572,176.3149214,0.709
Temperature change on land,Finland,Meteorological year,2004,FIN,37768.13342,174.4675814,1.232
Temperature change on land,Finland,Meteorological year,2005,FIN,39049.87038,172.1116615,2.199
Temperature change on land,Finland,Meteorological year,2006,FIN,41214.01878,168.5973951,1.2
Temperature change on land,Finland,Meteorological year,2007,FIN,48473.02401,163.908967,1.942
Temperature change on land,Finland,Meteorological year,2008,FIN,53769.47262,158.7667221,2.123
Temperature change on land,Finland,Meteorological year,2009,FIN,47478.34953,153.8895703,1.687
Temperature change on land,Finland,Meteorological year,2010,FIN,46506.2919,150.0104434,0.236
Temperature change on land,Finland,Meteorological year,2011,FIN,51060.32426,147.0547692,1.344
Temperature change on land,Finland,Meteorological year,2012,FIN,47551.67408,144.3653884,1.532
Temperature change on land,Finland,Meteorological year,2013,FIN,49691.01452,141.7839432,1.42
Temperature change on land,Finland,Meteorological year,2014,FIN,50073.77608,139.1601924,2.58
Temperature change on land,Finland,Meteorological year,2015,FIN,42560.34568,136.339943,2.604
Temperature change on land,Finland,Meteorological year,2016,FIN,43451.25624,132.4324684,2.147
Temperature change on land,Finland,Meteorological year,2017,FIN,46085.01747,127.5911794,1.48
Temperature change on land,Finland,Meteorological year,2018,FIN,49654.2497,123.2524327,2.151
Temperature change on land,Finland,Meteorological year,2019,FIN,48358.18078,120.8452782,1.446
Temperature change on land,Finland,Meteorological year,2020,FIN,48828.68469,120.5926142,3.316
Temperature change on land,Finland,Meteorological year,2021,FIN,53099.13514,123.360139,1.937
Temperature change on land,France,Meteorological year,1990,FRA,21586.46746,136.8961507,1.591
Temperature change on land,France,Meteorological year,1991,FRA,21500.77784,137.2140406,0.253
Temperature change on land,France,Meteorological year,1992,FRA,23615.01686,137.3098265,0.657
Temperature change on land,France,Meteorological year,1993,FRA,22238.82506,137.218187,0.33
Temperature change on land,France,Meteorological year,1994,FRA,23359.89851,136.9751401,1.555
Temperature change on land,France,Meteorological year,1995,FRA,26791.8152,136.6152793,1.334
Temperature change on land,France,Meteorological year,1996,FRA,26757.63515,135.7817688,0.2
Temperature change on land,France,Meteorological year,1997,FRA,24169.40081,134.2983599,1.249
Temperature change on land,France,Meteorological year,1998,FRA,24869.40308,132.4721818,0.959
Temperature change on land,France,Meteorological year,1999,FRA,24576.31523,130.6097452,1.222
Temperature change on land,France,Meteorological year,2000,FRA,22340.59395,129.0166148,1.201
Temperature change on land,France,Meteorological year,2001,FRA,22331.79483,127.5939704,1.42
Temperature change on land,France,Meteorological year,2002,FRA,24144.5727,126.0777575,1.077
Temperature change on land,France,Meteorological year,2003,FRA,29479.52221,124.5249783,1.82
Temperature change on land,France,Meteorological year,2004,FRA,33644.92822,122.9936372,0.996
Temperature change on land,France,Meteorological year,2005,FRA,34696.37183,121.542263,1.039
Temperature change on land,France,Meteorological year,2006,FRA,36431.56589,119.9266128,1.33
Temperature change on land,France,Meteorological year,2007,FRA,41486.19078,117.9992322,1.423
Temperature change on land,France,Meteorological year,2008,FRA,45464.81814,115.9639398,1.006
Temperature change on land,France,Meteorological year,2009,FRA,41728.08842,114.0262994,1.223
Temperature change on land,France,Meteorological year,2010,FRA,40694.82117,112.3915566,0.403
Temperature change on land,France,Meteorological year,2011,FRA,43929.78409,111.0390208,1.54
Temperature change on land,France,Meteorological year,2012,FRA,40863.58144,109.7736391,1.228
Temperature change on land,France,Meteorological year,2013,FRA,42669.17951,108.5395792,0.728
Temperature change on land,France,Meteorological year,2014,FRA,43148.04593,107.2817442,2.07
Temperature change on land,France,Meteorological year,2015,FRA,36702.43237,105.9468839,1.621
Temperature change on land,France,Meteorological year,2016,FRA,37024.21571,103.9625832,1.797
Temperature change on land,France,Meteorological year,2017,FRA,38687.16264,101.344826,1.792
Temperature change on land,France,Meteorological year,2018,FRA,41418.17665,98.92453933,2.032
Temperature change on land,France,Meteorological year,2019,FRA,40408.28486,97.53211015,1.998
Temperature change on land,France,Meteorological year,2020,FRA,39169.8606,97.36749208,2.527
Temperature change on land,France,Meteorological year,2021,FRA,43725.09995,94.29842539,1.309
Temperature change on land,Gabon,Meteorological year,1990,GAB,6050.71469,40.89422951,0.212
Temperature change on land,Gabon,Meteorological year,1991,GAB,5345.09653,40.89564204,0.219
Temperature change on land,Gabon,Meteorological year,1992,GAB,5385.688117,40.87339522,-0.184
Temperature change on land,Gabon,Meteorological year,1993,GAB,4105.987013,40.83242789,0.191
Temperature change on land,Gabon,Meteorological year,1994,GAB,3828.211181,40.77386551,0.232
Temperature change on land,Gabon,Meteorological year,1995,GAB,4414.875583,40.70418873,0.729
Temperature change on land,Gabon,Meteorological year,1996,GAB,4942.6787,40.59955611,0.221
Temperature change on land,Gabon,Meteorological year,1997,GAB,4508.753405,40.42977819,0.431
Temperature change on land,Gabon,Meteorological year,1998,GAB,3699.995139,40.22182731,1.174
Temperature change on land,Gabon,Meteorological year,1999,GAB,3751.35319,40.00224532,0.642
Temperature change on land,Gabon,Meteorological year,2000,GAB,3982.906201,39.79941934,0.373
Temperature change on land,Gabon,Meteorological year,2001,GAB,3835.757183,39.56094999,0.266
Temperature change on land,Gabon,Meteorological year,2002,GAB,3966.480019,39.24022802,0.678
Temperature change on land,Gabon,Meteorological year,2003,GAB,4710.748628,38.88527787,0.909
Temperature change on land,Gabon,Meteorological year,2004,GAB,5465.791936,38.54242769,0.861
Temperature change on land,Gabon,Meteorological year,2005,GAB,6547.87614,38.25813977,0.774
Temperature change on land,Gabon,Meteorological year,2006,GAB,6847.009857,37.94210525,0.764
Temperature change on land,Gabon,Meteorological year,2007,GAB,8003.542897,37.51934148,0.905
Temperature change on land,Gabon,Meteorological year,2008,GAB,9688.645197,37.06919845,0.774
Temperature change on land,Gabon,Meteorological year,2009,GAB,7290.575261,36.67057907,0.801
Temperature change on land,Gabon,Meteorological year,2010,GAB,8356.74662,36.40355464,1.127
Temperature change on land,Gabon,Meteorological year,2011,GAB,10219.11393,36.29586935,0.586
Temperature change on land,Gabon,Meteorological year,2012,GAB,9296.965879,36.29362511,0.593
Temperature change on land,Gabon,Meteorological year,2013,GAB,9197.701063,36.35914998,0.692
Temperature change on land,Gabon,Meteorological year,2014,GAB,9201.362766,36.45619896,0.766
Temperature change on land,Gabon,Meteorological year,2015,GAB,7047.126546,36.5515681,0.894
Temperature change on land,Gabon,Meteorological year,2016,GAB,6677.070039,36.66070263,1.432
Temperature change on land,Gabon,Meteorological year,2017,GAB,6921.733731,36.80854288,1.213
Temperature change on land,Gabon,Meteorological year,2018,GAB,7624.277523,36.98558842,0.963
Temperature change on land,Gabon,Meteorological year,2019,GAB,7441.178647,37.18161876,1.404
Temperature change on land,Gabon,Meteorological year,2020,GAB,6605.803461,37.71872356,1.29
Temperature change on land,Gabon,Meteorological year,2021,GAB,8181.409141,38.48306033,1.03
Temperature change on land,Gambia,Meteorological year,1990,GMB,300.6398957,25.54035276,1.127
Temperature change on land,Gambia,Meteorological year,1991,GMB,627.5789193,25.5140865,0.78
Temperature change on land,Gambia,Meteorological year,1992,GMB,623.4859278,25.53549416,0.824
Temperature change on land,Gambia,Meteorological year,1993,GMB,635.3611677,25.59460196,1.017
Temperature change on land,Gambia,Meteorological year,1994,GMB,608.2774908,25.6818444,0.783
Temperature change on land,Gambia,Meteorological year,1995,GMB,621.6813913,25.78735534,0.849
Temperature change on land,Gambia,Meteorological year,1996,GMB,651.7849457,26.03140137,1.109
Temperature change on land,Gambia,Meteorological year,1997,GMB,600.2240234,26.46392263,1.271
Temperature change on land,Gambia,Meteorological year,1998,GMB,610.2347115,26.96971239,1.5
Temperature change on land,Gambia,Meteorological year,1999,GMB,575.4598932,27.43251155,0.702
Temperature change on land,Gambia,Meteorological year,2000,GMB,538.0540723,27.73609638,0.914
Temperature change on land,Gambia,Meteorological year,2001,GMB,459.8030684,27.91227175,1.265
Temperature change on land,Gambia,Meteorological year,2002,GMB,376.531027,28.06690049,1.348
Temperature change on land,Gambia,Meteorological year,2003,GMB,308.7191234,28.20057936,1.091
Temperature change on land,Gambia,Meteorological year,2004,GMB,593.2853463,28.31412949,1.182
Temperature change on land,Gambia,Meteorological year,2005,GMB,616.4836579,28.41012767,1.523
Temperature change on land,Gambia,Meteorological year,2006,GMB,614.5443079,28.49560184,1.219
Temperature change on land,Gambia,Meteorological year,2007,GMB,724.7264072,28.57351188,1.095
Temperature change on land,Gambia,Meteorological year,2008,GMB,859.1276714,28.64293547,1.373
Temperature change on land,Gambia,Meteorological year,2009,GMB,774.8880309,28.70307261,0.67
Temperature change on land,Gambia,Meteorological year,2010,GMB,801.0333727,28.75316493,1.251
Temperature change on land,Gambia,Meteorological year,2011,GMB,710.6084115,28.80034192,1.004
Temperature change on land,Gambia,Meteorological year,2012,GMB,692.5793616,28.85316593,0.913
Temperature change on land,Gambia,Meteorological year,2013,GMB,653.8627133,28.91164978,0.998
Temperature change on land,Gambia,Meteorological year,2014,GMB,568.0045356,28.97597399,1.195
Temperature change on land,Gambia,Meteorological year,2015,GMB,619.5363643,29.0458073,1.217
Temperature change on land,Gambia,Meteorological year,2016,GMB,650.0565013,29.14236016,1.657
Temperature change on land,Gambia,Meteorological year,2017,GMB,642.5226413,29.28126216,1.738
Temperature change on land,Gambia,Meteorological year,2018,GMB,696.219807,29.45455465,1.035
Temperature change on land,Gambia,Meteorological year,2019,GMB,738.186752,29.65435531,1.344
Temperature change on land,Gambia,Meteorological year,2020,GMB,720.3351434,30.18526215,1.853
Temperature change on land,Gambia,Meteorological year,2021,GMB,781.8909252,31.51760541,1.72
Temperature change on land,Georgia,Meteorological year,1992,GEO,757.2235485,33.32765572,-1.161
Temperature change on land,Georgia,Meteorological year,1993,GEO,550.0155426,33.32803741,-1.225
Temperature change on land,Georgia,Meteorological year,1994,GEO,519.8161871,33.34467793,0.435
Temperature change on land,Georgia,Meteorological year,1995,GEO,578.3367633,33.38372143,0.726
Temperature change on land,Georgia,Meteorological year,1996,GEO,689.0344137,33.43590563,0.179
Temperature change on land,Georgia,Meteorological year,1997,GEO,807.0322858,33.48550421,0.344
Temperature change on land,Georgia,Meteorological year,1998,GEO,851.5155425,33.52887384,1.264
Temperature change on land,Georgia,Meteorological year,1999,GEO,673.5377829,33.56322975,1.222
Temperature change on land,Georgia,Meteorological year,2000,GEO,749.908535,33.5833465,0.954
Temperature change on land,Georgia,Meteorological year,2001,GEO,801.9838371,33.60004653,1.253
Temperature change on land,Georgia,Meteorological year,2002,GEO,853.5261719,33.62677316,1.046
Temperature change on land,Georgia,Meteorological year,2003,GEO,1010.031516,33.66894604,-0.256
Temperature change on land,Georgia,Meteorological year,2004,GEO,1305.047486,33.72712668,0.855
Temperature change on land,Georgia,Meteorological year,2005,GEO,1642.783594,33.80386451,0.516
Temperature change on land,Georgia,Meteorological year,2006,GEO,1996.020133,33.91915029,1.218
Temperature change on land,Georgia,Meteorological year,2007,GEO,2635.366503,34.08561752,0.877
Temperature change on land,Georgia,Meteorological year,2008,GEO,3324.753721,34.29884211,0.649
Temperature change on land,Georgia,Meteorological year,2009,GEO,2822.689397,34.55405353,0.632
Temperature change on land,Georgia,Meteorological year,2010,GEO,3281.729309,34.84835118,2.402
Temperature change on land,Georgia,Meteorological year,2011,GEO,4119.668183,35.21513789,0.408
Temperature change on land,Georgia,Meteorological year,2012,GEO,4530.695334,35.66627888,1.235
Temperature change on land,Georgia,Meteorological year,2013,GEO,4712.002294,36.17338713,1.35
Temperature change on land,Georgia,Meteorological year,2014,GEO,4830.334862,36.70703417,1.209
Temperature change on land,Georgia,Meteorological year,2015,GEO,4086.622347,37.23702379,1.705
Temperature change on land,Georgia,Meteorological year,2016,GEO,4143.401257,38.00235286,1.325
Temperature change on land,Georgia,Meteorological year,2017,GEO,4418.752065,39.04220884,0.749
Temperature change on land,Georgia,Meteorological year,2018,GEO,4804.054604,40.02783071,2.459
Temperature change on land,Georgia,Meteorological year,2019,GEO,4741.283272,40.63281211,1.683
Temperature change on land,Georgia,Meteorological year,2020,GEO,4300.857013,40.70745446,1.975
Temperature change on land,Georgia,Meteorological year,2021,GEO,5083.606955,43.87547314,1.722
Temperature change on land,Germany,Meteorological year,1990,DEU,22385.67783,96.62385168,1.575
Temperature change on land,Germany,Meteorological year,1991,DEU,23443.33508,97.81447254,0.291
Temperature change on land,Germany,Meteorological year,1992,DEU,26559.85439,98.75918921,1.232
Temperature change on land,Germany,Meteorological year,1993,DEU,25616.65088,99.44231172,0.314
Temperature change on land,Germany,Meteorological year,1994,DEU,27201.95936,99.84820203,1.628
Temperature change on land,Germany,Meteorological year,1995,DEU,31747.24494,99.96784539,1.311
Temperature change on land,Germany,Meteorological year,1996,DEU,30599.7891,99.59364876,-0.695
Temperature change on land,Germany,Meteorological year,1997,DEU,27046.95655,98.66222798,0.564
Temperature change on land,Germany,Meteorological year,1998,DEU,27395.94406,97.37666529,1.158
Temperature change on land,Germany,Meteorological year,1999,DEU,26965.49228,95.93886238,1.371
Temperature change on land,Germany,Meteorological year,2000,DEU,23925.85599,94.55304273,1.768
Temperature change on land,Germany,Meteorological year,2001,DEU,23878.36415,92.92934747,1.296
Temperature change on land,Germany,Meteorological year,2002,DEU,25486.5942,90.83326484,1.493
Temperature change on land,Germany,Meteorological year,2003,DEU,30711.10225,88.55542977,1.259
Temperature change on land,Germany,Meteorological year,2004,DEU,34566.73591,86.3903057,0.998
Temperature change on land,Germany,Meteorological year,2005,DEU,35084.43635,84.6337458,1.024
Temperature change on land,Germany,Meteorological year,2006,DEU,36980.33499,83.11533186,1.256
Temperature change on land,Germany,Meteorological year,2007,DEU,42350.92172,81.5701613,2.091
Temperature change on land,Germany,Meteorological year,2008,DEU,46386.32959,80.14244701,1.543
Temperature change on land,Germany,Meteorological year,2009,DEU,42487.21371,78.97778832,1.28
Temperature change on land,Germany,Meteorological year,2010,DEU,42409.9357,78.22675794,0.196
Temperature change on land,Germany,Meteorological year,2011,DEU,47646.58204,77.76088659,1.121
Temperature change on land,Germany,Meteorological year,2012,DEU,44735.58823,77.3656558,1.35
Temperature change on land,Germany,Meteorological year,2013,DEU,47220.01021,77.04514939,0.584
Temperature change on land,Germany,Meteorological year,2014,DEU,48971.08247,76.80294898,2.519
Temperature change on land,Germany,Meteorological year,2015,DEU,41911.01099,76.64899863,1.675
Temperature change on land,Germany,Meteorological year,2016,DEU,42961.03569,76.63635353,1.989
Temperature change on land,Germany,Meteorological year,2017,DEU,45526.59996,76.75202354,1.652
Temperature change on land,Germany,Meteorological year,2018,DEU,48874.8595,76.90840924,2.393
Temperature change on land,Germany,Meteorological year,2019,DEU,47623.86561,77.01713369,2.328
Temperature change on land,Germany,Meteorological year,2020,DEU,47379.76519,77.07002043,2.512
Temperature change on land,Germany,Meteorological year,2021,DEU,52265.65416,77.62807985,1.321
Temperature change on land,Ghana,Meteorological year,1990,GHA,382.5424637,23.46754047,0.568
Temperature change on land,Ghana,Meteorological year,1991,GHA,418.2541213,23.53194676,0.431
Temperature change on land,Ghana,Meteorological year,1992,GHA,396.4264076,23.62941821,0.187
Temperature change on land,Ghana,Meteorological year,1993,GHA,359.8008441,23.75255866,0.495
Temperature change on land,Ghana,Meteorological year,1994,GHA,320.5039034,23.89371428,0.514
Temperature change on land,Ghana,Meteorological year,1995,GHA,371.537243,24.04708759,0.773
Temperature change on land,Ghana,Meteorological year,1996,GHA,389.2712679,24.27270754,0.688
Temperature change on land,Ghana,Meteorological year,1997,GHA,377.8419355,24.59577719,0.478
Temperature change on land,Ghana,Meteorological year,1998,GHA,400.3667995,24.95878654,1.208
Temperature change on land,Ghana,Meteorological year,1999,GHA,403.0373261,25.30423714,0.62
Temperature change on land,Ghana,Meteorological year,2000,GHA,253.7469362,25.57493877,0.495
Temperature change on land,Ghana,Meteorological year,2001,GHA,263.5421565,25.77941127,0.598
Temperature change on land,Ghana,Meteorological year,2002,GHA,297.4616447,25.96712187,0.848
Temperature change on land,Ghana,Meteorological year,2003,GHA,358.3992714,26.14218962,1.067
Temperature change on land,Ghana,Meteorological year,2004,GHA,406.1321053,26.30897629,0.78
Temperature change on land,Ghana,Meteorological year,2005,GHA,478.6119092,26.47247033,1.021
Temperature change on land,Ghana,Meteorological year,2006,GHA,906.4410276,26.65667437,1.048
Temperature change on land,Ghana,Meteorological year,2007,GHA,1050.124615,26.86397414,0.949
Temperature change on land,Ghana,Meteorological year,2008,GHA,1182.657613,27.06741982,0.728
Temperature change on land,Ghana,Meteorological year,2009,GHA,1047.704301,27.24039769,0.873
Temperature change on land,Ghana,Meteorological year,2010,GHA,1263.892518,27.35683729,1.245
Temperature change on land,Ghana,Meteorological year,2011,GHA,1507.435732,27.3941593,0.872
Temperature change on land,Ghana,Meteorological year,2012,GHA,1543.775242,27.3763459,0.635
Temperature change on land,Ghana,Meteorological year,2013,GHA,2294.025645,27.34765425,0.897
Temperature change on land,Ghana,Meteorological year,2014,GHA,1953.645136,27.35281566,0.892
Temperature change on land,Ghana,Meteorological year,2015,GHA,1721.699644,27.43676341,1.109
Temperature change on land,Ghana,Meteorological year,2016,GHA,1913.186733,27.63614435,1.238
Temperature change on land,Ghana,Meteorological year,2017,GHA,2012.970258,27.92893961,1.335
Temperature change on land,Ghana,Meteorological year,2018,GHA,2196.612906,28.27089218,1.143
Temperature change on land,Ghana,Meteorological year,2019,GHA,2186.189241,28.61733655,1.247
Temperature change on land,Ghana,Meteorological year,2020,GHA,2196.547893,29.23961341,1.294
Temperature change on land,Ghana,Meteorological year,2021,GHA,2445.500818,30.40640617,1.53
Temperature change on land,Greece,Meteorological year,1990,GRC,9466.662385,35.7052999,0.363
Temperature change on land,Greece,Meteorological year,1991,GRC,10046.66639,35.1712911,-0.21
Temperature change on land,Greece,Meteorological year,1992,GRC,11021.01222,34.67345871,-0.54
Temperature change on land,Greece,Meteorological year,1993,GRC,10257.30858,34.24066539,-0.33
Temperature change on land,Greece,Meteorological year,1994,GRC,10937.02238,33.89704049,1.066
Temperature change on land,Greece,Meteorological year,1995,GRC,12779.08149,33.6658761,-0.041
Temperature change on land,Greece,Meteorological year,1996,GRC,13432.52622,33.47787605,-0.16
Temperature change on land,Greece,Meteorological year,1997,GRC,13015.9175,33.27259525,-0.188
Temperature change on land,Greece,Meteorological year,1998,GRC,13022.96488,33.08586129,0.645
Temperature change on land,Greece,Meteorological year,1999,GRC,12742.54044,32.95853687,0.814
Temperature change on land,Greece,Meteorological year,2000,GRC,11638.20107,32.92768053,0.691
Temperature change on land,Greece,Meteorological year,2001,GRC,12156.95728,32.99473287,1.329
Temperature change on land,Greece,Meteorological year,2002,GRC,13782.19564,33.11963999,0.458
Temperature change on land,Greece,Meteorological year,2003,GRC,18020.61204,33.27544857,0.411
Temperature change on land,Greece,Meteorological year,2004,GRC,21449.25528,33.42903534,0.358
Temperature change on land,Greece,Meteorological year,2005,GRC,22054.13158,33.55154794,0.223
Temperature change on land,Greece,Meteorological year,2006,GRC,24416.0233,33.66720571,0.274
Temperature change on land,Greece,Meteorological year,2007,GRC,28440.76253,33.80282073,1.09
Temperature change on land,Greece,Meteorological year,2008,GRC,31695.83311,33.93235714,0.873
Temperature change on land,Greece,Meteorological year,2009,GRC,29425.45732,34.02948117,0.753
Temperature change on land,Greece,Meteorological year,2010,GRC,26653.0488,34.06883074,1.567
Temperature change on land,Greece,Meteorological year,2011,GRC,25504.78665,34.02134199,0.388
Temperature change on land,Greece,Meteorological year,2012,GRC,21624.34605,33.91007889,1.227
Temperature change on land,Greece,Meteorological year,2013,GRC,21573.34498,33.78143226,1.316
Temperature change on land,Greece,Meteorological year,2014,GRC,21474.72571,33.68223101,1.068
Temperature change on land,Greece,Meteorological year,2015,GRC,17980.72982,33.661138,0.894
Temperature change on land,Greece,Meteorological year,2016,GRC,17919.24264,34.07478411,1.565
Temperature change on land,Greece,Meteorological year,2017,GRC,18631.99301,34.95812416,0.639
Temperature change on land,Greece,Meteorological year,2018,GRC,19873.40152,35.87557056,1.895
Temperature change on land,Greece,Meteorological year,2019,GRC,19335.3602,36.38759426,1.363
Temperature change on land,Greece,Meteorological year,2020,GRC,17886.73317,36.41035391,1.275
Temperature change on land,Greece,Meteorological year,2021,GRC,20654.7002,42.08108312,1.631
Temperature change on land,Greenland,Meteorological year,1990,GRL,18326.9295,641.8165348,-0.458
Temperature change on land,Greenland,Meteorological year,1991,GRL,18315.31656,649.9731194,-0.319
Temperature change on land,Greenland,Meteorological year,1992,GRL,18768.82753,656.4865981,-1.356
Temperature change on land,Greenland,Meteorological year,1993,GRL,16797.35782,661.0430433,-1.522
Temperature change on land,Greenland,Meteorological year,1994,GRL,18124.09981,663.4668845,-0.575
Temperature change on land,Greenland,Meteorological year,1995,GRL,21665.82952,664.9054458,-0.431
Temperature change on land,Greenland,Meteorological year,1996,GRL,21422.46099,664.2538339,0.617
Temperature change on land,Greenland,Meteorological year,1997,GRL,19145.61489,664.0688898,0.417
Temperature change on land,Greenland,Meteorological year,1998,GRL,20496.57878,661.8992648,1.242
Temperature change on land,Greenland,Meteorological year,1999,GRL,20170.32276,658.386625,0.41
Temperature change on land,Greenland,Meteorological year,2000,GRL,19004.00384,653.729794,0.899
Temperature change on land,Greenland,Meteorological year,2001,GRL,19275.43397,647.0691126,0.852
Temperature change on land,Greenland,Meteorological year,2002,GRL,20652.8417,637.7804539,1.07
Temperature change on land,Greenland,Meteorological year,2003,GRL,27459.87533,626.2984322,2.361
Temperature change on land,Greenland,Meteorological year,2004,GRL,32023.68205,614.9697026,1.472
Temperature change on land,Greenland,Meteorological year,2005,GRL,32489.72773,604.4776687,1.899
Temperature change on land,Greenland,Meteorological year,2006,GRL,35458.2543,594.5445989,1.677
Temperature change on land,Greenland,Meteorological year,2007,GRL,39780.94414,583.2201578,1.409
Temperature change on land,Greenland,Meteorological year,2008,GRL,44366.78587,571.921012,0.866
Temperature change on land,Greenland,Meteorological year,2009,GRL,44918.84138,560.8532684,0.83
Temperature change on land,Greenland,Meteorological year,2010,GRL,43988.52803,552.3772844,3.231
Temperature change on land,Greenland,Meteorological year,2011,GRL,47186.876,545.136052,1.618
Temperature change on land,Greenland,Meteorological year,2012,GRL,45936.95628,538.0009986,1.544
Temperature change on land,Greenland,Meteorological year,2013,GRL,47535.48838,531.0520906,1.41
Temperature change on land,Greenland,Meteorological year,2014,GRL,50485.22441,524.5112811,1.651
Temperature change on land,Greenland,Meteorological year,2015,GRL,44536.35497,517.81925,0.127
Temperature change on land,Greenland,Meteorological year,2016,GRL,48181.74535,509.6988268,2.362
Temperature change on land,Greenland,Meteorological year,2017,GRL,50765.74947,500.9531367,1.159
Temperature change on land,Greenland,Meteorological year,2018,GRL,54545.13586,493.3779218,0.916
Temperature change on land,Greenland,Meteorological year,2019,GRL,53309.20359,489.3277733,2.126
Temperature change on land,Greenland,Meteorological year,2020,GRL,54693.07668,489.8988684,1.104
Temperature change on land,Greenland,Meteorological year,2021,GRL,57116.29577,456.6132581,2.18
Temperature change on land,Grenada,Meteorological year,1990,GRD,2782.183969,16.42305125,0.137
Temperature change on land,Grenada,Meteorological year,1991,GRD,2983.916432,16.36849575,0.318
Temperature change on land,Grenada,Meteorological year,1992,GRD,3052.700187,16.30672481,0.351
Temperature change on land,Grenada,Meteorological year,1993,GRD,3026.041542,16.24076941,0.468
Temperature change on land,Grenada,Meteorological year,1994,GRD,3152.202048,16.17422264,0.466
Temperature change on land,Grenada,Meteorological year,1995,GRD,3294.269883,16.10974525,0.791
Temperature change on land,Grenada,Meteorological year,1996,GRD,3508.294237,16.02365838,0.501
Temperature change on land,Grenada,Meteorological year,1997,GRD,3724.754662,15.902087,0.649
Temperature change on land,Grenada,Meteorological year,1998,GRD,4206.280529,15.76322835,1.341
Temperature change on land,Grenada,Meteorological year,1999,GRD,4516.283324,15.62506378,0.73
Temperature change on land,Grenada,Meteorological year,2000,GRD,4839.828111,15.50590889,0.671
Temperature change on land,Grenada,Meteorological year,2001,GRD,4819.507767,15.34529655,0.764
Temperature change on land,Grenada,Meteorological year,2002,GRD,4984.474059,15.10541135,0.586
Temperature change on land,Grenada,Meteorological year,2003,GRD,5427.963773,14.8415105,0.968
Temperature change on land,Grenada,Meteorological year,2004,GRD,5480.261176,14.61011537,0.473
Temperature change on land,Grenada,Meteorological year,2005,GRD,6338.560114,14.46965572,1.258
Temperature change on land,Grenada,Meteorological year,2006,GRD,6344.038377,14.39735172,0.792
Temperature change on land,Grenada,Meteorological year,2007,GRD,6864.548168,14.3308516,0.774
Temperature change on land,Grenada,Meteorological year,2008,GRD,7448.204056,14.26968098,0.623
Temperature change on land,Grenada,Meteorological year,2009,GRD,6932.564722,14.21312846,0.614
Temperature change on land,Grenada,Meteorological year,2010,GRD,6909.601696,14.16086168,1.394
Temperature change on land,Grenada,Meteorological year,2011,GRD,6947.381361,14.09365786,0.873
Temperature change on land,Grenada,Meteorological year,2012,GRD,7092.719854,14.0066654,0.735
Temperature change on land,Grenada,Meteorological year,2013,GRD,7424.802123,13.92262512,0.94
Temperature change on land,Grenada,Meteorological year,2014,GRD,7986.334212,13.8657206,0.765
Temperature change on land,Grenada,Meteorological year,2015,GRD,8694.12438,13.86015362,0.997
Temperature change on land,Grenada,Meteorological year,2016,GRD,9221.234611,14.03068325,0.99
Temperature change on land,Grenada,Meteorological year,2017,GRD,9751.426612,14.3821191,1.444
Temperature change on land,Grenada,Meteorological year,2018,GRD,10083.02128,14.7604937,0.901
Temperature change on land,Grenada,Meteorological year,2019,GRD,10462.79292,15.01287893,1.457
Temperature change on land,Grenada,Meteorological year,2020,GRD,8968.558901,15.12838881,1.692
Temperature change on land,Grenada,Meteorological year,2021,GRD,9622.240505,17.26949959,1.282
Temperature change on land,Guatemala,Meteorological year,1990,GTM,847.6885618,15.33064188,0.408
Temperature change on land,Guatemala,Meteorological year,1991,GTM,1014.402797,15.97617509,0.705
Temperature change on land,Guatemala,Meteorological year,1992,GTM,1096.45977,16.65041407,0.552
Temperature change on land,Guatemala,Meteorological year,1993,GTM,1165.674427,17.34830809,0.473
Temperature change on land,Guatemala,Meteorological year,1994,GTM,1292.672028,18.06451985,0.741
Temperature change on land,Guatemala,Meteorological year,1995,GTM,1421.061778,18.79376945,0.762
Temperature change on land,Guatemala,Meteorological year,1996,GTM,1481.059868,19.64681263,0.285
Temperature change on land,Guatemala,Meteorological year,1997,GTM,1638.462819,20.63586723,0.877
Temperature change on land,Guatemala,Meteorological year,1998,GTM,1741.201142,21.60764097,1.053
Temperature change on land,Guatemala,Meteorological year,1999,GTM,1603.647761,22.40907267,0.659
Temperature change on land,Guatemala,Meteorological year,2000,GTM,1648.96579,22.88719603,0.274
Temperature change on land,Guatemala,Meteorological year,2001,GTM,1537.686636,23.13050076,0.336
Temperature change on land,Guatemala,Meteorological year,2002,GTM,1669.335175,23.32356681,0.666
Temperature change on land,Guatemala,Meteorological year,2003,GTM,1722.547019,23.4582269,1.131
Temperature change on land,Guatemala,Meteorological year,2004,GTM,1840.911849,23.52644598,0.804
Temperature change on land,Guatemala,Meteorological year,2005,GTM,2046.466117,23.52013055,0.924
Temperature change on land,Guatemala,Meteorological year,2006,GTM,2225.123475,23.30347401,0.736
Temperature change on land,Guatemala,Meteorological year,2007,GTM,2458.815739,22.82360062,0.742
Temperature change on land,Guatemala,Meteorological year,2008,GTM,2763.059882,22.19610403,0.311
Temperature change on land,Guatemala,Meteorological year,2009,GTM,2611.646328,21.53650181,0.844
Temperature change on land,Guatemala,Meteorological year,2010,GTM,2805.259602,20.96029155,0.778
Temperature change on land,Guatemala,Meteorological year,2011,GTM,3168.983706,20.40063506,0.516
Temperature change on land,Guatemala,Meteorological year,2012,GTM,3286.619593,19.76792279,0.616
Temperature change on land,Guatemala,Meteorological year,2013,GTM,3444.159718,19.14254089,0.712
Temperature change on land,Guatemala,Meteorological year,2014,GTM,3689.144725,18.60463499,0.699
Temperature change on land,Guatemala,Meteorological year,2015,GTM,3893.505218,18.23472682,1.141
Temperature change on land,Guatemala,Meteorological year,2016,GTM,4060.137556,17.99492712,1.435
Temperature change on land,Guatemala,Meteorological year,2017,GTM,4324.996079,17.80659843,1.078
Temperature change on land,Guatemala,Meteorological year,2018,GTM,4352.946518,17.68987114,0.891
Temperature change on land,Guatemala,Meteorological year,2019,GTM,4511.997552,17.66497343,1.405
Temperature change on land,Guatemala,Meteorological year,2020,GTM,4477.617618,17.86352233,1.701
Temperature change on land,Guatemala,Meteorological year,2021,GTM,4913.947129,17.86523008,1.433
Temperature change on land,Guinea,Meteorological year,1990,GIN,604.3044227,26.6680477,0.711
Temperature change on land,Guinea,Meteorological year,1991,GIN,656.4237312,26.77485177,0.72
Temperature change on land,Guinea,Meteorological year,1992,GIN,692.6478027,26.89903067,0.382
Temperature change on land,Guinea,Meteorological year,1993,GIN,670.7417782,27.04388691,0.748
Temperature change on land,Guinea,Meteorological year,1994,GIN,671.5763851,27.2010692,0.506
Temperature change on land,Guinea,Meteorological year,1995,GIN,713.0314606,27.36141448,0.506
Temperature change on land,Guinea,Meteorological year,1996,GIN,726.0254426,27.56194113,0.816
Temperature change on land,Guinea,Meteorological year,1997,GIN,695.5817423,27.83771884,0.813
Temperature change on land,Guinea,Meteorological year,1998,GIN,647.3799208,28.15636791,1.239
Temperature change on land,Guinea,Meteorological year,1999,GIN,610.6148429,28.47708573,0.562
Temperature change on land,Guinea,Meteorological year,2000,GIN,518.1570669,28.77410598,0.71
Temperature change on land,Guinea,Meteorological year,2001,GIN,483.0851202,29.07711701,0.829
Temperature change on land,Guinea,Meteorological year,2002,GIN,495.9160736,29.42352216,1.164
Temperature change on land,Guinea,Meteorological year,2003,GIN,566.4854059,29.77851659,1.06
Temperature change on land,Guinea,Meteorological year,2004,GIN,584.8977405,30.11914717,1.103
Temperature change on land,Guinea,Meteorological year,2005,GIN,463.1776869,30.42364248,1.206
Temperature change on land,Guinea,Meteorological year,2006,GIN,446.9805541,30.73765845,1.125
Temperature change on land,Guinea,Meteorological year,2007,GIN,650.1485753,31.10327253,0.99
Temperature change on land,Guinea,Meteorological year,2008,GIN,703.5328258,31.46720895,1.099
Temperature change on land,Guinea,Meteorological year,2009,GIN,662.1859147,31.77844755,0.973
Temperature change on land,Guinea,Meteorological year,2010,GIN,659.2353262,31.9838109,1.331
Temperature change on land,Guinea,Meteorological year,2011,GIN,636.6949587,32.09828195,1.07
Temperature change on land,Guinea,Meteorological year,2012,GIN,699.3533772,32.1863755,0.535
Temperature change on land,Guinea,Meteorological year,2013,GIN,748.4550208,32.26321793,0.927
Temperature change on land,Guinea,Meteorological year,2014,GIN,765.1469994,32.3440495,0.823
Temperature change on land,Guinea,Meteorological year,2015,GIN,747.3569668,32.44504748,1.147
Temperature change on land,Guinea,Meteorological year,2016,GIN,711.9965098,32.62234993,1.123
Temperature change on land,Guinea,Meteorological year,2017,GIN,833.5986217,32.89580857,1.452
Temperature change on land,Guinea,Meteorological year,2018,GIN,933.2736156,33.22116287,1.079
Temperature change on land,Guinea,Meteorological year,2019,GIN,1031.341465,33.55358393,1.235
Temperature change on land,Guinea,Meteorological year,2020,GIN,1053.660977,34.15312188,1.31
Temperature change on land,Guinea,Meteorological year,2021,GIN,1244.965505,33.27634554,1.583
Temperature change on land,Guinea-Bissau,Meteorological year,1990,GNB,651.3376407,37.92522642,0.988
Temperature change on land,Guinea-Bissau,Meteorological year,1991,GNB,672.0738788,38.21887971,0.762
Temperature change on land,Guinea-Bissau,Meteorological year,1992,GNB,574.3211064,38.49506056,0.683
Temperature change on land,Guinea-Bissau,Meteorological year,1993,GNB,581.6126818,38.7395127,0.872
Temperature change on land,Guinea-Bissau,Meteorological year,1994,GNB,560.8834225,38.9377431,0.728
Temperature change on land,Guinea-Bissau,Meteorological year,1995,GNB,589.4870231,39.07494164,0.767
Temperature change on land,Guinea-Bissau,Meteorological year,1996,GNB,614.7298925,39.18351925,0.942
Temperature change on land,Guinea-Bissau,Meteorological year,1997,GNB,598.9534702,39.30308643,1.087
Temperature change on land,Guinea-Bissau,Meteorological year,1998,GNB,497.7242796,39.42799733,1.506
Temperature change on land,Guinea-Bissau,Meteorological year,1999,GNB,478.733191,39.55185339,0.707
Temperature change on land,Guinea-Bissau,Meteorological year,2000,GNB,316.945495,39.66663974,0.955
Temperature change on land,Guinea-Bissau,Meteorological year,2001,GNB,327.138432,39.82538084,1.205
Temperature change on land,Guinea-Bissau,Meteorological year,2002,GNB,362.0345746,40.05068365,1.259
Temperature change on land,Guinea-Bissau,Meteorological year,2003,GNB,419.7848661,40.29454918,1.034
Temperature change on land,Guinea-Bissau,Meteorological year,2004,GNB,431.3765577,40.50954913,1.17
Temperature change on land,Guinea-Bissau,Meteorological year,2005,GNB,463.0739627,40.64773949,1.436
Temperature change on land,Guinea-Bissau,Meteorological year,2006,GNB,448.5130755,40.70985699,1.178
Temperature change on land,Guinea-Bissau,Meteorological year,2007,GNB,519.0697898,40.73640074,0.976
Temperature change on land,Guinea-Bissau,Meteorological year,2008,GNB,640.2103311,40.74033028,1.347
Temperature change on land,Guinea-Bissau,Meteorological year,2009,GNB,583.1900201,40.73472374,0.791
Temperature change on land,Guinea-Bissau,Meteorological year,2010,GNB,600.1942985,40.7323222,1.192
Temperature change on land,Guinea-Bissau,Meteorological year,2011,GNB,719.5395735,40.72551063,1.024
Temperature change on land,Guinea-Bissau,Meteorological year,2012,GNB,635.4616533,40.70332729,0.801
Temperature change on land,Guinea-Bissau,Meteorological year,2013,GNB,654.3045344,40.67470429,0.868
Temperature change on land,Guinea-Bissau,Meteorological year,2014,GNB,652.022501,40.64882621,1.067
Temperature change on land,Guinea-Bissau,Meteorological year,2015,GNB,645.0668372,40.63442836,1.129
Temperature change on land,Guinea-Bissau,Meteorological year,2016,GNB,679.6653866,40.62430323,1.442
Temperature change on land,Guinea-Bissau,Meteorological year,2017,GNB,783.1231866,40.62756574,1.523
Temperature change on land,Guinea-Bissau,Meteorological year,2018,GNB,808.5316132,40.67450817,1.019
Temperature change on land,Guinea-Bissau,Meteorological year,2019,GNB,807.359904,40.79553817,1.319
Temperature change on land,Guinea-Bissau,Meteorological year,2020,GNB,817.7803357,41.4048855,1.704
Temperature change on land,Guinea-Bissau,Meteorological year,2021,GNB,900.4077808,39.75500863,1.662
Temperature change on land,Guyana,Meteorological year,1990,GUY,528.8510953,59.51278978,0.576
Temperature change on land,Guyana,Meteorological year,1991,GUY,466.039939,60.03037409,0.187
Temperature change on land,Guyana,Meteorological year,1992,GUY,498.1566366,60.57338619,0.142
Temperature change on land,Guyana,Meteorological year,1993,GUY,603.0843167,61.12037702,0.078
Temperature change on land,Guyana,Meteorological year,1994,GUY,715.6115252,61.65059487,0.35
Temperature change on land,Guyana,Meteorological year,1995,GUY,819.6685416,62.14683034,0.863
Temperature change on land,Guyana,Meteorological year,1996,GUY,927.5238472,62.72254282,0.558
Temperature change on land,Guyana,Meteorological year,1997,GUY,982.8047538,63.43172513,0.694
Temperature change on land,Guyana,Meteorological year,1998,GUY,939.6854882,64.16513368,1.17
Temperature change on land,Guyana,Meteorological year,1999,GUY,908.7906314,64.81527652,0.51
Temperature change on land,Guyana,Meteorological year,2000,GUY,931.7966517,65.27178687,0.846
Temperature change on land,Guyana,Meteorological year,2001,GUY,931.5747238,65.639306,0.836
Temperature change on land,Guyana,Meteorological year,2002,GUY,950.8669325,66.05721919,1.022
Temperature change on land,Guyana,Meteorological year,2003,GUY,973.7425981,66.4662242,1.175
Temperature change on land,Guyana,Meteorological year,2004,GUY,1033.310309,66.80826332,1.034
Temperature change on land,Guyana,Meteorological year,2005,GUY,1084.065414,67.02445373,1.385
Temperature change on land,Guyana,Meteorological year,2006,GUY,3135.605535,67.09001594,1.062
Temperature change on land,Guyana,Meteorological year,2007,GUY,3608.286852,67.04143766,1.084
Temperature change on land,Guyana,Meteorological year,2008,GUY,4008.962867,66.91203641,0.974
Temperature change on land,Guyana,Meteorological year,2009,GUY,4209.132306,66.73723912,1.451
Temperature change on land,Guyana,Meteorological year,2010,GUY,4581.761797,66.55348053,1.467
Temperature change on land,Guyana,Meteorological year,2011,GUY,4947.221706,66.35511566,1.095
Temperature change on land,Guyana,Meteorological year,2012,GUY,5444.397519,66.13336419,1.183
Temperature change on land,Guyana,Meteorological year,2013,GUY,5556.912312,65.92215734,1.115
Temperature change on land,Guyana,Meteorological year,2014,GUY,5472.688205,65.75388401,1.409
Temperature change on land,Guyana,Meteorological year,2015,GUY,5640.415606,65.66088423,1.855
Temperature change on land,Guyana,Meteorological year,2016,GUY,5870.878238,65.63941571,1.931
Temperature change on land,Guyana,Meteorological year,2017,GUY,6178.665044,65.69790712,1.446
Temperature change on land,Guyana,Meteorological year,2018,GUY,6048.386972,65.90000599,1.287
Temperature change on land,Guyana,Meteorological year,2019,GUY,6405.824434,66.29780829,1.29
Temperature change on land,Guyana,Meteorological year,2020,GUY,6775.709391,68.18132247,1.608
Temperature change on land,Guyana,Meteorological year,2021,GUY,9860.872334,63.72643675,1.248
Temperature change on land,Haiti,Meteorological year,1990,HTI,451.7202497,25.63408718,0.792
Temperature change on land,Haiti,Meteorological year,1991,HTI,496.5459874,25.52642015,0.797
Temperature change on land,Haiti,Meteorological year,1992,HTI,316.2765131,25.40738191,0.456
Temperature change on land,Haiti,Meteorological year,1993,HTI,258.0663723,25.28607043,0.198
Temperature change on land,Haiti,Meteorological year,1994,HTI,292.1342244,25.16994169,0.855
Temperature change on land,Haiti,Meteorological year,1995,HTI,372.0061047,25.06693348,0.795
Temperature change on land,Haiti,Meteorological year,1996,HTI,377.229465,24.92756248,0.296
Temperature change on land,Haiti,Meteorological year,1997,HTI,425.1110859,24.72019035,0.76
Temperature change on land,Haiti,Meteorological year,1998,HTI,465.3633063,24.48219417,0.993
Temperature change on land,Haiti,Meteorological year,1999,HTI,509.5785853,24.25293781,0.772
Temperature change on land,Haiti,Meteorological year,2001,HTI,748.8211598,23.91301422,0.632
Temperature change on land,Haiti,Meteorological year,2002,HTI,720.969568,23.74017989,0.809
Temperature change on land,Haiti,Meteorological year,2003,HTI,578.9952911,23.57162373,1.014
Temperature change on land,Haiti,Meteorological year,2004,HTI,683.1852982,23.42513346,0.792
Temperature change on land,Haiti,Meteorological year,2005,HTI,775.8457041,23.32111646,0.897
Temperature change on land,Haiti,Meteorological year,2006,HTI,828.8057003,23.25708514,0.774
Temperature change on land,Haiti,Meteorological year,2007,HTI,984.5669834,23.2105235,0.912
Temperature change on land,Haiti,Meteorological year,2008,HTI,1094.660584,23.17240441,0.432
Temperature change on land,Haiti,Meteorological year,2009,HTI,1196.852871,23.13492501,0.753
Temperature change on land,Haiti,Meteorological year,2010,HTI,1209.727335,23.05645616,1.02
Temperature change on land,Haiti,Meteorological year,2011,HTI,1312.039536,22.95526433,0.539
Temperature change on land,Haiti,Meteorological year,2012,HTI,1361.393966,22.86928754,0.752
Temperature change on land,Haiti,Meteorological year,2013,HTI,1457.832212,22.78839044,1.034
Temperature change on land,Haiti,Meteorological year,2014,HTI,1460.188986,22.73427758,1.353
Temperature change on land,Haiti,Meteorological year,2015,HTI,1411.126847,22.72885602,1.396
Temperature change on land,Haiti,Meteorological year,2016,HTI,1318.402682,22.82968833,1.327
Temperature change on land,Haiti,Meteorological year,2017,HTI,1395.239452,23.02655475,1.084
Temperature change on land,Haiti,Meteorological year,2018,HTI,1496.38049,23.23926632,1.244
Temperature change on land,Haiti,Meteorological year,2019,HTI,1352.172042,23.3875704,1.502
Temperature change on land,Haiti,Meteorological year,2020,HTI,1290.325387,23.58901942,1.669
Temperature change on land,Haiti,Meteorological year,2021,HTI,1835.443941,23.74207177,1.259
Temperature change on land,Honduras,Meteorological year,1990,HND,988.4592738,11.08838631,0.288
Temperature change on land,Honduras,Meteorological year,1991,HND,907.2711146,10.94882868,0.491
Temperature change on land,Honduras,Meteorological year,1992,HND,937.828918,10.80617931,0.492
Temperature change on land,Honduras,Meteorological year,1993,HND,908.4460133,10.66370832,0.239
Temperature change on land,Honduras,Meteorological year,1994,HND,832.0629724,10.52456128,0.825
Temperature change on land,Honduras,Meteorological year,1995,HND,931.6695473,10.39190285,0.903
Temperature change on land,Honduras,Meteorological year,1996,HND,883.3112498,10.25584677,0.119
Temperature change on land,Honduras,Meteorological year,1997,HND,944.9301024,10.10807875,0.848
Temperature change on land,Honduras,Meteorological year,1998,HND,1021.158188,9.954114814,1.084
Temperature change on land,Honduras,Meteorological year,1999,HND,1002.19633,9.800198008,0.343
Temperature change on land,Honduras,Meteorological year,2000,HND,1092.564007,9.652743646,0.011
Temperature change on land,Honduras,Meteorological year,2001,HND,1132.164875,9.500048832,0.215
Temperature change on land,Honduras,Meteorological year,2002,HND,1132.499653,9.335488716,0.616
Temperature change on land,Honduras,Meteorological year,2003,HND,1156.081627,9.172884349,0.621
Temperature change on land,Honduras,Meteorological year,2004,HND,1215.139954,9.026256599,0.513
Temperature change on land,Honduras,Meteorological year,2005,HND,1304.700392,8.909439099,0.851
Temperature change on land,Honduras,Meteorological year,2006,HND,1425.847801,8.818284464,0.603
Temperature change on land,Honduras,Meteorological year,2007,HND,1577.737892,8.737546547,0.736
Temperature change on land,Honduras,Meteorological year,2008,HND,1732.490627,8.664479914,0.484
Temperature change on land,Honduras,Meteorological year,2009,HND,1781.157036,8.596275524,0.788
Temperature change on land,Honduras,Meteorological year,2010,HND,1893.327227,8.53003908,0.75
Temperature change on land,Honduras,Meteorological year,2011,HND,2073.661211,8.45000864,0.656
Temperature change on land,Honduras,Meteorological year,2012,HND,2126.034747,8.356421071,0.565
Temperature change on land,Honduras,Meteorological year,2013,HND,2081.128435,8.269825117,0.84
Temperature change on land,Honduras,Meteorological year,2014,HND,2179.88172,8.210556709,0.624
Temperature change on land,Honduras,Meteorological year,2015,HND,2271.20266,8.199048556,1.079
Temperature change on land,Honduras,Meteorological year,2016,HND,2307.344684,8.308422777,1.252
Temperature change on land,Honduras,Meteorological year,2017,HND,2413.007656,8.533490791,0.909
Temperature change on land,Honduras,Meteorological year,2018,HND,2464.642415,8.777291274,0.755
Temperature change on land,Honduras,Meteorological year,2019,HND,2502.327443,8.942849037,1.215
Temperature change on land,Honduras,Meteorological year,2020,HND,2307.614943,9.032846277,1.665
Temperature change on land,Honduras,Meteorological year,2021,HND,2735.147515,10.78743514,1.104
Temperature change on land,Hungary,Meteorological year,1990,HUN,3312.698238,154.1541183,1.086
Temperature change on land,Hungary,Meteorological year,1991,HUN,3350.258323,154.3664145,-0.04
Temperature change on land,Hungary,Meteorological year,1992,HUN,3735.10582,154.2574793,0.932
Temperature change on land,Hungary,Meteorological year,1993,HUN,3873.987723,153.8727211,0.089
Temperature change on land,Hungary,Meteorological year,1994,HUN,4173.373024,153.2531824,1.767
Temperature change on land,Hungary,Meteorological year,1995,HUN,4494.707624,152.4433782,0.655
Temperature change on land,Hungary,Meteorological year,1996,HUN,4525.039103,150.4508606,-0.313
Temperature change on land,Hungary,Meteorological year,1997,HUN,4596.182622,146.7872167,-0.125
Temperature change on land,Hungary,Meteorological year,1998,HUN,4744.212264,142.2617414,1.103
Temperature change on land,Hungary,Meteorological year,1999,HUN,4793.478522,137.6810579,0.623
Temperature change on land,Hungary,Meteorological year,2000,HUN,4624.281657,133.8541179,1.756
Temperature change on land,Hungary,Meteorological year,2001,HUN,5276.033189,130.531518,1.414
Temperature change on land,Hungary,Meteorological year,2002,HUN,6655.333009,127.0545534,1.444
Temperature change on land,Hungary,Meteorological year,2003,HUN,8419.430871,123.6247832,0.729
Temperature change on land,Hungary,Meteorological year,2004,HUN,10301.70339,120.4425097,0.561
Temperature change on land,Hungary,Meteorological year,2005,HUN,11223.3993,117.7099726,0.253
Temperature change on land,Hungary,Meteorological year,2006,HUN,11489.56087,115.2896368,0.706
Temperature change on land,Hungary,Meteorological year,2007,HUN,13940.90928,112.9266109,2.146
Temperature change on land,Hungary,Meteorological year,2008,HUN,15772.33008,110.6478795,1.499
Temperature change on land,Hungary,Meteorological year,2009,HUN,13077.30547,108.4777756,1.616
Temperature change on land,Hungary,Meteorological year,2010,HUN,13217.5046,106.441912,0.81
Temperature change on land,Hungary,Meteorological year,2011,HUN,14234.47158,104.3454091,0.896
Temperature change on land,Hungary,Meteorological year,2012,HUN,12984.83657,102.1286051,1.738
Temperature change on land,Hungary,Meteorological year,2013,HUN,13715.07036,100.022643,1.168
Temperature change on land,Hungary,Meteorological year,2014,HUN,14294.25842,98.25862832,2.209
Temperature change on land,Hungary,Meteorological year,2015,HUN,12717.0386,97.06761358,2.053
Temperature change on land,Hungary,Meteorological year,2016,HUN,13104.69955,96.34441582,1.883
Temperature change on land,Hungary,Meteorological year,2017,HUN,14621.2396,95.7989051,1.327
Temperature change on land,Hungary,Meteorological year,2018,HUN,16425.20503,95.38451991,2.513
Temperature change on land,Hungary,Meteorological year,2019,HUN,16786.21364,95.05429388,2.339
Temperature change on land,Hungary,Meteorological year,2020,HUN,16131.95404,95.32417487,1.978
Temperature change on land,Hungary,Meteorological year,2021,HUN,18755.10235,92.29604542,1.422
Temperature change on land,Iceland,Meteorological year,1990,ISL,25384.91502,106.9455371,0.074
Temperature change on land,Iceland,Meteorological year,1991,ISL,26802.98952,107.5899036,0.679
Temperature change on land,Iceland,Meteorological year,1992,ISL,27124.27454,107.9915056,0.134
Temperature change on land,Iceland,Meteorological year,1993,ISL,23579.79536,108.09527,0.126
Temperature change on land,Iceland,Meteorological year,1994,ISL,24018.6314,107.9596201,-0.196
Temperature change on land,Iceland,Meteorological year,1995,ISL,26633.59138,107.5817281,-0.428
Temperature change on land,Iceland,Meteorological year,1996,ISL,27614.87703,106.6898686,0.467
Temperature change on land,Iceland,Meteorological year,1997,ISL,27919.1855,105.2309729,0.339
Temperature change on land,Iceland,Meteorological year,1998,ISL,31030.0536,103.4117055,0.148
Temperature change on land,Iceland,Meteorological year,1999,ISL,32381.62524,101.4789572,0.416
Temperature change on land,Iceland,Meteorological year,2000,ISL,32096.37226,99.70511624,0.246
Temperature change on land,Iceland,Meteorological year,2001,ISL,28897.44394,97.92775579,0.557
Temperature change on land,Iceland,Meteorological year,2002,ISL,32409.21615,95.97803981,0.762
Temperature change on land,Iceland,Meteorological year,2003,ISL,39476.69785,93.96081073,1.788
Temperature change on land,Iceland,Meteorological year,2004,ISL,47334.93065,91.95659363,1.238
Temperature change on land,Iceland,Meteorological year,2005,ISL,56794.85016,90.12176543,0.458
Temperature change on land,Iceland,Meteorological year,2006,ISL,57492.93425,88.14935396,1.038
Temperature change on land,Iceland,Meteorological year,2007,ISL,69495.72674,85.91331953,1.113
Temperature change on land,Iceland,Meteorological year,2008,ISL,56943.37045,83.66043278,0.766
Temperature change on land,Iceland,Meteorological year,2009,ISL,41301.27322,81.60179033,0.927
Temperature change on land,Iceland,Meteorological year,2010,ISL,43237.07295,80.05504262,1.18
Temperature change on land,Iceland,Meteorological year,2011,ISL,47714.59223,78.84636526,0.991
Temperature change on land,Iceland,Meteorological year,2012,ISL,45995.54788,77.69510448,0.714
Temperature change on land,Iceland,Meteorological year,2013,ISL,49804.983,76.71385336,0.703
Temperature change on land,Iceland,Meteorological year,2014,ISL,54576.74481,75.97161002,1.621
Temperature change on land,Iceland,Meteorological year,2015,ISL,52951.68151,75.58965451,0.378
Temperature change on land,Iceland,Meteorological year,2016,ISL,61987.92636,75.55147316,1.372
Temperature change on land,Iceland,Meteorological year,2017,ISL,72010.14903,75.67487815,1.658
Temperature change on land,Iceland,Meteorological year,2018,ISL,74452.18907,75.8351739,0.785
Temperature change on land,Iceland,Meteorological year,2019,ISL,68452.23622,75.89253545,1.294
Temperature change on land,Iceland,Meteorological year,2020,ISL,59023.56635,75.78614316,0.752
Temperature change on land,Iceland,Meteorological year,2021,ISL,69325.90783,76.71687667,0.892
Temperature change on land,India,Meteorological year,1990,IND,371.0859362,121.4965291,-0.085
Temperature change on land,India,Meteorological year,1991,IND,305.5740559,122.8960696,0.183
Temperature change on land,India,Meteorological year,1992,IND,319.1824726,123.9986366,0.013
Temperature change on land,India,Meteorological year,1993,IND,302.8848062,124.7572876,0.199
Temperature change on land,India,Meteorological year,1994,IND,347.7342147,125.1277735,0.084
Temperature change on land,India,Meteorological year,1995,IND,375.1760054,125.0662794,0.207
Temperature change on land,India,Meteorological year,1996,IND,401.0467547,124.5166187,0.298
Temperature change on land,India,Meteorological year,1997,IND,416.2281162,123.5591655,-0.085
Temperature change on land,India,Meteorological year,1998,IND,413.6308641,122.3502669,0.572
Temperature change on land,India,Meteorological year,1999,IND,441.9279914,121.0441836,0.463
Temperature change on land,India,Meteorological year,2000,IND,442.7502189,119.7952903,0.331
Temperature change on land,India,Meteorological year,2001,IND,450.3579005,118.6032191,0.456
Temperature change on land,India,Meteorological year,2002,IND,469.149929,117.3460342,0.799
Temperature change on land,India,Meteorological year,2003,IND,544.1431335,116.0016998,0.665
Temperature change on land,India,Meteorological year,2004,IND,624.2588265,114.5476685,0.54
Temperature change on land,India,Meteorological year,2005,IND,710.4880804,112.9557989,0.558
Temperature change on land,India,Meteorological year,2006,IND,801.6683537,110.7861994,0.635
Temperature change on land,India,Meteorological year,2007,IND,1021.887077,107.9297478,0.6
Temperature change on land,India,Meteorological year,2008,IND,992.5195849,104.8406964,0.263
Temperature change on land,India,Meteorological year,2009,IND,1094.949746,101.964809,1.143
Temperature change on land,India,Meteorological year,2010,IND,1347.519391,99.74460054,1.134
Temperature change on land,India,Meteorological year,2011,IND,1445.461275,98.1109227,0.345
Temperature change on land,India,Meteorological year,2012,IND,1429.321995,96.67698832,0.48
Temperature change on land,India,Meteorological year,2013,IND,1432.843975,95.41191791,0.421
Temperature change on land,India,Meteorological year,2014,IND,1553.883961,94.28770503,0.517
Temperature change on land,India,Meteorological year,2015,IND,1583.998159,93.27523001,0.694
Temperature change on land,India,Meteorological year,2016,IND,1707.508929,92.12668245,1.071
Temperature change on land,India,Meteorological year,2017,IND,1950.104683,90.89138282,0.956
Temperature change on land,India,Meteorological year,2018,IND,1966.254552,89.9739637,0.876
Temperature change on land,India,Meteorological year,2019,IND,2041.428637,89.7571537,0.795
Temperature change on land,India,Meteorological year,2020,IND,1907.042516,90.87423314,0.508
Temperature change on land,India,Meteorological year,2021,IND,2239.613844,97.08011474,0.732
Temperature change on land,Indonesia,Meteorological year,1990,IDN,578.4201211,21.82537445,0.082
Temperature change on land,Indonesia,Meteorological year,1991,IDN,624.3874954,21.82777075,0.211
Temperature change on land,Indonesia,Meteorological year,1992,IDN,673.6710395,21.79938863,0.203
Temperature change on land,Indonesia,Meteorological year,1993,IDN,817.3951164,21.746518,0.204
Temperature change on land,Indonesia,Meteorological year,1994,IDN,899.7939829,21.67593577,0.312
Temperature change on land,Indonesia,Meteorological year,1995,IDN,1011.226142,21.59422813,0.342
Temperature change on land,Indonesia,Meteorological year,1996,IDN,1118.92133,21.45423988,0.358
Temperature change on land,Indonesia,Meteorological year,1997,IDN,1044.606748,21.23264398,0.378
Temperature change on land,Indonesia,Meteorological year,1998,IDN,454.8778008,20.96769604,0.971
Temperature change on land,Indonesia,Meteorological year,1999,IDN,657.2689347,20.69794148,0.235
Temperature change on land,Indonesia,Meteorological year,2000,IDN,763.711125,20.46150796,0.234
Temperature change on land,Indonesia,Meteorological year,2001,IDN,732.3070934,20.24680659,0.47
Temperature change on land,Indonesia,Meteorological year,2002,IDN,881.0029136,20.02597547,0.594
Temperature change on land,Indonesia,Meteorological year,2003,IDN,1043.210584,19.80699532,0.621
Temperature change on land,Indonesia,Meteorological year,2004,IDN,1126.840044,19.5988847,0.574
Temperature change on land,Indonesia,Meteorological year,2005,IDN,1238.214476,19.40965995,0.709
Temperature change on land,Indonesia,Meteorological year,2006,IDN,1558.315628,19.22798134,0.388
Temperature change on land,Indonesia,Meteorological year,2007,IDN,1823.219763,19.04271512,0.43
Temperature change on land,Indonesia,Meteorological year,2008,IDN,2124.554839,18.85861288,0.226
Temperature change on land,Indonesia,Meteorological year,2009,IDN,2218.485419,18.68047737,0.532
Temperature change on land,Indonesia,Meteorological year,2010,IDN,3065.683484,18.51241309,0.742
Temperature change on land,Indonesia,Meteorological year,2011,IDN,3579.464425,18.31842103,0.306
Temperature change on land,Indonesia,Meteorological year,2012,IDN,3632.27254,18.09192617,0.432
Temperature change on land,Indonesia,Meteorological year,2013,IDN,3566.602845,17.87620753,0.76
Temperature change on land,Indonesia,Meteorological year,2014,IDN,3441.068085,17.71517003,0.75
Temperature change on land,Indonesia,Meteorological year,2015,IDN,3288.222697,17.65272335,0.771
Temperature change on land,Indonesia,Meteorological year,2016,IDN,3521.469435,17.75915538,1.41
Temperature change on land,Indonesia,Meteorological year,2017,IDN,3798.883262,18.00534262,0.957
Temperature change on land,Indonesia,Meteorological year,2018,IDN,3860.953531,18.27905218,0.879
Temperature change on land,Indonesia,Meteorological year,2019,IDN,4106.948562,18.46812176,1.045
Temperature change on land,Indonesia,Meteorological year,2020,IDN,3853.702888,18.60397785,1.233
Temperature change on land,Indonesia,Meteorological year,2021,IDN,4287.17314,20.69430744,1.02
Temperature change on land,Iran (Islamic Republic of),Meteorological year,1990,IRN,2137.942227,57.34406058,0.711
Temperature change on land,Iran (Islamic Republic of),Meteorological year,1991,IRN,2194.439068,58.22600274,0.318
Temperature change on land,Iran (Islamic Republic of),Meteorological year,1992,IRN,1957.485078,58.99438648,-0.834
Temperature change on land,Iran (Islamic Republic of),Meteorological year,1993,IRN,1038.109857,59.64559523,-0.084
Temperature change on land,Iran (Islamic Republic of),Meteorological year,1994,IRN,1167.762725,60.10522835,0.744
Temperature change on land,Iran (Islamic Republic of),Meteorological year,1995,IRN,1550.009596,60.26220519,0.677
Temperature change on land,Iran (Islamic Republic of),Meteorological year,1996,IRN,1914.781213,60.16343433,0.208
Temperature change on land,Iran (Islamic Republic of),Meteorological year,1997,IRN,1790.066176,59.92717757,0.602
Temperature change on land,Iran (Islamic Republic of),Meteorological year,1998,IRN,1709.193341,59.58924559,1.143
Temperature change on land,Iran (Islamic Republic of),Meteorological year,1999,IRN,1739.59462,59.18206508,1.611
Temperature change on land,Iran (Islamic Republic of),Meteorological year,2000,IRN,1650.013858,58.73528838,1.157
Temperature change on land,Iran (Islamic Republic of),Meteorological year,2001,IRN,1881.022666,58.15872906,1.455
Temperature change on land,Iran (Islamic Republic of),Meteorological year,2002,IRN,1891.257561,57.40511543,1.605
Temperature change on land,Iran (Islamic Republic of),Meteorological year,2003,IRN,2208.996366,56.55367243,0.884
Temperature change on land,Iran (Islamic Republic of),Meteorological year,2004,IRN,2672.422665,55.66094157,1.462
Temperature change on land,Iran (Islamic Republic of),Meteorological year,2005,IRN,3132.050819,54.80005707,0.779
Temperature change on land,Iran (Islamic Republic of),Meteorological year,2006,IRN,3618.916014,53.89128133,1.81
Temperature change on land,Iran (Islamic Republic of),Meteorological year,2007,IRN,4687.991663,52.8541389,0.836
Temperature change on land,Iran (Islamic Republic of),Meteorological year,2008,IRN,5377.411507,51.77069053,1.059
Temperature change on land,Iran (Islamic Republic of),Meteorological year,2009,IRN,5415.522806,50.72769375,1.147
Temperature change on land,Iran (Islamic Republic of),Meteorological year,2010,IRN,6291.194437,49.8145098,2.191
Temperature change on land,Iran (Islamic Republic of),Meteorological year,2011,IRN,8025.687434,48.98786692,1.318
Temperature change on land,Iran (Islamic Republic of),Meteorological year,2012,IRN,8114.080998,48.16949363,1.087
Temperature change on land,Iran (Islamic Republic of),Meteorological year,2013,IRN,6222.741948,47.40370762,1.607
Temperature change on land,Iran (Islamic Republic of),Meteorological year,2014,IRN,5672.063729,46.73793856,1.03
Temperature change on land,Iran (Islamic Republic of),Meteorological year,2015,IRN,4952.733555,46.21938505,1.817
Temperature change on land,Iran (Islamic Republic of),Meteorological year,2016,IRN,5477.037124,45.82515345,1.602
Temperature change on land,Iran (Islamic Republic of),Meteorological year,2017,IRN,5753.115447,45.5306465,1.682
Temperature change on land,Iran (Islamic Republic of),Meteorological year,2018,IRN,4631.78709,45.37328459,2
Temperature change on land,Iran (Islamic Republic of),Meteorological year,2019,IRN,3831.278948,45.38557692,1.527
Temperature change on land,Iran (Islamic Republic of),Meteorological year,2020,IRN,2988.781224,45.70778844,1.287
Temperature change on land,Iran (Islamic Republic of),Meteorological year,2021,IRN,4334.792686,46.01221726,2.119
Temperature change on land,Iraq,Meteorological year,1990,IRQ,10261.41577,35.53164537,0.363
Temperature change on land,Iraq,Meteorological year,1991,IRQ,22.95213276,35.37804308,0.613
Temperature change on land,Iraq,Meteorological year,1992,IRQ,30.25390126,35.26410376,-1.192
Temperature change on land,Iraq,Meteorological year,1993,IRQ,53.74378423,35.17246738,-0.476
Temperature change on land,Iraq,Meteorological year,1994,IRQ,198.1821019,35.11390278,1.006
Temperature change on land,Iraq,Meteorological year,1995,IRQ,619.1355309,35.10462029,0.383
Temperature change on land,Iraq,Meteorological year,1996,IRQ,485.2584928,35.2464169,0.825
Temperature change on land,Iraq,Meteorological year,1997,IRQ,936.3411709,35.56049767,0.316
Temperature change on land,Iraq,Meteorological year,1998,IRQ,900.9371426,35.93638628,1.298
Temperature change on land,Iraq,Meteorological year,1999,IRQ,1560.364667,36.26461499,1.917
Temperature change on land,Iraq,Meteorological year,2000,IRQ,1980.18916,36.43816544,0.991
Temperature change on land,Iraq,Meteorological year,2001,IRQ,1435.695684,36.45865504,1.278
Temperature change on land,Iraq,Meteorological year,2002,IRQ,1266.159613,36.42227842,1.148
Temperature change on land,Iraq,Meteorological year,2003,IRQ,817.8878625,36.37082404,0.957
Temperature change on land,Iraq,Meteorological year,2004,IRQ,1328.371576,36.34648036,1.093
Temperature change on land,Iraq,Meteorological year,2005,IRQ,1762.393604,36.38484297,0.541
Temperature change on land,Iraq,Meteorological year,2006,IRQ,2276.554357,36.58643624,1.629
Temperature change on land,Iraq,Meteorological year,2007,IRQ,3128.990103,36.97162704,0.983
Temperature change on land,Iraq,Meteorological year,2008,IRQ,4542.96609,37.41953569,1.171
Temperature change on land,Iraq,Meteorological year,2009,IRQ,3714.71206,37.8378378,0.873
Temperature change on land,Iraq,Meteorological year,2010,IRQ,4461.751962,38.18931894,2.686
Temperature change on land,Iraq,Meteorological year,2011,IRQ,5775.542291,38.49750274,0.884
Temperature change on land,Iraq,Meteorological year,2012,IRQ,6477.596185,38.80268555,1.281
Temperature change on land,Iraq,Meteorological year,2013,IRQ,6650.352822,39.0947189,1.256
Temperature change on land,Iraq,Meteorological year,2014,IRQ,6249.39227,39.37622261,1.172
Temperature change on land,Iraq,Meteorological year,2015,IRQ,4440.141893,39.63757973,1.957
Temperature change on land,Iraq,Meteorological year,2016,IRQ,4334.420964,39.9189879,1.705
Temperature change on land,Iraq,Meteorological year,2017,IRQ,4759.284644,40.24699346,1.612
Temperature change on land,Iraq,Meteorological year,2018,IRQ,5646.689321,40.57962867,2.449
Temperature change on land,Iraq,Meteorological year,2019,IRQ,5671.856863,40.87961851,1.685
Temperature change on land,Iraq,Meteorological year,2020,IRQ,4295.189451,41.48590264,1.924
Temperature change on land,Iraq,Meteorological year,2021,IRQ,4868.494311,41.49433275,2.669
Temperature change on land,Ireland,Meteorological year,1990,IRL,14031.30257,91.13526457,0.811
Temperature change on land,Ireland,Meteorological year,1991,IRL,14087.2078,93.08574716,0.183
Temperature change on land,Ireland,Meteorological year,1992,IRL,15714.38475,94.96684721,0.43
Temperature change on land,Ireland,Meteorological year,1993,IRL,14657.06155,96.77391927,0.047
Temperature change on land,Ireland,Meteorological year,1994,IRL,15902.92968,98.479868,0.266
Temperature change on land,Ireland,Meteorological year,1995,IRL,19158.45648,100.085022,1.182
Temperature change on land,Ireland,Meteorological year,1996,IRL,20835.89737,101.6646909,-0.021
Temperature change on land,Ireland,Meteorological year,1997,IRL,22551.11391,103.2461779,0.963
Temperature change on land,Ireland,Meteorological year,1998,IRL,24294.85477,104.7394269,0.923
Temperature change on land,Ireland,Meteorological year,1999,IRL,26338.10775,106.0410151,1.058
Temperature change on land,Ireland,Meteorological year,2000,IRL,26334.56721,107.0688331,0.552
Temperature change on land,Ireland,Meteorological year,2001,IRL,28282.40988,108.0263007,0.53
Temperature change on land,Ireland,Meteorological year,2002,IRL,32705.43456,109.0972532,0.811
Temperature change on land,Ireland,Meteorological year,2003,IRL,41203.52958,110.0910537,1.004
Temperature change on land,Ireland,Meteorological year,2004,IRL,47754.20232,110.8190795,0.881
Temperature change on land,Ireland,Meteorological year,2005,IRL,50933.02161,111.0844305,1.163
Temperature change on land,Ireland,Meteorological year,2006,IRL,54329.16186,110.3275525,1.151
Temperature change on land,Ireland,Meteorological year,2007,IRL,61396.41746,108.4699677,1.344
Temperature change on land,Ireland,Meteorological year,2008,IRL,61353.10656,106.0710858,0.822
Temperature change on land,Ireland,Meteorological year,2009,IRL,52133.09092,103.6685046,0.788
Temperature change on land,Ireland,Meteorological year,2010,IRL,48679.40268,101.8009348,-0.122
Temperature change on land,Ireland,Meteorological year,2011,IRL,52692.78131,100.4272479,0.54
Temperature change on land,Ireland,Meteorological year,2012,IRL,49411.73875,99.09186697,0.691
Temperature change on land,Ireland,Meteorological year,2013,IRL,52619.21237,97.74178415,0.559
Temperature change on land,Ireland,Meteorological year,2014,IRL,57278.25909,96.29894209,1.304
Temperature change on land,Ireland,Meteorological year,2015,IRL,64311.82347,94.69712241,0.368
Temperature change on land,Ireland,Meteorological year,2016,IRL,64292.65997,92.29960197,0.966
Temperature change on land,Ireland,Meteorological year,2017,IRL,72499.32687,89.16722805,1.194
Temperature change on land,Ireland,Meteorological year,2018,IRL,81248.31354,86.27754823,0.71
Temperature change on land,Ireland,Meteorological year,2019,IRL,82508.46599,84.62036075,1.125
Temperature change on land,Ireland,Meteorological year,2020,IRL,87567.1149,84.1373958,1.003
Temperature change on land,Ireland,Meteorological year,2021,IRL,105561.1375,82.55200915,0.946
Temperature change on land,Israel,Meteorological year,1990,ISR,13284.37946,60.7463587,-0.129
Temperature change on land,Israel,Meteorological year,1991,ISR,14320.28319,61.26716432,0.368
Temperature change on land,Israel,Meteorological year,1992,ISR,15482.10057,61.753169,-1.046
Temperature change on land,Israel,Meteorological year,1993,ISR,15151.54463,62.20297361,-0.376
Temperature change on land,Israel,Meteorological year,1994,ISR,16776.61249,62.61839594,0.795
Temperature change on land,Israel,Meteorological year,1995,ISR,18991.47117,62.99840141,-0.151
Temperature change on land,Israel,Meteorological year,1996,ISR,20180.37705,63.38517893,0.345
Temperature change on land,Israel,Meteorological year,1997,ISR,20432.83764,63.76949355,-0.116
Temperature change on land,Israel,Meteorological year,1998,ISR,20157.09663,64.08148578,0.893
Temperature change on land,Israel,Meteorological year,1999,ISR,19782.28697,64.24450969,0.895
Temperature change on land,Israel,Meteorological year,2000,ISR,21660.84038,64.18832159,0.296
Temperature change on land,Israel,Meteorological year,2001,ISR,20907.1143,63.79400572,0.91
Temperature change on land,Israel,Meteorological year,2002,ISR,19034.31757,63.06764687,0.793
Temperature change on land,Israel,Meteorological year,2003,ISR,19629.41451,62.14452021,0.629
Temperature change on land,Israel,Meteorological year,2004,ISR,20546.22917,61.14681313,0.606
Temperature change on land,Israel,Meteorological year,2005,ISR,21226.72139,60.20238914,0.254
Temperature change on land,Israel,Meteorological year,2006,ISR,22502.07222,59.11798049,0.635
Temperature change on land,Israel,Meteorological year,2007,ISR,25635.92684,57.72547316,0.538
Temperature change on land,Israel,Meteorological year,2008,ISR,30176.28651,56.20367768,0.769
Temperature change on land,Israel,Meteorological year,2009,ISR,28381.64494,54.72494171,0.833
Temperature change on land,Israel,Meteorological year,2010,ISR,31338.55689,53.4660807,2.299
Temperature change on land,Israel,Meteorological year,2011,ISR,34433.82261,52.29768822,0.566
Temperature change on land,Israel,Meteorological year,2012,ISR,33236.57312,51.06143336,1.031
Temperature change on land,Israel,Meteorological year,2013,ISR,36929.60422,49.89127454,1.111
Temperature change on land,Israel,Meteorological year,2014,ISR,38230.4954,48.91710817,0.915
Temperature change on land,Israel,Meteorological year,2015,ISR,36123.99079,48.27500995,1.373
Temperature change on land,Israel,Meteorological year,2016,ISR,37556.62729,47.91353243,1.688
Temperature change on land,Israel,Meteorological year,2017,ISR,40997.91102,47.67572521,0.808
Temperature change on land,Israel,Meteorological year,2018,ISR,42233.26103,47.53322143,2.054
Temperature change on land,Israel,Meteorological year,2019,ISR,44140.82894,47.45675313,1.232
Temperature change on land,Israel,Meteorological year,2020,ISR,44679.77158,47.47341411,1.476
Temperature change on land,Israel,Meteorological year,2021,ISR,52255.61591,50.44685404,1.817
Temperature change on land,Italy,Meteorological year,1990,ITA,20873.78341,54.17710891,1.133
Temperature change on land,Italy,Meteorological year,1991,ITA,22007.1351,54.78190892,0.033
Temperature change on land,Italy,Meteorological year,1992,ITA,23297.04603,55.23907894,0.534
Temperature change on land,Italy,Meteorological year,1993,ITA,18781.95294,55.54121739,0.517
Temperature change on land,Italy,Meteorological year,1994,ITA,19382.20022,55.67837386,1.513
Temperature change on land,Italy,Meteorological year,1995,ITA,20712.17987,55.63987531,0.424
Temperature change on land,Italy,Meteorological year,1996,ITA,23122.93372,55.36696143,0.233
Temperature change on land,Italy,Meteorological year,1997,ITA,21883.98727,54.86054682,0.942
Temperature change on land,Italy,Meteorological year,1998,ITA,22365.18376,54.21095824,0.965
Temperature change on land,Italy,Meteorological year,1999,ITA,22049.99906,53.50577378,0.921
Temperature change on land,Italy,Meteorological year,2000,ITA,20190.00356,52.8323957,1.256
Temperature change on land,Italy,Meteorological year,2001,ITA,20571.47877,52.14357795,1.565
Temperature change on land,Italy,Meteorological year,2002,ITA,22463.52221,51.33803937,0.943
Temperature change on land,Italy,Meteorological year,2003,ITA,27618.94177,50.43094917,1.56
Temperature change on land,Italy,Meteorological year,2004,ITA,31425.82087,49.43949726,0.782
Temperature change on land,Italy,Meteorological year,2005,ITA,32171.79337,48.37789534,0.594
Temperature change on land,Italy,Meteorological year,2006,ITA,33684.72004,47.01327414,0.867
Temperature change on land,Italy,Meteorological year,2007,ITA,38031.97095,45.24732192,1.577
Temperature change on land,Italy,Meteorological year,2008,ITA,41095.40634,43.30222287,1.157
Temperature change on land,Italy,Meteorological year,2009,ITA,37388.45371,41.39742341,1.255
Temperature change on land,Italy,Meteorological year,2010,ITA,36184.71187,39.75408619,0.788
Temperature change on land,Italy,Meteorological year,2011,ITA,38851.38813,38.22103691,1.27
Temperature change on land,Italy,Meteorological year,2012,ITA,35235.79891,36.59783683,1.567
Temperature change on land,Italy,Meteorological year,2013,ITA,35747.70795,35.02731165,1.039
Temperature change on land,Italy,Meteorological year,2014,ITA,35750.71975,33.6506628,1.655
Temperature change on land,Italy,Meteorological year,2015,ITA,30387.12932,32.60946636,1.726
Temperature change on land,Italy,Meteorological year,2016,ITA,31126.32469,31.75919734,1.735
Temperature change on land,Italy,Meteorological year,2017,ITA,32554.14668,30.94844498,1.642
Temperature change on land,Italy,Meteorological year,2018,ITA,34746.34414,30.31276933,1.862
Temperature change on land,Italy,Meteorological year,2019,ITA,33812.78872,29.98499446,1.69
Temperature change on land,Italy,Meteorological year,2020,ITA,32091.48666,29.96715265,1.91
Temperature change on land,Italy,Meteorological year,2021,ITA,36852.54254,25.63885526,1.603
Temperature change on land,Jamaica,Meteorological year,1990,JAM,1929.598919,11.57849932,0.674
Temperature change on land,Jamaica,Meteorological year,1991,JAM,1710.300582,11.34041765,0.746
Temperature change on land,Jamaica,Meteorological year,1992,JAM,1458.101469,11.12821918,0.846
Temperature change on land,Jamaica,Meteorological year,1993,JAM,2220.515183,10.96266746,0.433
Temperature change on land,Jamaica,Meteorological year,1994,JAM,2202.85831,10.86437989,0.923
Temperature change on land,Jamaica,Meteorological year,1995,JAM,2630.849354,10.85416869,0.896
Temperature change on land,Jamaica,Meteorological year,1996,JAM,2928.896926,10.9012187,0.319
Temperature change on land,Jamaica,Meteorological year,1997,JAM,3296.916348,10.95737605,0.786
Temperature change on land,Jamaica,Meteorological year,1998,JAM,3419.493529,11.01689776,1.199
Temperature change on land,Jamaica,Meteorological year,1999,JAM,3431.568135,11.07363946,0.558
Temperature change on land,Jamaica,Meteorological year,2000,JAM,3453.092528,11.12175063,0.272
Temperature change on land,Jamaica,Meteorological year,2001,JAM,3503.550267,11.18630083,0.535
Temperature change on land,Jamaica,Meteorological year,2002,JAM,3680.645517,11.28250754,0.764
Temperature change on land,Jamaica,Meteorological year,2003,JAM,3549.707584,11.39019221,0.934
Temperature change on land,Jamaica,Meteorological year,2004,JAM,3807.562931,11.48909871,0.767
Temperature change on land,Jamaica,Meteorological year,2005,JAM,4184.439749,11.55940159,0.856
Temperature change on land,Jamaica,Meteorological year,2006,JAM,4417.001271,11.56769634,0.88
Temperature change on land,Jamaica,Meteorological year,2007,JAM,4716.486125,11.51703283,0.876
Temperature change on land,Jamaica,Meteorological year,2008,JAM,5029.800953,11.44226617,0.511
Temperature change on land,Jamaica,Meteorological year,2009,JAM,4428.381533,11.3800324,0.794
Temperature change on land,Jamaica,Meteorological year,2010,JAM,4809.97738,11.3656223,1.319
Temperature change on land,Jamaica,Meteorological year,2011,JAM,5232.636449,11.38192136,0.612
Temperature change on land,Jamaica,Meteorological year,2012,JAM,5340.833332,11.39379932,0.762
Temperature change on land,Jamaica,Meteorological year,2013,JAM,5124.213014,11.40800923,1.05
Temperature change on land,Jamaica,Meteorological year,2014,JAM,4975.11327,11.43278101,1.293
Temperature change on land,Jamaica,Meteorological year,2015,JAM,5062.895565,11.47518946,1.366
Temperature change on land,Jamaica,Meteorological year,2016,JAM,5009.794501,11.72545729,1.525
Temperature change on land,Jamaica,Meteorological year,2017,JAM,5259.313341,12.21813878,1.225
Temperature change on land,Jamaica,Meteorological year,2018,JAM,5578.103461,12.72649134,1.418
Temperature change on land,Jamaica,Meteorological year,2019,JAM,5607.243007,13.02411021,1.723
Temperature change on land,Jamaica,Meteorological year,2020,JAM,4879.440246,13.07805437,1.839
Temperature change on land,Jamaica,Meteorological year,2021,JAM,5165.33781,16.44479856,1.502
Temperature change on land,Japan,Meteorological year,1990,JPN,25801.39504,140.0379245,1.133
Temperature change on land,Japan,Meteorological year,1991,JPN,29428.4289,141.8529483,0.724
Temperature change on land,Japan,Meteorological year,1992,JPN,31992.79021,143.8701845,0.331
Temperature change on land,Japan,Meteorological year,1993,JPN,36345.24413,146.0452176,0.011
Temperature change on land,Japan,Meteorological year,1994,JPN,39933.51506,148.3297196,0.958
Temperature change on land,Japan,Meteorological year,1995,JPN,44197.6191,150.6751616,0.341
Temperature change on land,Japan,Meteorological year,1996,JPN,39150.03963,153.3251017,-0.135
Temperature change on land,Japan,Meteorological year,1997,JPN,35638.23196,156.4157034,0.445
Temperature change on land,Japan,Meteorological year,1998,JPN,32423.75561,159.7373225,1.191
Temperature change on land,Japan,Meteorological year,1999,JPN,36610.16832,163.0785178,0.94
Temperature change on land,Japan,Meteorological year,2000,JPN,39169.35957,166.2248095,0.622
Temperature change on land,Japan,Meteorological year,2001,JPN,34406.18246,169.6961016,0.403
Temperature change on land,Japan,Meteorological year,2002,JPN,32820.79364,173.6981741,0.615
Temperature change on land,Japan,Meteorological year,2003,JPN,35387.03742,177.53567,0.303
Temperature change on land,Japan,Meteorological year,2004,JPN,38298.98017,180.5164663,1.095
Temperature change on land,Japan,Meteorological year,2005,JPN,37812.89502,181.9411408,0.715
Temperature change on land,Japan,Meteorological year,2006,JPN,35991.546,182.0529808,0.365
Temperature change on land,Japan,Meteorological year,2007,JPN,35779.02454,181.6493106,0.978
Temperature change on land,Japan,Meteorological year,2008,JPN,39876.30397,180.8670169,0.648
Temperature change on land,Japan,Meteorological year,2009,JPN,41308.99684,179.8414555,0.789
Temperature change on land,Japan,Meteorological year,2010,JPN,44968.15623,178.7035677,0.909
Temperature change on land,Japan,Meteorological year,2011,JPN,48760.07895,177.0874738,0.579
Temperature change on land,Japan,Meteorological year,2012,JPN,49145.28043,174.7713456,0.37
Temperature change on land,Japan,Meteorological year,2013,JPN,40898.6479,172.116824,0.6
Temperature change on land,Japan,Meteorological year,2014,JPN,38475.39525,169.4803526,0.537
Temperature change on land,Japan,Meteorological year,2015,JPN,34960.63938,167.2186976,0.813
Temperature change on land,Japan,Meteorological year,2016,JPN,39375.47316,164.886097,1.302
Temperature change on land,Japan,Meteorological year,2017,JPN,38834.05293,162.1955529,0.771
Temperature change on land,Japan,Meteorological year,2018,JPN,39751.1331,159.754451,0.899
Temperature change on land,Japan,Meteorological year,2019,JPN,40415.95676,158.166778,1.248
Temperature change on land,Japan,Meteorological year,2020,JPN,40040.76551,157.4854375,1.41
Temperature change on land,Japan,Meteorological year,2021,JPN,40058.53733,156.6572231,1.237
Temperature change on land,Jordan,Meteorological year,1990,JOR,1148.590055,27.39921477,-0.069
Temperature change on land,Jordan,Meteorological year,1991,JOR,1109.655646,27.4790029,0.492
Temperature change on land,Jordan,Meteorological year,1992,JOR,1286.634736,27.52727986,-1.126
Temperature change on land,Jordan,Meteorological year,1993,JOR,1289.414543,27.54931715,-0.519
Temperature change on land,Jordan,Meteorological year,1994,JOR,1367.187218,27.54972463,0.934
Temperature change on land,Jordan,Meteorological year,1995,JOR,1415.711516,27.53260673,-0.055
Temperature change on land,Jordan,Meteorological year,1996,JOR,1410.174242,27.43103685,0.479
Temperature change on land,Jordan,Meteorological year,1997,JOR,1435.875938,27.21221806,-0.186
Temperature change on land,Jordan,Meteorological year,1998,JOR,1532.113804,26.92716951,1.012
Temperature change on land,Jordan,Meteorological year,1999,JOR,1544.587506,26.62591006,1.038
Temperature change on land,Jordan,Meteorological year,2000,JOR,1570.610029,26.35834815,0.373
Temperature change on land,Jordan,Meteorological year,2001,JOR,1632.29454,26.09788876,0.986
Temperature change on land,Jordan,Meteorological year,2002,JOR,1706.267444,25.80520094,0.674
Temperature change on land,Jordan,Meteorological year,2003,JOR,1775.676256,25.50671218,0.522
Temperature change on land,Jordan,Meteorological year,2004,JOR,1940.086413,25.2243023,0.635
Temperature change on land,Jordan,Meteorological year,2005,JOR,2087.870793,24.97964247,0.172
Temperature change on land,Jordan,Meteorological year,2006,JOR,2342.634596,24.67254542,0.754
Temperature change on land,Jordan,Meteorological year,2007,JOR,2506.205995,24.2521428,0.512
Temperature change on land,Jordan,Meteorological year,2008,JOR,3241.652414,23.81090139,0.732
Temperature change on land,Jordan,Meteorological year,2009,JOR,3435.833759,23.39928061,0.558
Temperature change on land,Jordan,Meteorological year,2010,JOR,3718.465716,23.05462667,2.604
Temperature change on land,Jordan,Meteorological year,2011,JOR,3946.855039,22.72625918,0.519
Temperature change on land,Jordan,Meteorological year,2012,JOR,4169.504701,22.37123516,1.102
Temperature change on land,Jordan,Meteorological year,2013,JOR,4311.219167,22.04514407,1.053
Temperature change on land,Jordan,Meteorological year,2014,JOR,4191.180501,21.80351648,0.857
Temperature change on land,Jordan,Meteorological year,2015,JOR,4042.756781,21.71420773,1.501
Temperature change on land,Jordan,Meteorological year,2016,JOR,3986.71677,21.92777735,1.734
Temperature change on land,Jordan,Meteorological year,2017,JOR,4065.616287,22.40348787,1.017
Temperature change on land,Jordan,Meteorological year,2018,JOR,4145.439897,22.9232075,2.056
Temperature change on land,Jordan,Meteorological year,2019,JOR,4170.1144,23.2708677,1.353
Temperature change on land,Jordan,Meteorological year,2020,JOR,4022.040136,23.52225942,1.692
Temperature change on land,Jordan,Meteorological year,2021,JOR,4183.499983,27.31352544,2
Temperature change on land,Kazakhstan,Meteorological year,1992,KAZ,1437.598481,124.8678381,0.282
Temperature change on land,Kazakhstan,Meteorological year,1993,KAZ,1355.134939,126.8691038,-0.375
Temperature change on land,Kazakhstan,Meteorological year,1994,KAZ,1246.83633,129.0702983,-0.051
Temperature change on land,Kazakhstan,Meteorological year,1995,KAZ,1217.791388,131.4252294,2.025
Temperature change on land,Kazakhstan,Meteorological year,1996,KAZ,1281.391529,134.4791681,-0.42
Temperature change on land,Kazakhstan,Meteorological year,1997,KAZ,1381.635933,138.4387969,1.873
Temperature change on land,Kazakhstan,Meteorological year,1998,KAZ,1414.592897,142.7419165,0.474
Temperature change on land,Kazakhstan,Meteorological year,1999,KAZ,1091.547277,146.8129215,1.359
Temperature change on land,Kazakhstan,Meteorological year,2000,KAZ,1180.044456,150.0906972,1.485
Temperature change on land,Kazakhstan,Meteorological year,2001,KAZ,1422.273318,152.9684005,1.637
Temperature change on land,Kazakhstan,Meteorological year,2002,KAZ,1573.552199,155.9933564,2.243
Temperature change on land,Kazakhstan,Meteorological year,2003,KAZ,1958.020502,158.8160267,0.119
Temperature change on land,Kazakhstan,Meteorological year,2004,KAZ,2722.474078,161.0689827,2.142
Temperature change on land,Kazakhstan,Meteorological year,2005,KAZ,3577.35804,162.405768,1.553
Temperature change on land,Kazakhstan,Meteorological year,2006,KAZ,5030.134947,162.8098934,1.435
Temperature change on land,Kazakhstan,Meteorological year,2007,KAZ,6449.439311,162.6223695,2.184
Temperature change on land,Kazakhstan,Meteorological year,2008,KAZ,8123.547059,162.0385311,1.541
Temperature change on land,Kazakhstan,Meteorological year,2009,KAZ,6938.011757,161.2415425,1.17
Temperature change on land,Kazakhstan,Meteorological year,2010,KAZ,8793.0759,160.4136464,1.285
Temperature change on land,Kazakhstan,Meteorological year,2011,KAZ,11287.14649,159.40264,0.716
Temperature change on land,Kazakhstan,Meteorological year,2012,KAZ,12018.79665,158.0128932,1.131
Temperature change on land,Kazakhstan,Meteorological year,2013,KAZ,13478.45963,156.3395268,1.591
Temperature change on land,Kazakhstan,Meteorological year,2014,KAZ,12427.70946,154.4885206,0.657
Temperature change on land,Kazakhstan,Meteorological year,2015,KAZ,10196.12263,152.56202,1.579
Temperature change on land,Kazakhstan,Meteorological year,2016,KAZ,7475.566887,149.7231238,2.208
Temperature change on land,Kazakhstan,Meteorological year,2017,KAZ,8943.084168,145.9350265,1.732
Temperature change on land,Kazakhstan,Meteorological year,2018,KAZ,9472.485273,142.494471,0.621
Temperature change on land,Kazakhstan,Meteorological year,2019,KAZ,9457.126147,140.6935883,1.469
Temperature change on land,Kazakhstan,Meteorological year,2020,KAZ,8781.507978,141.1367705,2.833
Temperature change on land,Kazakhstan,Meteorological year,2021,KAZ,9983.601036,131.3743413,1.436
Temperature change on land,Kenya,Meteorological year,1990,KEN,374.4589929,29.4937832,0.051
Temperature change on land,Kenya,Meteorological year,1991,KEN,344.7226421,29.54304389,0.346
Temperature change on land,Kenya,Meteorological year,1992,KEN,336.6813998,29.62251804,0.489
Temperature change on land,Kenya,Meteorological year,1993,KEN,228.9980328,29.72766214,0.1
Temperature change on land,Kenya,Meteorological year,1994,KEN,276.447872,29.85527983,0.55
Temperature change on land,Kenya,Meteorological year,1995,KEN,340.0648422,30.00136545,0.423
Temperature change on land,Kenya,Meteorological year,1996,KEN,440.5270789,30.23998812,0.428
Temperature change on land,Kenya,Meteorological year,1997,KEN,466.7238146,30.5872068,0.473
Temperature change on land,Kenya,Meteorological year,1998,KEN,487.8832399,30.95808278,0.297
Temperature change on land,Kenya,Meteorological year,1999,KEN,433.7212357,31.270357,0.286
Temperature change on land,Kenya,Meteorological year,2000,KEN,414.6263651,31.44282641,0.553
Temperature change on land,Kenya,Meteorological year,2001,KEN,410.7004525,31.46313978,0.603
Temperature change on land,Kenya,Meteorological year,2002,KEN,402.9363856,31.38518062,0.764
Temperature change on land,Kenya,Meteorological year,2003,KEN,442.8984573,31.22774584,0.926
Temperature change on land,Kenya,Meteorological year,2004,KEN,463.6627813,31.01031442,0.669
Temperature change on land,Kenya,Meteorological year,2005,KEN,523.4563124,30.75133174,0.928
Temperature change on land,Kenya,Meteorological year,2006,KEN,699.8023706,30.39300149,0.976
Temperature change on land,Kenya,Meteorological year,2007,KEN,840.2014395,29.91422212,0.723
Temperature change on land,Kenya,Meteorological year,2008,KEN,915.5443547,29.38887277,0.792
Temperature change on land,Kenya,Meteorological year,2009,KEN,1047.967832,28.89146755,1.405
Temperature change on land,Kenya,Meteorological year,2010,KEN,1091.518731,28.49701231,1.21
Temperature change on land,Kenya,Meteorological year,2011,KEN,1096.144998,28.1436811,1.098
Temperature change on land,Kenya,Meteorological year,2012,KEN,1285.005362,27.76124876,0.981
Temperature change on land,Kenya,Meteorological year,2013,KEN,1370.878852,27.41163255,0.888
Temperature change on land,Kenya,Meteorological year,2014,KEN,1482.815663,27.15807487,0.968
Temperature change on land,Kenya,Meteorological year,2015,KEN,1489.119598,27.06456234,1.137
Temperature change on land,Kenya,Meteorological year,2016,KEN,1554.126103,27.22047976,1.174
Temperature change on land,Kenya,Meteorological year,2017,KEN,1667.484472,27.58040588,1.401
Temperature change on land,Kenya,Meteorological year,2018,KEN,1836.452755,28.00680625,0.508
Temperature change on land,Kenya,Meteorological year,2019,KEN,1960.408089,28.36431083,1.467
Temperature change on land,Kenya,Meteorological year,2020,KEN,1927.66459,28.82414693,1.164
Temperature change on land,Kenya,Meteorological year,2021,KEN,2061.356221,31.38498013,1.244
Temperature change on land,Kiribati,Meteorological year,1990,KIR,488.0675279,116.9458408,0.291
Temperature change on land,Kiribati,Meteorological year,1991,KIR,540.1256089,118.4583903,0.301
Temperature change on land,Kiribati,Meteorological year,1992,KIR,791.9964221,119.7154965,0.22
Temperature change on land,Kiribati,Meteorological year,1993,KIR,747.7534271,120.6692043,-0.077
Temperature change on land,Kiribati,Meteorological year,1994,KIR,837.9720739,121.2750982,0.207
Temperature change on land,Kiribati,Meteorological year,1995,KIR,844.4292941,121.4758516,0.574
Temperature change on land,Kiribati,Meteorological year,1996,KIR,985.8857991,121.2365136,0.41
Temperature change on land,Kiribati,Meteorological year,1997,KIR,953.1627774,120.6880025,0.208
Temperature change on land,Kiribati,Meteorological year,1998,KIR,874.4845739,119.9607382,0.632
Temperature change on land,Kiribati,Meteorological year,1999,KIR,887.4956781,119.1878726,0.043
Temperature change on land,Kiribati,Meteorological year,2000,KIR,845.3675561,118.5049234,0.309
Temperature change on land,Kiribati,Meteorological year,2001,KIR,718.8337573,117.7501492,0.591
Temperature change on land,Kiribati,Meteorological year,2002,KIR,810.10895,116.7769354,0.692
Temperature change on land,Kiribati,Meteorological year,2003,KIR,1020.500502,115.6819276,0.342
Temperature change on land,Kiribati,Meteorological year,2006,KIR,1123.192683,112.3950819,0.105
Temperature change on land,Kiribati,Meteorological year,2007,KIR,1352.5783,111.0900491,0.456
Temperature change on land,Kiribati,Meteorological year,2008,KIR,1410.622495,109.7811352,0.424
Temperature change on land,Kiribati,Meteorological year,2009,KIR,1316.627346,108.6457922,0.778
Temperature change on land,Kiribati,Meteorological year,2010,KIR,1522.101102,107.8617216,0.486
Temperature change on land,Kiribati,Meteorological year,2011,KIR,1771.128945,107.36714,0.503
Temperature change on land,Kiribati,Meteorological year,2012,KIR,1843.553469,106.9534761,0.603
Temperature change on land,Kiribati,Meteorological year,2013,KIR,1772.087069,106.570993,0.802
Temperature change on land,Kiribati,Meteorological year,2014,KIR,1736.705301,106.1699144,0.942
Temperature change on land,Kiribati,Meteorological year,2015,KIR,1639.852743,105.6992996,1.077
Temperature change on land,Kiribati,Meteorological year,2016,KIR,1742.668124,104.8880337,1.404
Temperature change on land,Kiribati,Meteorological year,2017,KIR,1853.05113,103.7702806,1.216
Temperature change on land,Kiribati,Meteorological year,2018,KIR,1912.737981,102.7464962,1.122
Temperature change on land,Kiribati,Meteorological year,2019,KIR,1750.997509,102.2340858,1.124
Temperature change on land,Kiribati,Meteorological year,2020,KIR,1769.432118,103.0671864,1.485
Temperature change on land,Kiribati,Meteorological year,2021,KIR,2253.825001,94.44802671,1.206
Temperature change on land,Kuwait,Meteorological year,1990,KWT,10937.54153,25.26692587,0.393
Temperature change on land,Kuwait,Meteorological year,1991,KWT,8147.108073,25.19048929,0.5
Temperature change on land,Kuwait,Meteorological year,1992,KWT,12146.19506,25.19811655,-0.564
Temperature change on land,Kuwait,Meteorological year,1993,KWT,14317.72094,25.32181388,-0.108
Temperature change on land,Kuwait,Meteorological year,1994,KWT,14929.74411,25.44056358,0.982
Temperature change on land,Kuwait,Meteorological year,1995,KWT,16168.1656,25.61427585,0.212
Temperature change on land,Kuwait,Meteorological year,1996,KWT,18201.09586,26.06820769,0.924
Temperature change on land,Kuwait,Meteorological year,1997,KWT,16977.38956,26.82893311,0.526
Temperature change on land,Kuwait,Meteorological year,1998,KWT,14066.95096,27.6669322,1.357
Temperature change on land,Kuwait,Meteorological year,1999,KWT,15853.62644,28.36250721,2.072
Temperature change on land,Kuwait,Meteorological year,2000,KWT,19296.34717,28.69401584,1.275
Temperature change on land,Kuwait,Meteorological year,2001,KWT,17374.23187,28.68710836,1.276
Temperature change on land,Kuwait,Meteorological year,2002,KWT,18512.7523,28.57477006,1.614
Temperature change on land,Kuwait,Meteorological year,2003,KWT,22690.65518,28.4103365,1.579
Temperature change on land,Kuwait,Meteorological year,2004,KWT,27552.28274,28.22858677,1.523
Temperature change on land,Kuwait,Meteorological year,2005,KWT,36122.61427,28.07229095,0.727
Temperature change on land,Kuwait,Meteorological year,2006,KWT,42946.63741,27.91314697,1.935
Temperature change on land,Kuwait,Meteorological year,2007,KWT,45709.41329,27.71244547,1.107
Temperature change on land,Kuwait,Meteorological year,2008,KWT,55585.18893,27.49132125,1.344
Temperature change on land,Kuwait,Meteorological year,2009,KWT,37907.10013,27.29002573,1.233
Temperature change on land,Kuwait,Meteorological year,2010,KWT,39212.27267,27.12901281,2.528
Temperature change on land,Kuwait,Meteorological year,2011,KWT,49169.6064,27.00051737,1.308
Temperature change on land,Kuwait,Meteorological year,2012,KWT,52155.22255,26.89067174,1.497
Temperature change on land,Kuwait,Meteorological year,2013,KWT,49651.04397,26.81366083,1.348
Temperature change on land,Kuwait,Meteorological year,2014,KWT,44368.78137,26.80806354,1.474
Temperature change on land,Kuwait,Meteorological year,2015,KWT,29882.21269,26.8916724,2.131
Temperature change on land,Kuwait,Meteorological year,2016,KWT,27323.68906,27.20585599,1.732
Temperature change on land,Kuwait,Meteorological year,2017,KWT,29047.65358,27.74256673,2.018
Temperature change on land,Kuwait,Meteorological year,2018,KWT,32067.96237,28.30311996,2.417
Temperature change on land,Kuwait,Meteorological year,2019,KWT,31707.87375,28.68837443,1.949
Temperature change on land,Kuwait,Meteorological year,2020,KWT,25236.07555,28.95596406,2.029
Temperature change on land,Kuwait,Meteorological year,2021,KWT,34043.54215,32.66469221,2.722
Temperature change on land,Kyrgyzstan,Meteorological year,1992,KGZ,512.7667979,76.06382882,0.076
Temperature change on land,Kyrgyzstan,Meteorological year,1993,KGZ,448.5541909,76.08942675,-0.08
Temperature change on land,Kyrgyzstan,Meteorological year,1994,KGZ,372.4818012,75.95778396,0.298
Temperature change on land,Kyrgyzstan,Meteorological year,1995,KGZ,364.2503653,75.68424805,0.467
Temperature change on land,Kyrgyzstan,Meteorological year,1996,KGZ,394.8569223,75.06431709,-0.423
Temperature change on land,Kyrgyzstan,Meteorological year,1997,KGZ,376.4279701,74.02293406,1.408
Temperature change on land,Kyrgyzstan,Meteorological year,1998,KGZ,345.1370823,72.8114398,0.788
Temperature change on land,Kyrgyzstan,Meteorological year,1999,KGZ,258.0480559,71.67115554,1.056
Temperature change on land,Kyrgyzstan,Meteorological year,2000,KGZ,279.621767,70.83737699,1.065
Temperature change on land,Kyrgyzstan,Meteorological year,2001,KGZ,308.4113267,70.15225574,1.459
Temperature change on land,Kyrgyzstan,Meteorological year,2002,KGZ,321.7267754,69.35614282,1.431
Temperature change on land,Kyrgyzstan,Meteorological year,2003,KGZ,380.5058288,68.54425402,0.464
Temperature change on land,Kyrgyzstan,Meteorological year,2004,KGZ,433.2339157,67.80486057,1.532
Temperature change on land,Kyrgyzstan,Meteorological year,2005,KGZ,476.5482398,67.22152253,1.176
Temperature change on land,Kyrgyzstan,Meteorological year,2006,KGZ,543.1135125,66.79559741,1.615
Temperature change on land,Kyrgyzstan,Meteorological year,2007,KGZ,721.771646,66.4576125,1.681
Temperature change on land,Kyrgyzstan,Meteorological year,2008,KGZ,966.3885694,66.18126256,0.987
Temperature change on land,Kyrgyzstan,Meteorological year,2009,KGZ,870.1988945,65.94162235,0.958
Temperature change on land,Kyrgyzstan,Meteorological year,2010,KGZ,876.9544764,65.70631522,1.329
Temperature change on land,Kyrgyzstan,Meteorological year,2011,KGZ,1117.401844,65.46240582,1.177
Temperature change on land,Kyrgyzstan,Meteorological year,2012,KGZ,1168.622447,65.22043861,0.25
Temperature change on land,Kyrgyzstan,Meteorological year,2013,KGZ,1269.663035,64.98114149,1.325
Temperature change on land,Kyrgyzstan,Meteorological year,2014,KGZ,1264.526795,64.75465875,0.418
Temperature change on land,Kyrgyzstan,Meteorological year,2015,KGZ,1105.65203,64.54502693,1.381
Temperature change on land,Kyrgyzstan,Meteorological year,2016,KGZ,1103.274984,64.26579705,1.764
Temperature change on land,Kyrgyzstan,Meteorological year,2017,KGZ,1221.390565,63.9115062,1.339
Temperature change on land,Kyrgyzstan,Meteorological year,2018,KGZ,1283.520403,63.6083453,1.14
Temperature change on land,Kyrgyzstan,Meteorological year,2019,KGZ,1421.999275,63.49175482,1.557
Temperature change on land,Kyrgyzstan,Meteorological year,2020,KGZ,1229.517757,63.78487066,1.349
Temperature change on land,Kyrgyzstan,Meteorological year,2021,KGZ,1349.997307,61.00669781,1.278
Temperature change on land,Lao People's Democratic Republic,Meteorological year,1990,LAO,200.7349055,56.87117376,0.374
Temperature change on land,Lao People's Democratic Republic,Meteorological year,1991,LAO,231.8062275,56.73488113,0.636
Temperature change on land,Lao People's Democratic Republic,Meteorological year,1992,LAO,247.3452862,56.47064349,0.133
Temperature change on land,Lao People's Democratic Republic,Meteorological year,1993,LAO,283.4005733,56.1030338,0.215
Temperature change on land,Lao People's Democratic Republic,Meteorological year,1994,LAO,320.968129,55.66038842,0.296
Temperature change on land,Lao People's Democratic Republic,Meteorological year,1995,LAO,357.7581622,55.16889932,0.507
Temperature change on land,Lao People's Democratic Republic,Meteorological year,1996,LAO,371.3418792,54.32542284,0.013
Temperature change on land,Lao People's Democratic Republic,Meteorological year,1997,LAO,339.0931924,52.95756188,0.181
Temperature change on land,Lao People's Democratic Republic,Meteorological year,1998,LAO,243.9239625,51.32207035,1.266
Temperature change on land,Lao People's Democratic Republic,Meteorological year,1999,LAO,272.325307,49.6756208,0.517
Temperature change on land,Lao People's Democratic Republic,Meteorological year,2000,LAO,318.7498522,48.27123213,-0.096
Temperature change on land,Lao People's Democratic Republic,Meteorological year,2001,LAO,320.3160054,47.06457758,0.589
Temperature change on land,Lao People's Democratic Republic,Meteorological year,2002,LAO,313.3508171,45.88013812,0.497
Temperature change on land,Lao People's Democratic Republic,Meteorological year,2003,LAO,355.0972162,44.75209372,0.854
Temperature change on land,Lao People's Democratic Republic,Meteorological year,2004,LAO,409.2962983,43.71564019,0.272
Temperature change on land,Lao People's Democratic Republic,Meteorological year,2005,LAO,466.061507,42.8065083,0.766
Temperature change on land,Lao People's Democratic Republic,Meteorological year,2006,LAO,579.3919474,41.96369642,0.755
Temperature change on land,Lao People's Democratic Republic,Meteorological year,2007,LAO,697.3230137,41.13313316,0.494
Temperature change on land,Lao People's Democratic Republic,Meteorological year,2008,LAO,885.7473761,40.3594129,0.161
Temperature change on land,Lao People's Democratic Republic,Meteorological year,2009,LAO,935.0323728,39.68896807,0.533
Temperature change on land,Lao People's Democratic Republic,Meteorological year,2010,LAO,1125.916102,39.16493209,1.248
Temperature change on land,Lao People's Democratic Republic,Meteorological year,2011,LAO,1361.547044,38.75566858,0.01
Temperature change on land,Lao People's Democratic Republic,Meteorological year,2012,LAO,1563.565077,38.40613869,0.843
Temperature change on land,Lao People's Democratic Republic,Meteorological year,2013,LAO,1812.517744,38.1211004,1.031
Temperature change on land,Lao People's Democratic Republic,Meteorological year,2014,LAO,1981.039109,37.90529275,0.617
Temperature change on land,Lao People's Democratic Republic,Meteorological year,2015,LAO,2121.013391,37.76350143,1.232
Temperature change on land,Lao People's Democratic Republic,Meteorological year,2016,LAO,2303.22156,37.67865566,1.256
Temperature change on land,Lao People's Democratic Republic,Meteorological year,2017,LAO,2432.430595,37.6401435,1.04
Temperature change on land,Lao People's Democratic Republic,Meteorological year,2018,LAO,2545.107542,37.65593386,0.75
Temperature change on land,Lao People's Democratic Republic,Meteorological year,2019,LAO,2589.32081,37.73415703,1.978
Temperature change on land,Lao People's Democratic Republic,Meteorological year,2020,LAO,2583.777307,38.13602032,1.527
Temperature change on land,Lao People's Democratic Republic,Meteorological year,2021,LAO,2526.05105,38.17524988,1.079
Temperature change on land,Latvia,Meteorological year,1995,LVA,2256.773604,159.6542797,1.617
Temperature change on land,Latvia,Meteorological year,1996,LVA,2360.171482,158.8570184,-0.423
Temperature change on land,Latvia,Meteorological year,1997,LVA,2609.893087,157.7022211,0.757
Temperature change on land,Latvia,Meteorological year,1998,LVA,2893.799987,156.2232069,0.644
Temperature change on land,Latvia,Meteorological year,1999,LVA,3063.897946,154.4487502,1.544
Temperature change on land,Latvia,Meteorological year,2000,LVA,3278.178964,152.452172,2.011
Temperature change on land,Latvia,Meteorological year,2001,LVA,3504.618295,148.9830466,1.811
Temperature change on land,Latvia,Meteorological year,2002,LVA,4003.609358,143.4943999,1.71
Temperature change on land,Latvia,Meteorological year,2003,LVA,4914.579928,137.136746,0.228
Temperature change on land,Latvia,Meteorological year,2004,LVA,6109.732652,131.0357494,1.009
Temperature change on land,Latvia,Meteorological year,2005,LVA,7283.787381,126.3282061,1.345
Temperature change on land,Latvia,Meteorological year,2006,LVA,9211.737447,122.8280114,1.076
Temperature change on land,Latvia,Meteorological year,2007,LVA,13370.97895,119.6053608,2.195
Temperature change on land,Latvia,Meteorological year,2008,LVA,15677.60809,116.6768181,2.387
Temperature change on land,Latvia,Meteorological year,2009,LVA,11996.03227,114.0569523,1.508
Temperature change on land,Latvia,Meteorological year,2010,LVA,11188.41917,111.7621725,0.669
Temperature change on land,Latvia,Meteorological year,2011,LVA,12902.57405,109.4886405,1.132
Temperature change on land,Latvia,Meteorological year,2012,LVA,13329.34999,107.1157702,1.389
Temperature change on land,Latvia,Meteorological year,2013,LVA,14484.47153,104.8824456,1.055
Temperature change on land,Latvia,Meteorological year,2014,LVA,15185.81458,103.0368981,2.302
Temperature change on land,Latvia,Meteorological year,2015,LVA,13321.97531,101.84332,2.139
Temperature change on land,Latvia,Meteorological year,2016,LVA,13838.52668,101.1930242,1.921
Temperature change on land,Latvia,Meteorological year,2017,LVA,15132.49583,100.774354,1.479
Temperature change on land,Latvia,Meteorological year,2018,LVA,17252.17104,100.530667,2.336
Temperature change on land,Latvia,Meteorological year,2019,LVA,17294.97516,100.4107272,2.427
Temperature change on land,Latvia,Meteorological year,2020,LVA,17564.23215,100.3557282,3.52
Temperature change on land,Latvia,Meteorological year,2021,LVA,20262.84339,105.6389129,1.953
Temperature change on land,Lebanon,Meteorological year,1990,LBN,789.5263385,34.42994025,0.029
Temperature change on land,Lebanon,Meteorological year,1991,LBN,1278.421257,34.37953672,0.393
Temperature change on land,Lebanon,Meteorological year,1992,LBN,1559.381006,34.3130693,-1.03
Temperature change on land,Lebanon,Meteorological year,1993,LBN,2078.638642,34.24024095,-0.446
Temperature change on land,Lebanon,Meteorological year,1994,LBN,2467.769427,34.17091619,1.05
Temperature change on land,Lebanon,Meteorological year,1995,LBN,2958.74264,34.10978635,0.055
Temperature change on land,Lebanon,Meteorological year,1996,LBN,3393.050907,34.0387973,0.401
Temperature change on land,Lebanon,Meteorological year,1997,LBN,3834.059079,33.94078028,-0.098
Temperature change on land,Lebanon,Meteorological year,1998,LBN,4124.855279,33.82762646,0.999
Temperature change on land,Lebanon,Meteorological year,1999,LBN,4086.938728,33.7123631,1.081
Temperature change on land,Lebanon,Meteorological year,2000,LBN,3986.835139,33.60474737,0.531
Temperature change on land,Lebanon,Meteorological year,2001,LBN,4009.559298,33.4896761,1.131
Temperature change on land,Lebanon,Meteorological year,2002,LBN,4290.852838,33.36451417,0.819
Temperature change on land,Lebanon,Meteorological year,2003,LBN,4437.715885,33.25483009,0.632
Temperature change on land,Lebanon,Meteorological year,2004,LBN,4600.683714,33.18012002,0.649
Temperature change on land,Lebanon,Meteorological year,2005,LBN,4602.198046,33.16608625,0.295
Temperature change on land,Lebanon,Meteorological year,2006,LBN,4635.251412,33.24656401,0.72
Temperature change on land,Lebanon,Meteorological year,2007,LBN,5125.2581,33.4101516,0.71
Temperature change on land,Lebanon,Meteorological year,2008,LBN,5912.045328,33.63158243,0.983
Temperature change on land,Lebanon,Meteorological year,2009,LBN,7090.854939,33.88647878,0.826
Temperature change on land,Lebanon,Meteorological year,2010,LBN,7625.810516,34.14204487,2.318
Temperature change on land,Lebanon,Meteorological year,2011,LBN,7834.962571,34.40860898,0.625
Temperature change on land,Lebanon,Meteorological year,2012,LBN,8406.984056,34.69119571,0.999
Temperature change on land,Lebanon,Meteorological year,2013,LBN,8162.379294,34.92246161,1.221
Temperature change on land,Lebanon,Meteorological year,2014,LBN,7577.64133,35.09579548,1.021
Temperature change on land,Lebanon,Meteorological year,2015,LBN,7714.11,35.28435094,1.381
Temperature change on land,Lebanon,Meteorological year,2016,LBN,8089.012088,35.59265275,1.67
Temperature change on land,Lebanon,Meteorological year,2017,LBN,8608.21085,35.99144233,1.05
Temperature change on land,Lebanon,Meteorological year,2018,LBN,9174.536662,36.37905334,2.178
Temperature change on land,Lebanon,Meteorological year,2019,LBN,8905.880055,36.69541581,1.426
Temperature change on land,Lebanon,Meteorological year,2020,LBN,5561.19167,37.07191132,1.639
Temperature change on land,Lebanon,Meteorological year,2021,LBN,4045.373911,38.95254549,2.053
Temperature change on land,Lesotho,Meteorological year,1990,LSO,329.5637852,56.76994658,0.327
Temperature change on land,Lesotho,Meteorological year,1991,LSO,382.2912477,56.7511057,0.482
Temperature change on land,Lesotho,Meteorological year,1992,LSO,443.6242972,56.96313646,0.946
Temperature change on land,Lesotho,Meteorological year,1993,LSO,439.3654107,57.37392344,0.995
Temperature change on land,Lesotho,Meteorological year,1994,LSO,455.5935862,57.94855512,0.065
Temperature change on land,Lesotho,Meteorological year,1995,LSO,513.4134488,58.65098646,0.698
Temperature change on land,Lesotho,Meteorological year,1996,LSO,479.6713946,59.72272958,-0.244
Temperature change on land,Lesotho,Meteorological year,1997,LSO,501.9813889,61.30570126,0.22
Temperature change on land,Lesotho,Meteorological year,1998,LSO,464.6837455,63.21396256,0.935
Temperature change on land,Lesotho,Meteorological year,1999,LSO,455.6500544,65.25826811,1.198
Temperature change on land,Lesotho,Meteorological year,2000,LSO,442.7795458,67.24578379,0.304
Temperature change on land,Lesotho,Meteorological year,2001,LSO,412.6774737,69.39828373,0.522
Temperature change on land,Lesotho,Meteorological year,2002,LSO,388.9233499,71.91856662,0.632
Temperature change on land,Lesotho,Meteorological year,2003,LSO,583.2700362,74.58844988,1.131
Temperature change on land,Lesotho,Meteorological year,2004,LSO,766.6858209,77.18521113,1.262
Temperature change on land,Lesotho,Meteorological year,2005,LSO,861.3814964,79.47734541,1.419
Temperature change on land,Lesotho,Meteorological year,2006,LSO,925.4674855,81.6431886,0.794
Temperature change on land,Lesotho,Meteorological year,2007,LSO,861.1884209,83.90707307,1.043
Temperature change on land,Lesotho,Meteorological year,2008,LSO,898.4825179,86.1030065,1.168
Temperature change on land,Lesotho,Meteorological year,2009,LSO,878.8479505,88.06893721,0.783
Temperature change on land,Lesotho,Meteorological year,2010,LSO,1119.475578,89.64589631,1.301
Temperature change on land,Lesotho,Meteorological year,2011,LSO,1280.733909,90.96170178,0.747
Temperature change on land,Lesotho,Meteorological year,2012,LSO,1217.930712,92.23345369,1.216
Temperature change on land,Lesotho,Meteorological year,2013,LSO,1151.037358,93.42370674,1.227
Temperature change on land,Lesotho,Meteorological year,2014,LSO,1173.537793,94.49245324,1.313
Temperature change on land,Lesotho,Meteorological year,2015,LSO,1121.198513,95.40454397,1.77
Temperature change on land,Lesotho,Meteorological year,2016,LSO,992.4918407,96.25109845,2.161
Temperature change on land,Lesotho,Meteorological year,2017,LSO,1069.366732,97.11025486,1.445
Temperature change on land,Lesotho,Meteorological year,2018,LSO,1170.655697,97.92400435,1.309
Temperature change on land,Lesotho,Meteorological year,2019,LSO,1082.057068,98.64292298,2.019
Temperature change on land,Lesotho,Meteorological year,2020,LSO,918.5825774,99.86427937,1.299
Temperature change on land,Lesotho,Meteorological year,2021,LSO,1066.586451,94.39016408,1.37
Temperature change on land,Liberia,Meteorological year,1990,LBR,172.8676101,28.84928972,0.541
Temperature change on land,Liberia,Meteorological year,1991,LBR,177.8670066,29.0250853,0.519
Temperature change on land,Liberia,Meteorological year,1992,LBR,107.8428014,29.0658406,0.233
Temperature change on land,Liberia,Meteorological year,1993,LBR,74.42720286,29.06022961,0.487
Temperature change on land,Liberia,Meteorological year,1994,LBR,61.49043131,29.1163314,0.453
Temperature change on land,Liberia,Meteorological year,1995,LBR,62.14381406,29.19883692,0.541
Temperature change on land,Liberia,Meteorological year,1996,LBR,71.40652487,29.32694069,0.485
Temperature change on land,Liberia,Meteorological year,1997,LBR,122.6279937,29.53359522,0.935
Temperature change on land,Liberia,Meteorological year,1998,LBR,134.6753934,29.75770153,1.283
Temperature change on land,Liberia,Meteorological year,1999,LBR,156.5731669,29.97050193,0.768
Temperature change on land,Liberia,Meteorological year,2000,LBR,298.4853406,30.14730409,0.486
Temperature change on land,Liberia,Meteorological year,2001,LBR,300.4638286,30.29819277,0.503
Temperature change on land,Liberia,Meteorological year,2002,LBR,299.5364455,30.47979928,0.856
Temperature change on land,Liberia,Meteorological year,2003,LBR,239.7795567,30.67307862,0.955
Temperature change on land,Liberia,Meteorological year,2004,LBR,284.140224,30.85325215,0.923
Temperature change on land,Liberia,Meteorological year,2005,LBR,287.4873334,31.00046574,1.028
Temperature change on land,Liberia,Meteorological year,2006,LBR,320.5580862,31.14264435,1.041
Temperature change on land,Liberia,Meteorological year,2007,LBR,374.2113081,31.32884432,0.964
Temperature change on land,Liberia,Meteorological year,2008,LBR,451.7138563,31.51287756,1.112
Temperature change on land,Liberia,Meteorological year,2009,LBR,448.386367,31.67405188,1.34
Temperature change on land,Liberia,Meteorological year,2010,LBR,492.252808,31.78464468,1.349
Temperature change on land,Liberia,Meteorological year,2011,LBR,568.0878655,31.82899308,1.022
Temperature change on land,Liberia,Meteorological year,2012,LBR,638.3687515,31.85355334,0.797
Temperature change on land,Liberia,Meteorological year,2013,LBR,710.7445709,31.86503359,0.901
Temperature change on land,Liberia,Meteorological year,2014,LBR,706.7144901,31.89130412,0.86
Temperature change on land,Liberia,Meteorological year,2015,LBR,692.5900824,31.94157728,1.273
Temperature change on land,Liberia,Meteorological year,2016,LBR,714.6130631,32.06143678,1.454
Temperature change on land,Liberia,Meteorological year,2017,LBR,699.2690957,32.26268478,1.474
Temperature change on land,Liberia,Meteorological year,2018,LBR,692.2031271,32.49297941,1.23
Temperature change on land,Liberia,Meteorological year,2019,LBR,658.1641808,32.71237666,1.29
Temperature change on land,Liberia,Meteorological year,2020,LBR,616.787867,33.11683227,1.446
Temperature change on land,Liberia,Meteorological year,2021,LBR,667.9661051,33.0622119,1.363
Temperature change on land,Libya,Meteorological year,1990,LBY,6502.278866,33.45488065,0.49
Temperature change on land,Libya,Meteorological year,1991,LBY,7039.83392,33.93099434,0.192
Temperature change on land,Libya,Meteorological year,1992,LBY,7302.689087,34.31443285,-0.462
Temperature change on land,Libya,Meteorological year,1993,LBY,6477.870358,34.60386471,0.286
Temperature change on land,Libya,Meteorological year,1994,LBY,5933.291214,34.798402,0.488
Temperature change on land,Libya,Meteorological year,1995,LBY,5205.257064,34.89132871,0.384
Temperature change on land,Libya,Meteorological year,1996,LBY,5591.020275,34.71199257,0.589
Temperature change on land,Libya,Meteorological year,1997,LBY,6061.81366,34.23139089,0.474
Temperature change on land,Libya,Meteorological year,1998,LBY,5301.083548,33.64700134,0.734
Temperature change on land,Libya,Meteorological year,1999,LBY,6894.518755,33.15854657,1.226
Temperature change on land,Libya,Meteorological year,2000,LBY,7214.100404,32.96101257,0.302
Temperature change on land,Libya,Meteorological year,2001,LBY,6312.800305,33.11020974,1.269
Temperature change on land,Libya,Meteorological year,2002,LBY,3718.294347,33.46446352,0.897
Temperature change on land,Libya,Meteorological year,2003,LBY,4674.099432,33.92883849,0.975
Temperature change on land,Libya,Meteorological year,2004,LBY,5773.763332,34.40855435,0.752
Temperature change on land,Libya,Meteorological year,2005,LBY,8079.249573,34.80992568,0.725
Temperature change on land,Libya,Meteorological year,2006,LBY,10048.84804,35.15293411,0.826
Temperature change on land,Libya,Meteorological year,2007,LBY,11144.94484,35.51372504,0.766
Temperature change on land,Libya,Meteorological year,2008,LBY,13906.14078,35.8755692,0.789
Temperature change on land,Libya,Meteorological year,2009,LBY,9551.054039,36.22418066,0.668
Temperature change on land,Libya,Meteorological year,2010,LBY,11600.90686,36.5471406,1.966
Temperature change on land,Libya,Meteorological year,2011,LBY,7593.839153,36.9352,0.821
Temperature change on land,Libya,Meteorological year,2012,LBY,14975.89028,37.42152493,0.795
Temperature change on land,Libya,Meteorological year,2013,LBY,11951.71341,37.91191727,1.201
Temperature change on land,Libya,Meteorological year,2014,LBY,8926.420746,38.32097605,1.264
Temperature change on land,Libya,Meteorological year,2015,LBY,7458.489178,38.56135504,0.699
Temperature change on land,Libya,Meteorological year,2016,LBY,7525.802993,38.62856981,1.631
Temperature change on land,Libya,Meteorological year,2017,LBY,9965.832367,38.61979989,0.332
Temperature change on land,Libya,Meteorological year,2018,LBY,11196.58548,38.59834167,1.764
Temperature change on land,Libya,Meteorological year,2019,LBY,9963.194891,38.63063778,0.987
Temperature change on land,Libya,Meteorological year,2020,LBY,6650.338106,38.86896612,1.152
Temperature change on land,Libya,Meteorological year,2021,LBY,4935.827873,40.08341475,1.94
Temperature change on land,Lithuania,Meteorological year,1995,LTU,2182.691569,202.3247662,1.52
Temperature change on land,Lithuania,Meteorological year,1996,LTU,2340.67546,206.6420619,-0.514
Temperature change on land,Lithuania,Meteorological year,1997,LTU,2844.162868,212.8787102,0.53
Temperature change on land,Lithuania,Meteorological year,1998,LTU,3180.644986,219.3906662,0.744
Temperature change on land,Lithuania,Meteorological year,1999,LTU,3127.511767,224.5255945,1.489
Temperature change on land,Lithuania,Meteorological year,2000,LTU,3300.636349,226.6438366,2.032
Temperature change on land,Lithuania,Meteorological year,2001,LTU,3532.527874,225.3003967,1.804
Temperature change on land,Lithuania,Meteorological year,2002,LTU,4148.130915,221.8017944,1.915
Temperature change on land,Lithuania,Meteorological year,2003,LTU,5507.474342,217.1266667,0.18
Temperature change on land,Lithuania,Meteorological year,2004,LTU,6734.574871,212.2559028,0.883
Temperature change on land,Lithuania,Meteorological year,2005,LTU,7857.031488,208.1671361,1.209
Temperature change on land,Lithuania,Meteorological year,2006,LTU,9210.101182,204.7263374,0.926
Temperature change on land,Lithuania,Meteorological year,2007,LTU,12295.12128,201.1995848,2.199
Temperature change on land,Lithuania,Meteorological year,2008,LTU,14955.53455,197.6470543,2.221
Temperature change on land,Lithuania,Meteorological year,2009,LTU,11854.37111,194.1597267,1.393
Temperature change on land,Lithuania,Meteorological year,2010,LTU,11829.12261,190.8094706,0.743
Temperature change on land,Lithuania,Meteorological year,2011,LTU,14261.84338,186.7057732,0.942
Temperature change on land,Lithuania,Meteorological year,2012,LTU,14294.71786,181.5056449,1.359
Temperature change on land,Lithuania,Meteorological year,2013,LTU,15655.35133,176.1144611,0.95
Temperature change on land,Lithuania,Meteorological year,2014,LTU,16473.56782,171.4413293,2.224
Temperature change on land,Lithuania,Meteorological year,2015,LTU,14300.25537,168.3827304,2.09
Temperature change on land,Lithuania,Meteorological year,2016,LTU,14981.62081,166.4940809,1.937
Temperature change on land,Lithuania,Meteorological year,2017,LTU,16884.71003,164.843437,1.534
Temperature change on land,Lithuania,Meteorological year,2018,LTU,19368.5391,163.6167172,2.419
Temperature change on land,Lithuania,Meteorological year,2019,LTU,19727.76075,162.9638798,2.612
Temperature change on land,Lithuania,Meteorological year,2020,LTU,20541.82499,163.5290482,3.418
Temperature change on land,Lithuania,Meteorological year,2021,LTU,23934.72849,150.4130742,1.764
Temperature change on land,Luxembourg,Meteorological year,2000,LUX,48659.59888,100.2698155,1.663
Temperature change on land,Luxembourg,Meteorological year,2001,LUX,48440.14202,98.07436353,1.447
Temperature change on land,Luxembourg,Meteorological year,2002,LUX,53005.73392,95.37413445,1.404
Temperature change on land,Luxembourg,Meteorological year,2003,LUX,65689.32145,92.47790185,1.703
Temperature change on land,Luxembourg,Meteorological year,2004,LUX,76544.91709,89.74196379,1.023
Temperature change on land,Luxembourg,Meteorological year,2005,LUX,80988.13762,87.51685376,1.142
Temperature change on land,Luxembourg,Meteorological year,2006,LUX,90788.80049,85.60276992,1.375
Temperature change on land,Luxembourg,Meteorological year,2007,LUX,107475.3203,83.6635986,1.96
Temperature change on land,Luxembourg,Meteorological year,2008,LUX,120422.1379,81.8104163,1.294
Temperature change on land,Luxembourg,Meteorological year,2009,LUX,109419.747,80.16142935,1.195
Temperature change on land,Luxembourg,Meteorological year,2010,LUX,110885.9914,78.86304055,0.333
Temperature change on land,Luxembourg,Meteorological year,2011,LUX,119025.0572,77.75669726,1.35
Temperature change on land,Luxembourg,Meteorological year,2012,LUX,112584.6763,76.63609282,1.276
Temperature change on land,Luxembourg,Meteorological year,2013,LUX,120000.1407,75.60800668,0.586
Temperature change on land,Luxembourg,Meteorological year,2014,LUX,123678.7021,74.74778824,2.488
Temperature change on land,Luxembourg,Meteorological year,2015,LUX,105462.0126,74.14267971,1.538
Temperature change on land,Luxembourg,Meteorological year,2016,LUX,106899.2935,74.01826086,1.892
Temperature change on land,Luxembourg,Meteorological year,2017,LUX,110193.2138,74.33555133,1.66
Temperature change on land,Luxembourg,Meteorological year,2018,LUX,116786.5117,74.74192725,2.476
Temperature change on land,Luxembourg,Meteorological year,2019,LUX,112726.4397,74.86845028,2.164
Temperature change on land,Luxembourg,Meteorological year,2020,LUX,116905.3704,74.52803478,2.636
Temperature change on land,Luxembourg,Meteorological year,2021,LUX,133711.7944,74.53549125,1.161
Temperature change on land,Luxembourg,Meteorological year,1990,LUX,33465.47821,110.6342898,1.497
Temperature change on land,Luxembourg,Meteorological year,1991,LUX,35747.3378,110.6828512,0.269
Temperature change on land,Luxembourg,Meteorological year,1992,LUX,39570.86157,110.4833602,1.021
Temperature change on land,Luxembourg,Meteorological year,1993,LUX,40066.72425,110.0723637,0.364
Temperature change on land,Luxembourg,Meteorological year,1994,LUX,43933.23544,109.4889739,1.607
Temperature change on land,Luxembourg,Meteorological year,1995,LUX,51032.34964,108.7512038,1.504
Temperature change on land,Luxembourg,Meteorological year,1996,LUX,50444.35912,107.6646035,-0.493
Temperature change on land,Luxembourg,Meteorological year,1997,LUX,46641.64088,106.0953812,0.686
Temperature change on land,Luxembourg,Meteorological year,1998,LUX,47445.38108,104.2112741,1.036
Temperature change on land,Luxembourg,Meteorological year,1999,LUX,50872.44927,102.2077843,1.452
Temperature change on land,Macedonia,Meteorological year,1990,MKD,2277.303723,56.80367628,1.006
Temperature change on land,Macedonia,Meteorological year,1991,MKD,2402.135177,56.99903456,-0.116
Temperature change on land,Madagascar,Meteorological year,1990,MDG,326.0992532,32.36677895,0.038
Temperature change on land,Madagascar,Meteorological year,1991,MDG,262.0244024,32.29272696,0.345
Temperature change on land,Madagascar,Meteorological year,1992,MDG,290.2120464,32.18915939,0.341
Temperature change on land,Madagascar,Meteorological year,1993,MDG,307.8876031,32.06204957,0.099
Temperature change on land,Madagascar,Meteorological year,1994,MDG,258.7238064,31.91727806,0.241
Temperature change on land,Madagascar,Meteorological year,1995,MDG,273.1496539,31.75954429,0.254
Temperature change on land,Madagascar,Meteorological year,1996,MDG,339.8772837,31.49911101,0.066
Temperature change on land,Madagascar,Meteorological year,1997,MDG,284.371844,31.10298363,0.569
Temperature change on land,Madagascar,Meteorological year,1998,MDG,284.1929231,30.66032752,0.699
Temperature change on land,Madagascar,Meteorological year,1999,MDG,267.360531,30.26231612,0.267
Temperature change on land,Madagascar,Meteorological year,2000,MDG,280.2829056,29.99579743,0.372
Temperature change on land,Madagascar,Meteorological year,2001,MDG,319.2832782,29.83973805,0.503
Temperature change on land,Madagascar,Meteorological year,2002,MDG,304.9417774,29.70922114,0.437
Temperature change on land,Madagascar,Meteorological year,2003,MDG,352.6200958,29.59138106,0.488
Temperature change on land,Madagascar,Meteorological year,2004,MDG,272.2007486,29.47314139,0.264
Temperature change on land,Madagascar,Meteorological year,2005,MDG,305.8120749,29.34136064,0.425
Temperature change on land,Madagascar,Meteorological year,2006,MDG,324.1468749,29.16121528,0.596
Temperature change on land,Madagascar,Meteorological year,2007,MDG,419.5480014,28.93206544,0.496
Temperature change on land,Madagascar,Meteorological year,2008,MDG,512.5798001,28.69055653,0.322
Temperature change on land,Madagascar,Meteorological year,2009,MDG,446.3152384,28.47403646,0.667
Temperature change on land,Madagascar,Meteorological year,2010,MDG,450.0093916,28.31928805,0.92
Temperature change on land,Madagascar,Meteorological year,2011,MDG,506.1636916,28.19805886,0.832
Temperature change on land,Madagascar,Meteorological year,2012,MDG,493.5111629,28.07074547,0.641
Temperature change on land,Madagascar,Meteorological year,2013,MDG,515.3015894,27.95471395,0.538
Temperature change on land,Madagascar,Meteorological year,2014,MDG,505.6849225,27.867431,0.589
Temperature change on land,Madagascar,Meteorological year,2015,MDG,445.3200695,27.82557088,0.942
Temperature change on land,Madagascar,Meteorological year,2016,MDG,453.9707145,27.86591539,0.895
Temperature change on land,Madagascar,Meteorological year,2017,MDG,491.8668487,27.98581249,1.2
Temperature change on land,Madagascar,Meteorological year,2018,MDG,500.4571855,28.14168927,0.937
Temperature change on land,Madagascar,Meteorological year,2019,MDG,499.8188376,28.29026042,1.359
Temperature change on land,Madagascar,Meteorological year,2020,MDG,450.7716152,28.71582722,1.033
Temperature change on land,Madagascar,Meteorological year,2021,MDG,490.2062386,28.90286775,1.121
Temperature change on land,Malawi,Meteorological year,1990,MWI,286.730599,31.58975243,0.75
Temperature change on land,Malawi,Meteorological year,1991,MWI,325.7527311,31.73169415,0.302
Temperature change on land,Malawi,Meteorological year,1992,MWI,258.3934309,31.85330634,0.848
Temperature change on land,Malawi,Meteorological year,1993,MWI,293.0168831,31.95431618,0.177
Temperature change on land,Malawi,Meteorological year,1994,MWI,169.1965269,32.03148161,0.295
Temperature change on land,Malawi,Meteorological year,1995,MWI,200.36237,32.08294041,0.803
Temperature change on land,Malawi,Meteorological year,1996,MWI,320.6627356,32.11240821,0.497
Temperature change on land,Malawi,Meteorological year,1997,MWI,366.9544613,32.1143134,0.695
Temperature change on land,Malawi,Meteorological year,1998,MWI,236.0454795,32.07921884,1.188
Temperature change on land,Malawi,Meteorological year,1999,MWI,233.9359862,32.00161633,0.244
Temperature change on land,Malawi,Meteorological year,2000,MWI,224.2241592,31.87326433,0.951
Temperature change on land,Malawi,Meteorological year,2001,MWI,215.4745249,31.70283291,0.818
Temperature change on land,Malawi,Meteorological year,2002,MWI,428.2104398,31.50472122,0.948
Temperature change on land,Malawi,Meteorological year,2003,MWI,383.3485969,31.27866762,1.214
Temperature change on land,Malawi,Meteorological year,2004,MWI,404.6742484,31.02468629,0.853
Temperature change on land,Malawi,Meteorological year,2005,MWI,414.361122,30.74220333,1.452
Temperature change on land,Malawi,Meteorological year,2006,MWI,440.822149,30.4080798,1.121
Temperature change on land,Malawi,Meteorological year,2007,MWI,475.1802617,30.0281913,1.062
Temperature change on land,Malawi,Meteorological year,2008,MWI,554.0488204,29.64560622,0.467
Temperature change on land,Malawi,Meteorological year,2009,MWI,625.8697299,29.30531432,0.757
Temperature change on land,Malawi,Meteorological year,2010,MWI,683.1246947,29.0491199,1.21
Temperature change on land,Malawi,Meteorological year,2011,MWI,763.0610004,28.83249775,0.98
Temperature change on land,Malawi,Meteorological year,2012,MWI,558.4620883,28.60387517,0.998
Temperature change on land,Malawi,Meteorological year,2013,MWI,496.9473683,28.39379276,0.853
Temperature change on land,Malawi,Meteorological year,2014,MWI,529.513344,28.2335481,1.142
Temperature change on land,Malawi,Meteorological year,2015,MWI,539.6053632,28.15322713,1.316
Temperature change on land,Malawi,Meteorological year,2016,MWI,450.5061055,28.20600777,1.409
Temperature change on land,Malawi,Meteorological year,2017,MWI,495.7696834,28.37832447,1.276
Temperature change on land,Malawi,Meteorological year,2018,MWI,533.2031737,28.59948801,1.141
Temperature change on land,Malawi,Meteorological year,2019,MWI,580.8898161,28.79967489,1.258
Temperature change on land,Malawi,Meteorological year,2020,MWI,602.5074782,29.30333034,1.456
Temperature change on land,Malawi,Meteorological year,2021,MWI,617.4475208,29.37430601,1.117
Temperature change on land,Malaysia,Meteorological year,1990,MYS,2468.690803,34.34908296,0.393
Temperature change on land,Malaysia,Meteorological year,1991,MYS,2679.201011,34.2615276,0.335
Temperature change on land,Malaysia,Meteorological year,1992,MYS,3141.43322,34.1377594,0.267
Temperature change on land,Malaysia,Meteorological year,1993,MYS,3461.995042,33.98333482,0.104
Temperature change on land,Malaysia,Meteorological year,1994,MYS,3757.652929,33.80645083,0.25
Temperature change on land,Malaysia,Meteorological year,1995,MYS,4363.144583,33.61597496,0.371
Temperature change on land,Malaysia,Meteorological year,1996,MYS,4837.168973,33.35039087,0.302
Temperature change on land,Malaysia,Meteorological year,1997,MYS,4678.563901,32.97785404,0.525
Temperature change on land,Malaysia,Meteorological year,1998,MYS,3294.309784,32.56759126,1.129
Temperature change on land,Malaysia,Meteorological year,1999,MYS,3527.815814,32.18711403,0.329
Temperature change on land,Malaysia,Meteorological year,2000,MYS,4083.528745,31.90392542,0.282
Temperature change on land,Malaysia,Meteorological year,2001,MYS,3943.799439,31.66754156,0.441
Temperature change on land,Malaysia,Meteorological year,2002,MYS,4184.031638,31.41724957,0.593
Temperature change on land,Malaysia,Meteorological year,2003,MYS,4465.321946,31.17439317,0.665
Temperature change on land,Malaysia,Meteorological year,2004,MYS,4939.248519,30.96164158,0.597
Temperature change on land,Malaysia,Meteorological year,2005,MYS,5555.5818,30.8019479,0.773
Temperature change on land,Malaysia,Meteorological year,2006,MYS,6158.407855,30.67156259,0.515
Temperature change on land,Malaysia,Meteorological year,2007,MYS,7168.930319,30.54774021,0.552
Temperature change on land,Malaysia,Meteorological year,2008,MYS,8371.821561,30.44470227,0.418
Temperature change on land,Malaysia,Meteorological year,2009,MYS,7191.432872,30.37817171,0.673
Temperature change on land,Malaysia,Meteorological year,2010,MYS,8899.345055,30.36500688,0.908
Temperature change on land,Malaysia,Meteorological year,2011,MYS,10217.10686,30.39421235,0.545
Temperature change on land,Malaysia,Meteorological year,2012,MYS,10600.57442,30.44765054,0.704
Temperature change on land,Malaysia,Meteorological year,2013,MYS,10713.64076,30.52297398,0.931
Temperature change on land,Malaysia,Meteorological year,2014,MYS,11013.31073,30.62147362,0.944
Temperature change on land,Malaysia,Meteorological year,2015,MYS,9648.679794,30.74608481,1.131
Temperature change on land,Malaysia,Meteorological year,2016,MYS,9476.534098,31.07162027,1.558
Temperature change on land,Malaysia,Meteorological year,2017,MYS,9862.548066,31.64674078,1.093
Temperature change on land,Malaysia,Meteorological year,2018,MYS,10901.802,32.2698945,1.128
Temperature change on land,Malaysia,Meteorological year,2019,MYS,10920.19176,32.74151166,1.415
Temperature change on land,Malaysia,Meteorological year,2020,MYS,9957.526267,33.07459239,1.358
Temperature change on land,Malaysia,Meteorological year,2021,MYS,10903.11164,35.9631074,1.177
Temperature change on land,Maldives,Meteorological year,1990,MDV,956.7630198,35.88781485,0.387
Temperature change on land,Maldives,Meteorological year,1991,MDV,1054.334138,36.00698618,0.427
Temperature change on land,Maldives,Meteorological year,1992,MDV,1194.232524,36.00151372,0.033
Temperature change on land,Maldives,Meteorological year,1993,MDV,1316.614549,35.87613103,0.179
Temperature change on land,Maldives,Meteorological year,1994,MDV,1419.392765,35.64054705,0.379
Temperature change on land,Maldives,Meteorological year,1995,MDV,1554.609428,35.30201916,0.67
Temperature change on land,Maldives,Meteorological year,1996,MDV,1716.742818,34.71941311,0.35
Temperature change on land,Maldives,Meteorological year,1997,MDV,1898.43225,33.84323507,0.456
Temperature change on land,Maldives,Meteorological year,1998,MDV,1980.384484,32.8311433,0.947
Temperature change on land,Maldives,Meteorological year,1999,MDV,2124.060075,31.84033199,0.298
Temperature change on land,Maldives,Meteorological year,2000,MDV,2213.812351,31.02361097,0.259
Temperature change on land,Maldives,Meteorological year,2001,MDV,3033.932345,30.35802559,0.544
Temperature change on land,Maldives,Meteorological year,2002,MDV,3076.070072,29.72284807,0.703
Temperature change on land,Maldives,Meteorological year,2003,MDV,3548.576701,29.13264864,0.604
Temperature change on land,Maldives,Meteorological year,2004,MDV,4070.260946,28.60200362,0.474
Temperature change on land,Maldives,Meteorological year,2005,MDV,3796.515465,28.14627811,0.899
Temperature change on land,Maldives,Meteorological year,2006,MDV,5018.943354,27.70315955,0.442
Temperature change on land,Maldives,Meteorological year,2007,MDV,5758.102869,27.24337748,0.489
Temperature change on land,Maldives,Meteorological year,2008,MDV,6757.432809,26.81212255,0.288
Temperature change on land,Maldives,Meteorological year,2009,MDV,6734.031656,26.45524729,0.635
Temperature change on land,Maldives,Meteorological year,2010,MDV,7173.596018,26.21895817,0.785
Temperature change on land,Maldives,Meteorological year,2011,MDV,7424.520411,26.04511042,0.639
Temperature change on land,Maldives,Meteorological year,2012,MDV,7461.297037,25.86952326,0.628
Temperature change on land,Maldives,Meteorological year,2013,MDV,8236.081779,25.72472876,0.694
Temperature change on land,Maldives,Meteorological year,2014,MDV,8939.074166,25.64555556,0.774
Temperature change on land,Maldives,Meteorological year,2015,MDV,9644.90655,25.668449,0.907
Temperature change on land,Maldives,Meteorological year,2016,MDV,9947.807447,25.99034502,0.946
Temperature change on land,Maldives,Meteorological year,2017,MDV,10509.62881,26.61054735,0.807
Temperature change on land,Maldives,Meteorological year,2018,MDV,11423.28384,27.28342687,0.751
Temperature change on land,Maldives,Meteorological year,2019,MDV,11740.2724,27.7731708,1.057
Temperature change on land,Maldives,Meteorological year,2020,MDV,7393.888654,28.11481931,1.035
Temperature change on land,Maldives,Meteorological year,2021,MDV,10176.14388,31.2048383,0.963
Temperature change on land,Mali,Meteorological year,1990,MLI,292.1845321,29.33395252,0.919
Temperature change on land,Mali,Meteorological year,1991,MLI,290.949914,29.37384078,0.718
Temperature change on land,Mali,Meteorological year,1992,MLI,296.2957582,29.39250067,0.214
Temperature change on land,Mali,Meteorological year,1993,MLI,288.9126512,29.39692456,1.043
Temperature change on land,Mali,Meteorological year,1994,MLI,208.8732841,29.3870129,0.223
Temperature change on land,Mali,Meteorological year,1995,MLI,265.7170516,29.3580073,0.6
Temperature change on land,Mali,Meteorological year,1996,MLI,267.1613124,29.28927373,1.194
Temperature change on land,Mali,Meteorological year,1997,MLI,253.3327469,29.18021763,0.903
Temperature change on land,Mali,Meteorological year,1998,MLI,267.442574,29.04796449,1.226
Temperature change on land,Mali,Meteorological year,1999,MLI,306.4574267,28.89513331,0.364
Temperature change on land,Mali,Meteorological year,2000,MLI,256.199555,28.7288613,0.653
Temperature change on land,Mali,Meteorological year,2001,MLI,291.1594979,28.51191211,0.587
Temperature change on land,Mali,Meteorological year,2002,MLI,318.042432,28.23041808,1.249
Temperature change on land,Mali,Meteorological year,2003,MLI,371.6270164,27.9236972,1.256
Temperature change on land,Mali,Meteorological year,2004,MLI,416.2783444,27.62911577,1.216
Temperature change on land,Mali,Meteorological year,2005,MLI,461.4579203,27.38428043,1.373
Temperature change on land,Mali,Meteorological year,2006,MLI,493.6287065,27.18081204,1.083
Temperature change on land,Mali,Meteorological year,2007,MLI,564.1579583,26.99593202,0.913
Temperature change on land,Mali,Meteorological year,2008,MLI,658.4931833,26.83992808,0.527
Temperature change on land,Mali,Meteorological year,2009,MLI,662.8833881,26.72276733,0.961
Temperature change on land,Mali,Meteorological year,2010,MLI,670.369099,26.65470149,1.655
Temperature change on land,Mali,Meteorological year,2011,MLI,789.0627255,26.63135914,1.227
Temperature change on land,Mali,Meteorological year,2012,MLI,733.7389353,26.6407252,0.421
Temperature change on land,Mali,Meteorological year,2013,MLI,758.4755326,26.67766761,0.99
Temperature change on land,Mali,Meteorological year,2014,MLI,797.1545108,26.73530703,0.853
Temperature change on land,Mali,Meteorological year,2015,MLI,704.8216464,26.80903393,1.097
Temperature change on land,Mali,Meteorological year,2016,MLI,730.8549382,26.923761,1.18
Temperature change on land,Mali,Meteorological year,2017,MLI,775.5364921,27.08908128,1.429
Temperature change on land,Mali,Meteorological year,2018,MLI,835.0867106,27.27848855,1.099
Temperature change on land,Mali,Meteorological year,2019,MLI,820.1973908,27.46557296,1.107
Temperature change on land,Mali,Meteorological year,2020,MLI,804.3439567,27.83607483,1.091
Temperature change on land,Mali,Meteorological year,2021,MLI,862.4674001,28.8959677,1.762
Temperature change on land,Malta,Meteorological year,1990,MLT,7192.394102,37.16392639,1.299
Temperature change on land,Malta,Meteorological year,1991,MLT,7558.754389,37.10119925,0.215
Temperature change on land,Malta,Meteorological year,1992,MLT,8220.339253,37.08725291,0.343
Temperature change on land,Malta,Meteorological year,1993,MLT,7296.354359,37.11385636,0.698
Temperature change on land,Malta,Meteorological year,1994,MLT,8000.342436,37.18781084,1.487
Temperature change on land,Malta,Meteorological year,1995,MLT,9828.23236,37.30226742,0.536
Temperature change on land,Malta,Meteorological year,1996,MLT,10061.69524,37.51819828,0.65
Temperature change on land,Malta,Meteorological year,1997,MLT,9893.309297,37.87496952,1.129
Temperature change on land,Malta,Meteorological year,1998,MLT,10408.06199,38.2862506,0.954
Temperature change on land,Malta,Meteorological year,1999,MLT,10609.19472,38.67768568,1.382
Temperature change on land,Malta,Meteorological year,2000,MLT,10348.48655,38.97182947,1.166
Temperature change on land,Malta,Meteorological year,2001,MLT,10357.70404,39.27351581,1.775
Temperature change on land,Malta,Meteorological year,2002,MLT,11251.20609,39.68837725,1.053
Temperature change on land,Malta,Meteorological year,2003,MLT,13593.9742,40.11587695,1.534
Temperature change on land,Malta,Meteorological year,2004,MLT,15212.12674,40.44441575,0.834
Temperature change on land,Malta,Meteorological year,2005,MLT,15831.34405,40.57369625,0.809
Temperature change on land,Malta,Meteorological year,2006,MLT,16653.60718,40.49103673,1.078
Temperature change on land,Malta,Meteorological year,2007,MLT,19444.1875,40.29049677,1.454
Temperature change on land,Malta,Meteorological year,2008,MLT,22315.31986,40.05094485,1.331
Temperature change on land,Malta,Meteorological year,2009,MLT,21176.31124,39.82806697,1.131
Temperature change on land,Malta,Meteorological year,2010,MLT,21946.60697,39.70030561,1.347
Temperature change on land,Malta,Meteorological year,2011,MLT,23516.96912,39.6516154,1.028
Temperature change on land,Malta,Meteorological year,2012,MLT,22878.31309,39.61838284,1.524
Temperature change on land,Malta,Meteorological year,2013,MLT,25346.52365,39.60901768,1.499
Temperature change on land,Malta,Meteorological year,2014,MLT,27356.60803,39.60841147,1.62
Temperature change on land,Malta,Meteorological year,2015,MLT,25481.89776,39.62373125,1.618
Temperature change on land,Malta,Meteorological year,2016,MLT,26409.62859,39.72191072,1.857
Temperature change on land,Malta,Meteorological year,2017,MLT,30259.39526,39.8906213,1.332
Temperature change on land,Malta,Meteorological year,2018,MLT,33332.19056,40.04521452,1.555
Temperature change on land,Malta,Meteorological year,2019,MLT,32412.26978,40.09874606,1.405
Temperature change on land,Malta,Meteorological year,2020,MLT,31796.82134,39.91953082,1.712
Temperature change on land,Malta,Meteorological year,2021,MLT,38027.38017,43.70999224,2.199
Temperature change on land,Marshall Islands,Meteorological year,1991,MHL,1810.634656,108.7845697,-0.024
Temperature change on land,Marshall Islands,Meteorological year,1992,MHL,1963.072346,110.0055204,0.05
Temperature change on land,Marshall Islands,Meteorological year,1993,MHL,2112.012401,111.0637129,-0.129
Temperature change on land,Marshall Islands,Meteorological year,1994,MHL,2265.069584,111.9381656,0.041
Temperature change on land,Marshall Islands,Meteorological year,1995,MHL,2490.987445,112.5998048,-0.166
Temperature change on land,Marshall Islands,Meteorological year,1996,MHL,2272.844695,112.940734,-0.058
Temperature change on land,Marshall Islands,Meteorological year,1997,MHL,2230.753771,112.959412,0.027
Temperature change on land,Marshall Islands,Meteorological year,1998,MHL,2254.160549,112.8046147,0.008
Temperature change on land,Marshall Islands,Meteorological year,1999,MHL,2257.920003,112.6285755,-0.269
Temperature change on land,Marshall Islands,Meteorological year,2000,MHL,2264.791149,112.5737425,-0.155
Temperature change on land,Marshall Islands,Meteorological year,2001,MHL,2394.345011,112.657856,0.169
Temperature change on land,Marshall Islands,Meteorological year,2002,MHL,2566.067088,112.7588041,0.329
Temperature change on land,Marshall Islands,Meteorological year,2003,MHL,2539.330738,112.8508529,0.295
Temperature change on land,Marshall Islands,Meteorological year,2004,MHL,2566.08291,112.9096935,0.439
Temperature change on land,Marshall Islands,Meteorological year,2005,MHL,2658.652179,112.9080119,0.432
Temperature change on land,Marshall Islands,Meteorological year,2006,MHL,2754.269888,112.7742287,0.363
Temperature change on land,Marshall Islands,Meteorological year,2007,MHL,2892.28404,112.4940596,0.368
Temperature change on land,Marshall Islands,Meteorological year,2008,MHL,2817.605228,112.1416061,0.12
Temperature change on land,Marshall Islands,Meteorological year,2009,MHL,2906.63027,111.7917134,0.323
Temperature change on land,Marshall Islands,Meteorological year,2010,MHL,3095.45769,111.5154284,0.493
Temperature change on land,Marshall Islands,Meteorological year,2011,MHL,3319.398154,111.3149102,0.304
Temperature change on land,Marshall Islands,Meteorological year,2012,MHL,3514.265155,111.1141384,0.687
Temperature change on land,Marshall Islands,Meteorological year,2013,MHL,3677.906908,110.8745535,0.692
Temperature change on land,Marshall Islands,Meteorological year,2014,MHL,3735.239778,110.5579336,0.712
Temperature change on land,Marshall Islands,Meteorological year,2015,MHL,3764.344262,110.1258783,0.625
Temperature change on land,Marshall Islands,Meteorological year,2016,MHL,4229.809889,109.1482609,0.997
Temperature change on land,Marshall Islands,Meteorological year,2017,MHL,4592.834576,107.6363193,0.849
Temperature change on land,Marshall Islands,Meteorological year,2018,MHL,4858.120791,106.2137336,0.634
Temperature change on land,Marshall Islands,Meteorological year,2019,MHL,5292.339855,105.5054703,0.843
Temperature change on land,Marshall Islands,Meteorological year,2020,MHL,5661.967873,106.2439816,0.953
Temperature change on land,Marshall Islands,Meteorological year,2021,MHL,6258.611937,96.80452185,0.665
Temperature change on land,Mauritania,Meteorological year,1990,MRT,772.0330921,26.09531268,1.284
Temperature change on land,Mauritania,Meteorological year,1991,MRT,1061.677043,26.19250512,0.652
Temperature change on land,Mauritania,Meteorological year,1992,MRT,1036.474378,26.25282613,0.629
Temperature change on land,Mauritania,Meteorological year,1993,MRT,849.6203017,26.27305255,0.755
Temperature change on land,Mauritania,Meteorological year,1994,MRT,864.5994784,26.26858825,0.483
Temperature change on land,Mauritania,Meteorological year,1995,MRT,904.7191701,26.23318738,1.022
Temperature change on land,Mauritania,Meteorological year,1996,MRT,904.1208798,26.12245098,1.409
Temperature change on land,Mauritania,Meteorological year,1997,MRT,859.2839582,25.92032266,1.141
Temperature change on land,Mauritania,Meteorological year,1998,MRT,821.2663786,25.66121452,1.579
Temperature change on land,Mauritania,Meteorological year,1999,MRT,781.3370336,25.40365773,0.356
Temperature change on land,Mauritania,Meteorological year,2000,MRT,680.9110619,25.17524596,1.004
Temperature change on land,Mauritania,Meteorological year,2001,MRT,651.8178402,24.94749981,1.168
Temperature change on land,Mauritania,Meteorological year,2002,MRT,648.8796439,24.68554334,1.179
Temperature change on land,Mauritania,Meteorological year,2003,MRT,732.0178208,24.41623104,1.216
Temperature change on land,Mauritania,Meteorological year,2004,MRT,823.5544571,24.18925621,1.353
Temperature change on land,Mauritania,Meteorological year,2005,MRT,998.9658342,24.02681351,1.204
Temperature change on land,Mauritania,Meteorological year,2006,MRT,1300.60368,23.90639188,1.306
Temperature change on land,Mauritania,Meteorological year,2007,MRT,1405.150162,23.79197739,0.893
Temperature change on land,Mauritania,Meteorological year,2008,MRT,1635.563062,23.69399702,1.172
Temperature change on land,Mauritania,Meteorological year,2009,MRT,1435.430108,23.62863185,0.764
Temperature change on land,Mauritania,Meteorological year,2010,MRT,1659.963697,23.60514553,1.846
Temperature change on land,Mauritania,Meteorological year,2011,MRT,1931.199755,23.61675812,1.494
Temperature change on land,Mauritania,Meteorological year,2012,MRT,1859.117332,23.65093025,0.829
Temperature change on land,Mauritania,Meteorological year,2013,MRT,1934.241031,23.70797785,1.416
Temperature change on land,Mauritania,Meteorological year,2014,MRT,1713.008653,23.7891418,1.301
Temperature change on land,Mauritania,Meteorological year,2015,MRT,1554.948979,23.8952689,1.383
Temperature change on land,Mauritania,Meteorological year,2016,MRT,1565.765757,24.1234056,1.67
Temperature change on land,Mauritania,Meteorological year,2017,MRT,1615.004013,24.50336786,2.014
Temperature change on land,Mauritania,Meteorological year,2018,MRT,1722.935289,24.9337514,1.01
Temperature change on land,Mauritania,Meteorological year,2019,MRT,1767.072711,25.31566271,1.384
Temperature change on land,Mauritania,Meteorological year,2020,MRT,1795.764596,25.79161705,1.843
Temperature change on land,Mauritania,Meteorological year,2021,MRT,1947.789184,26.94478406,1.782
Temperature change on land,Mauritius,Meteorological year,1990,MUS,2539.928465,91.37765608,-0.076
Temperature change on land,Mauritius,Meteorological year,1991,MUS,2705.266482,92.30267573,0.197
Temperature change on land,Mauritius,Meteorological year,1992,MUS,3013.237063,92.99329292,-0.138
Temperature change on land,Mauritius,Meteorological year,1993,MUS,3013.833138,93.45048749,-0.115
Temperature change on land,Mauritius,Meteorological year,1994,MUS,3240.386247,93.68769593,0.265
Temperature change on land,Mauritius,Meteorological year,1995,MUS,3648.016496,93.71593792,0.145
Temperature change on land,Mauritius,Meteorological year,1996,MUS,3951.944946,93.17608648,-0.127
Temperature change on land,Mauritius,Meteorological year,1997,MUS,3695.736688,91.89850577,0.417
Temperature change on land,Mauritius,Meteorological year,1998,MUS,3641.621426,90.18395147,0.659
Temperature change on land,Mauritius,Meteorological year,1999,MUS,3745.696251,88.34363301,0.114
Temperature change on land,Mauritius,Meteorological year,2000,MUS,3981.983432,86.68449697,0.027
Temperature change on land,Mauritius,Meteorological year,2001,MUS,3908.556949,84.93152129,0.294
Temperature change on land,Mauritius,Meteorological year,2002,MUS,4073.060531,82.77277885,0.197
Temperature change on land,Mauritius,Meteorological year,2003,MUS,4858.265755,80.45642592,0.485
Temperature change on land,Mauritius,Meteorological year,2004,MUS,5460.608002,78.23154466,0.062
Temperature change on land,Mauritius,Meteorological year,2005,MUS,5354.029743,76.34808329,0.226
Temperature change on land,Mauritius,Meteorological year,2006,MUS,5695.975255,74.54136078,0.089
Temperature change on land,Mauritius,Meteorological year,2007,MUS,6574.663576,72.55110171,0.214
Temperature change on land,Mauritius,Meteorological year,2008,MUS,8030.052281,70.63332578,-0.185
Temperature change on land,Mauritius,Meteorological year,2009,MUS,7318.12641,69.04486462,0.425
Temperature change on land,Mauritius,Meteorological year,2010,MUS,8000.376432,68.04274295,0.706
Temperature change on land,Mauritius,Meteorological year,2011,MUS,9197.042991,67.51923516,0.414
Temperature change on land,Mauritius,Meteorological year,2012,MUS,9291.236276,67.18735133,0.304
Temperature change on land,Mauritius,Meteorological year,2013,MUS,9764.644131,67.03293261,0.428
Temperature change on land,Mauritius,Meteorological year,2014,MUS,10366.35508,67.04195153,0.516
Temperature change on land,Mauritius,Meteorological year,2015,MUS,9507.871337,67.20089487,0.822
Temperature change on land,Mauritius,Meteorological year,2016,MUS,9965.725311,67.57889882,0.727
Temperature change on land,Mauritius,Meteorological year,2017,MUS,10841.68478,68.14369768,0.932
Temperature change on land,Mauritius,Meteorological year,2018,MUS,11643.4606,68.73017228,0.643
Temperature change on land,Mauritius,Meteorological year,2019,MUS,11403.25279,69.17274308,1.078
Temperature change on land,Mauritius,Meteorological year,2020,MUS,9011.042884,69.72631006,0.878
Temperature change on land,Mauritius,Meteorological year,2021,MUS,9068.973002,67.2394313,0.768
Temperature change on land,Mexico,Meteorological year,1990,MEX,3154.469203,14.96358896,0.229
Temperature change on land,Mexico,Meteorological year,1991,MEX,3708.842055,14.99165419,0.227
Temperature change on land,Mexico,Meteorological year,1992,MEX,4220.566437,15.06326076,0.046
Temperature change on land,Mexico,Meteorological year,1993,MEX,6048.348408,15.17442969,0.292
Temperature change on land,Mexico,Meteorological year,1994,MEX,6202.365884,15.32112828,0.67
Temperature change on land,Mexico,Meteorological year,1995,MEX,4183.878477,15.49939339,0.768
Temperature change on land,Mexico,Meteorological year,1996,MEX,4674.367927,15.82187143,0.513
Temperature change on land,Mexico,Meteorological year,1997,MEX,5567.355995,16.32801002,0.439
Temperature change on land,Mexico,Meteorological year,1998,MEX,5832.69342,16.90456918,0.669
Temperature change on land,Mexico,Meteorological year,1999,MEX,6499.97183,17.43823076,0.583
Temperature change on land,Mexico,Meteorological year,2000,MEX,7524.027137,17.81557098,0.555
Temperature change on land,Mexico,Meteorological year,2001,MEX,7952.764796,18.04599754,0.483
Temperature change on land,Mexico,Meteorological year,2002,MEX,7983.033985,18.22768501,0.674
Temperature change on land,Mexico,Meteorological year,2003,MEX,7434.074649,18.37997625,0.832
Temperature change on land,Mexico,Meteorological year,2004,MEX,7849.667596,18.52185503,0.354
Temperature change on land,Mexico,Meteorological year,2005,MEX,8671.758919,18.6716632,0.783
Temperature change on land,Mexico,Meteorological year,2006,MEX,9512.635753,18.86862691,0.911
Temperature change on land,Mexico,Meteorological year,2007,MEX,10134.33271,19.12343879,0.484
Temperature change on land,Mexico,Meteorological year,2008,MEX,10523.76854,19.41025758,0.547
Temperature change on land,Mexico,Meteorological year,2009,MEX,8423.569332,19.70329965,1.043
Temperature change on land,Mexico,Meteorological year,2010,MEX,9728.800784,19.97680522,0.296
Temperature change on land,Mexico,Meteorological year,2011,MEX,10664.4944,20.26572194,1.017
Temperature change on land,Mexico,Meteorological year,2012,MEX,10744.13352,20.60916411,0.909
Temperature change on land,Mexico,Meteorological year,2013,MEX,11216.80085,20.98758066,0.761
Temperature change on land,Mexico,Meteorological year,2014,MEX,11391.37735,21.38133376,0.872
Temperature change on land,Mexico,Meteorological year,2015,MEX,10021.23861,21.77047274,1.096
Temperature change on land,Mexico,Meteorological year,2016,MEX,9097.923977,22.38705864,1.316
Temperature change on land,Mexico,Meteorological year,2017,MEX,9649.278168,23.27007076,1.576
Temperature change on land,Mexico,Meteorological year,2018,MEX,10084.79376,24.10943727,1.188
Temperature change on land,Mexico,Meteorological year,2019,MEX,10369.55536,24.5937684,1.318
Temperature change on land,Mexico,Meteorological year,2020,MEX,8841.27075,24.74020988,1.663
Temperature change on land,Mexico,Meteorological year,2021,MEX,10314.05067,24.78493086,1.113
Temperature change on land,Micronesia (Federated States of),Meteorological year,1991,FSM,1617.455282,113.7376692,0.091
Temperature change on land,Micronesia (Federated States of),Meteorological year,1992,FSM,1699.330191,115.2153043,0.214
Temperature change on land,Micronesia (Federated States of),Meteorological year,1993,FSM,1853.062597,116.3155163,-0.1
Temperature change on land,Micronesia (Federated States of),Meteorological year,1994,FSM,1856.520743,117.0005922,0.099
Temperature change on land,Micronesia (Federated States of),Meteorological year,1995,FSM,2010.117935,117.2371853,0.341
Temperature change on land,Micronesia (Federated States of),Meteorological year,1996,FSM,1973.938217,116.8768938,0.206
Temperature change on land,Micronesia (Federated States of),Meteorological year,1997,FSM,1860.308271,115.9885129,0.102
Temperature change on land,Micronesia (Federated States of),Meteorological year,1998,FSM,1965.155283,114.8700022,0.217
Temperature change on land,Micronesia (Federated States of),Meteorological year,1999,FSM,1971.172099,113.8193624,0.139
Temperature change on land,Micronesia (Federated States of),Meteorological year,2000,FSM,2081.966013,113.1378821,0.316
Temperature change on land,Micronesia (Federated States of),Meteorological year,2001,FSM,2144.537,112.7826026,0.322
Temperature change on land,Micronesia (Federated States of),Meteorological year,2002,FSM,2156.705322,112.501905,0.301
Temperature change on land,Micronesia (Federated States of),Meteorological year,2003,FSM,2185.80309,112.2818029,0.347
Temperature change on land,Micronesia (Federated States of),Meteorological year,2004,FSM,2146.401608,112.1086251,0.46
Temperature change on land,Micronesia (Federated States of),Meteorological year,2005,FSM,2246.453703,111.9711974,0.4
Temperature change on land,Micronesia (Federated States of),Meteorological year,2006,FSM,2289.751556,111.8595882,0.448
Temperature change on land,Micronesia (Federated States of),Meteorological year,2007,FSM,2336.978522,111.7799893,0.365
Temperature change on land,Micronesia (Federated States of),Meteorological year,2008,FSM,2415.59356,111.7453005,0.209
Temperature change on land,Micronesia (Federated States of),Meteorological year,2009,FSM,2596.261474,111.7675788,0.412
Temperature change on land,Micronesia (Federated States of),Meteorological year,2010,FSM,2761.243258,111.8587547,0.6
Temperature change on land,Micronesia (Federated States of),Meteorological year,2011,FSM,2890.50493,112.1696514,0.466
Temperature change on land,Micronesia (Federated States of),Meteorological year,2012,FSM,3033.169895,112.7137449,0.76
Temperature change on land,Micronesia (Federated States of),Meteorological year,2013,FSM,2933.883334,113.2958831,0.822
Temperature change on land,Micronesia (Federated States of),Meteorological year,2014,FSM,2945.41496,113.7214081,0.651
Temperature change on land,Micronesia (Federated States of),Meteorological year,2015,FSM,2911.16211,113.7959064,0.689
Temperature change on land,Micronesia (Federated States of),Meteorological year,2016,FSM,2979.601192,112.9167409,1.081
Temperature change on land,Micronesia (Federated States of),Meteorological year,2017,FSM,3279.10779,111.168114,1.079
Temperature change on land,Micronesia (Federated States of),Meteorological year,2018,FSM,3566.586904,109.3850807,1.015
Temperature change on land,Micronesia (Federated States of),Meteorological year,2019,FSM,3572.659183,108.404916,1.11
Temperature change on land,Micronesia (Federated States of),Meteorological year,2020,FSM,3353.88943,108.9718985,1.082
Temperature change on land,Micronesia (Federated States of),Meteorological year,2021,FSM,3493.872286,98.86102312,0.784
Temperature change on land,Monaco,Meteorological year,1990,MCO,81734.8665,104.4962819,1.308
Temperature change on land,Monaco,Meteorological year,1991,MCO,80997.25209,104.4307856,0.144
Temperature change on land,Monaco,Meteorological year,1992,MCO,88614.92637,104.385845,0.703
Temperature change on land,Monaco,Meteorological year,1993,MCO,82685.45593,104.3287995,0.548
Temperature change on land,Monaco,Meteorological year,1994,MCO,86703.81305,104.2439465,1.393
Temperature change on land,Monaco,Meteorological year,1995,MCO,99032.23751,104.133567,0.772
Temperature change on land,Monaco,Meteorological year,1996,MCO,98561.01374,103.9388557,0.295
Temperature change on land,Monaco,Meteorological year,1997,MCO,88581.70447,103.6731466,1.381
Temperature change on land,Monaco,Meteorological year,1998,MCO,90947.20512,103.327614,0.998
Temperature change on land,Monaco,Meteorological year,1999,MCO,89698.19936,102.9239465,1.005
Temperature change on land,Monaco,Meteorological year,2000,MCO,81789.02065,102.5551683,1.19
Temperature change on land,Monaco,Meteorological year,2001,MCO,82402.78096,102.2299178,1.475
Temperature change on land,Monaco,Meteorological year,2002,MCO,90051.44599,101.9049855,0.994
Temperature change on land,Monaco,Meteorological year,2003,MCO,111110.4513,101.5778439,1.722
Temperature change on land,Monaco,Meteorological year,2004,MCO,125160.2281,101.2083945,0.92
Temperature change on land,Monaco,Meteorological year,2005,MCO,130538.7426,100.8905877,0.842
Temperature change on land,Monaco,Meteorological year,2006,MCO,143083.4611,100.5536932,1.213
Temperature change on land,Monaco,Meteorological year,2007,MCO,184558.5566,100.1276145,1.676
Temperature change on land,Monaco,Meteorological year,2008,MCO,204263.7971,99.74056441,1.135
Temperature change on land,Monaco,Meteorological year,2009,MCO,169150.2673,99.36449007,1.519
Temperature change on land,Monaco,Meteorological year,2010,MCO,161853.9206,99.07592508,0.512
Temperature change on land,Monaco,Meteorological year,2011,MCO,179363.9842,98.81373043,1.434
Temperature change on land,Monaco,Meteorological year,2012,MCO,165444.6514,98.41849212,1.459
Temperature change on land,Monaco,Meteorological year,2013,MCO,184940.6638,98.04317183,0.802
Temperature change on land,Monaco,Meteorological year,2014,MCO,195693.5707,97.74271661,1.909
Temperature change on land,Monaco,Meteorological year,2015,MCO,170437.1012,97.55843376,1.992
Temperature change on land,Monaco,Meteorological year,2016,MCO,173604.7536,97.47775419,1.831
Temperature change on land,Monaco,Meteorological year,2017,MCO,170663.3752,97.40037577,2.038
Temperature change on land,Monaco,Meteorological year,2018,MCO,188298.3157,97.30993358,2.018
Temperature change on land,Monaco,Meteorological year,2019,MCO,193746.7856,97.25004061,2.027
Temperature change on land,Monaco,Meteorological year,2020,MCO,176891.8865,97.06993604,2.314
Temperature change on land,Monaco,Meteorological year,2021,MCO,223823.364,95.54494565,1.595
Temperature change on land,Mongolia,Meteorological year,1990,MNG,1220.171277,91.68841517,1.534
Temperature change on land,Mongolia,Meteorological year,1991,MNG,1098.680174,91.73642098,1.086
Temperature change on land,Mongolia,Meteorological year,1992,MNG,607.8134247,91.90769347,0.819
Temperature change on land,Mongolia,Meteorological year,1993,MNG,354.8986131,92.18286801,0.458
Temperature change on land,Mongolia,Meteorological year,1994,MNG,422.8643494,92.55091058,1.328
Temperature change on land,Mongolia,Meteorological year,1995,MNG,652.6745628,92.99938992,1.263
Temperature change on land,Mongolia,Meteorological year,1996,MNG,595.581015,93.66765154,0.399
Temperature change on land,Mongolia,Meteorological year,1997,MNG,515.2980049,94.58480757,1.937
Temperature change on land,Mongolia,Meteorological year,1998,MNG,483.8780661,95.5789839,2.118
Temperature change on land,Mongolia,Meteorological year,1999,MNG,448.6603683,96.48700556,1.765
Temperature change on land,Mongolia,Meteorological year,2000,MNG,476.0275508,97.13583314,0.981
Temperature change on land,Mongolia,Meteorological year,2001,MNG,524.4534836,97.48377795,1.681
Temperature change on land,Mongolia,Meteorological year,2002,MNG,570.2492132,97.66506607,1.779
Temperature change on land,Mongolia,Meteorological year,2003,MNG,643.1680689,97.78246583,0.504
Temperature change on land,Mongolia,Meteorological year,2004,MNG,794.154552,97.93833162,1.764
Temperature change on land,Mongolia,Meteorological year,2005,MNG,994.9001091,98.22401842,0.92
Temperature change on land,Mongolia,Meteorological year,2006,MNG,1329.891796,98.92363704,1.223
Temperature change on land,Mongolia,Meteorological year,2007,MNG,1627.687877,100.0182407,2.731
Temperature change on land,Mongolia,Meteorological year,2008,MNG,2127.426786,101.1672026,1.767
Temperature change on land,Mongolia,Meteorological year,2009,MNG,1703.327568,102.0177932,1.407
Temperature change on land,Mongolia,Meteorological year,2010,MNG,2625.218814,102.2165725,0.317
Temperature change on land,Mongolia,Meteorological year,2011,MNG,3736.042015,101.8111262,0.774
Temperature change on land,Mongolia,Meteorological year,2012,MNG,4328.890019,101.198147,0.238
Temperature change on land,Mongolia,Meteorological year,2013,MNG,4340.143105,100.5424756,1.03
Temperature change on land,Mongolia,Meteorological year,2014,MNG,4126.239758,99.99878169,1.894
Temperature change on land,Mongolia,Meteorological year,2015,MNG,3838.92127,99.72687421,2.159
Temperature change on land,Mongolia,Meteorological year,2016,MNG,3619.900264,99.7786406,1.422
Temperature change on land,Mongolia,Meteorological year,2017,MNG,3645.967087,100.0481338,2.531
Temperature change on land,Mongolia,Meteorological year,2018,MNG,4107.642885,100.443506,2.245
Temperature change on land,Mongolia,Meteorological year,2019,MNG,4347.546103,100.8706823,1.881
Temperature change on land,Mongolia,Meteorological year,2020,MNG,4001.251931,101.7147365,2.402
Temperature change on land,Mongolia,Meteorological year,2021,MNG,4517.61578,96.96114808,2.019
Temperature change on land,Montenegro,Meteorological year,2006,MNE,4425.678873,114.467477,0.484
Temperature change on land,Montenegro,Meteorological year,2007,MNE,5976.394145,112.9265439,1.706
Temperature change on land,Montenegro,Meteorological year,2008,MNE,7367.751909,110.9371861,1.274
Temperature change on land,Montenegro,Meteorological year,2009,MNE,6727.107767,108.947668,1.241
Temperature change on land,Montenegro,Meteorological year,2010,MNE,6688.402596,107.4051916,1.209
Temperature change on land,Montenegro,Meteorological year,2011,MNE,7328.789431,106.1314861,1.019
Temperature change on land,Montenegro,Meteorological year,2012,MNE,6586.399703,104.7669474,1.681
Temperature change on land,Montenegro,Meteorological year,2013,MNE,7188.863616,103.4962435,1.483
Temperature change on land,Montenegro,Meteorological year,2014,MNE,7387.872969,102.5013257,1.585
Temperature change on land,Montenegro,Meteorological year,2015,MNE,6517.192675,101.968468,1.776
Temperature change on land,Montenegro,Meteorological year,2016,MNE,7033.439624,101.8999651,1.55
Temperature change on land,Montenegro,Meteorological year,2017,MNE,7803.358245,102.0758298,1.333
Temperature change on land,Montenegro,Meteorological year,2018,MNE,8850.374925,102.3562918,2.293
Temperature change on land,Montenegro,Meteorological year,2019,MNE,8909.653876,102.6036252,1.892
Temperature change on land,Montenegro,Meteorological year,2020,MNE,7677.371321,102.7980874,1.761
Temperature change on land,Montenegro,Meteorological year,2021,MNE,9465.96153,102.2821986,1.686
Temperature change on land,Montenegro,Meteorological year,1997,MNE,1375.326681,111.5287861,-0.157
Temperature change on land,Montenegro,Meteorological year,1998,MNE,1405.816327,112.3806132,0.965
Temperature change on land,Montenegro,Meteorological year,1999,MNE,1367.902573,113.135596,0.539
Temperature change on land,Montenegro,Meteorological year,2000,MNE,1627.065119,113.654421,1.426
Temperature change on land,Montenegro,Meteorological year,2001,MNE,1909.598702,114.0370944,1.5
Temperature change on land,Montenegro,Meteorological year,2002,MNE,2106.635068,114.4375055,1.002
Temperature change on land,Montenegro,Meteorological year,2003,MNE,2789.159065,114.791908,0.744
Temperature change on land,Montenegro,Meteorological year,2004,MNE,3380.165121,115.0402666,0.515
Temperature change on land,Montenegro,Meteorological year,2005,MNE,3674.617924,115.108196,-0.039
Temperature change on land,Morocco,Meteorological year,1990,MAR,1229.071045,46.03395549,1.406
Temperature change on land,Morocco,Meteorological year,1991,MAR,1292.233765,46.69999712,0.137
Temperature change on land,Morocco,Meteorological year,1992,MAR,1327.029541,47.35315969,0.205
Temperature change on land,Morocco,Meteorological year,1993,MAR,1226.430542,47.98158489,0.227
Temperature change on land,Morocco,Meteorological year,1994,MAR,1358.794434,48.57674415,1.079
Temperature change on land,Morocco,Meteorological year,1995,MAR,1466.788208,49.1290402,1.236
Temperature change on land,Morocco,Meteorological year,1996,MAR,1596.832397,49.70109397,0.99
Temperature change on land,Morocco,Meteorological year,1997,MAR,1426.301147,50.3192614,1.318
Temperature change on land,Morocco,Meteorological year,1998,MAR,1668.497559,50.90791207,1.587
Temperature change on land,Morocco,Meteorological year,1999,MAR,1635.656738,51.39340051,1.021
Temperature change on land,Morocco,Meteorological year,2000,MAR,1499.107422,51.7009497,0.945
Temperature change on land,Morocco,Meteorological year,2001,MAR,1506.245239,51.82770401,1.786
Temperature change on land,Morocco,Meteorological year,2002,MAR,1596.02063,51.83813692,1.174
Temperature change on land,Morocco,Meteorological year,2003,MAR,1941.872559,51.75231646,1.667
Temperature change on land,Morocco,Meteorological year,2004,MAR,2183.55542,51.59301739,1.115
Temperature change on land,Morocco,Meteorological year,2005,MAR,2242.988281,51.38249472,1.264
Temperature change on land,Morocco,Meteorological year,2006,MAR,2438.126465,51.06181253,1.466
Temperature change on land,Morocco,Meteorological year,2007,MAR,2755.585938,50.6027037,1.005
Temperature change on land,Morocco,Meteorological year,2008,MAR,3183.200439,50.07521916,1.149
Temperature change on land,Morocco,Meteorological year,2009,MAR,3119.588623,49.5492512,1.234
Temperature change on land,Morocco,Meteorological year,2010,MAR,3067.985352,49.09445771,2.09
Temperature change on land,Morocco,Meteorological year,2011,MAR,3301.98877,48.68570766,1.771
Temperature change on land,Morocco,Meteorological year,2012,MAR,3164.177246,48.26764101,1.365
Temperature change on land,Morocco,Meteorological year,2013,MAR,3379.743164,47.86371006,1.306
Temperature change on land,Morocco,Meteorological year,2014,MAR,3435.406982,47.49751363,1.674
Temperature change on land,Morocco,Meteorological year,2015,MAR,3146.247803,47.19218378,1.228
Temperature change on land,Morocco,Meteorological year,2016,MAR,3140.855469,46.85649694,1.893
Temperature change on land,Morocco,Meteorological year,2017,MAR,3296.526611,46.469405,2.167
Temperature change on land,Morocco,Meteorological year,2018,MAR,3501.697998,46.15821268,0.641
Temperature change on land,Morocco,Meteorological year,2019,MAR,3508.097656,46.05166938,1.522
Temperature change on land,Morocco,Meteorological year,2020,MAR,3268.030273,46.7425618,2.129
Temperature change on land,Morocco,Meteorological year,2021,MAR,3785.936279,46.1221303,1.804
Temperature change on land,Mozambique,Meteorological year,1991,MOZ,288.7080925,25.64662972,0.268
Temperature change on land,Mozambique,Meteorological year,1992,MOZ,205.5852161,25.66609375,0.833
Temperature change on land,Mozambique,Meteorological year,1993,MOZ,205.1898442,25.70465891,0.402
Temperature change on land,Mozambique,Meteorological year,1994,MOZ,196.7631432,25.75749868,0.209
Temperature change on land,Mozambique,Meteorological year,1995,MOZ,191.8260969,25.8222416,0.63
Temperature change on land,Mozambique,Meteorological year,1996,MOZ,244.362651,25.91495981,0.209
Temperature change on land,Mozambique,Meteorological year,1997,MOZ,287.5320915,26.05209761,0.351
Temperature change on land,Mozambique,Meteorological year,1998,MOZ,320.1251217,26.23133828,1.087
Temperature change on land,Mozambique,Meteorological year,1999,MOZ,354.4062457,26.45149756,0.422
Temperature change on land,Mozambique,Meteorological year,2000,MOZ,327.1262398,26.71056294,0.593
Temperature change on land,Mozambique,Meteorological year,2001,MOZ,304.7921386,27.02127545,0.657
Temperature change on land,Mozambique,Meteorological year,2002,MOZ,313.8866617,27.38130942,0.76
Temperature change on land,Mozambique,Meteorological year,2003,MOZ,339.4887378,27.76455767,0.811
Temperature change on land,Mozambique,Meteorological year,2004,MOZ,400.0569732,28.14491255,0.618
Temperature change on land,Mozambique,Meteorological year,2005,MOZ,436.7738562,28.49599326,1.164
Temperature change on land,Mozambique,Meteorological year,2006,MOZ,457.4876478,28.84673277,0.702
Temperature change on land,Mozambique,Meteorological year,2007,MOZ,507.8749239,29.23147251,0.821
Temperature change on land,Mozambique,Meteorological year,2008,MOZ,592.1591112,29.63125683,0.405
Temperature change on land,Mozambique,Meteorological year,2009,MOZ,547.6971442,30.02843643,0.577
Temperature change on land,Mozambique,Meteorological year,2010,MOZ,496.1858394,30.40544788,1.106
Temperature change on land,Mozambique,Meteorological year,2011,MOZ,618.1764929,30.78984944,0.786
Temperature change on land,Mozambique,Meteorological year,2012,MOZ,685.6857482,31.20847008,0.841
Temperature change on land,Mozambique,Meteorological year,2013,MOZ,686.5056725,31.64197234,0.574
Temperature change on land,Mozambique,Meteorological year,2014,MOZ,697.1426804,32.07165466,0.763
Temperature change on land,Mozambique,Meteorological year,2015,MOZ,610.5637747,32.4788785,1.101
Temperature change on land,Mozambique,Meteorological year,2016,MOZ,441.4897348,32.92613707,1.337
Temperature change on land,Mozambique,Meteorological year,2017,MOZ,470.9385631,33.43597964,0.942
Temperature change on land,Mozambique,Meteorological year,2018,MOZ,517.5072603,33.92834069,0.866
Temperature change on land,Mozambique,Meteorological year,2019,MOZ,519.0925509,34.32196873,1.25
Temperature change on land,Mozambique,Meteorological year,2020,MOZ,462.4338765,34.80543116,1.081
Temperature change on land,Mozambique,Meteorological year,2021,MOZ,509.9078295,34.22829943,0.84
Temperature change on land,Myanmar,Meteorological year,1990,MMR,53.12254011,33.30367028,0.201
Temperature change on land,Myanmar,Meteorological year,1991,MMR,51.24089706,33.26811306,0.525
Temperature change on land,Myanmar,Meteorological year,1992,MMR,58.88967396,33.17504942,0.073
Temperature change on land,Myanmar,Meteorological year,1993,MMR,76.21288948,33.0364856,0.101
Temperature change on land,Myanmar,Meteorological year,1994,MMR,105.3915611,32.86444685,0.456
Temperature change on land,Myanmar,Meteorological year,1995,MMR,124.1434804,32.67135738,0.574
Temperature change on land,Myanmar,Meteorological year,1996,MMR,141.8972676,32.35165883,0.36
Temperature change on land,Myanmar,Meteorological year,1997,MMR,108.0397703,31.84664373,0.189
Temperature change on land,Myanmar,Meteorological year,1998,MMR,145.9508304,31.23688268,1.141
Temperature change on land,Myanmar,Meteorological year,1999,MMR,189.4901558,30.60533888,0.834
Temperature change on land,Myanmar,Meteorological year,2000,MMR,196.6195806,30.0304234,0.161
Temperature change on land,Myanmar,Meteorological year,2001,MMR,141.5256607,29.49454901,0.613
Temperature change on land,Myanmar,Meteorological year,2002,MMR,146.5983904,28.93439134,0.637
Temperature change on land,Myanmar,Meteorological year,2003,MMR,224.2926889,28.37014444,0.641
Temperature change on land,Myanmar,Meteorological year,2004,MMR,224.5088114,27.8223385,0.576
Temperature change on land,Myanmar,Meteorological year,2005,MMR,252.6851931,27.31069668,0.906
Temperature change on land,Myanmar,Meteorological year,2006,MMR,303.4950871,26.80663258,0.765
Temperature change on land,Myanmar,Meteorological year,2007,MMR,419.3757807,26.2831763,0.442
Temperature change on land,Myanmar,Meteorological year,2008,MMR,658.4424872,25.7642134,0.452
Temperature change on land,Myanmar,Meteorological year,2009,MMR,758.4429358,25.27306642,0.882
Temperature change on land,Myanmar,Meteorological year,2010,MMR,1010.534173,24.83254666,1.182
Temperature change on land,Myanmar,Meteorological year,2011,MMR,1213.628987,24.37694371,0.486
Temperature change on land,Myanmar,Meteorological year,2012,MMR,1202.665896,23.87956837,0.893
Temperature change on land,Myanmar,Meteorological year,2013,MMR,1199.095616,23.42321794,0.958
Temperature change on land,Myanmar,Meteorological year,2014,MMR,1293.000423,23.09069999,0.861
Temperature change on land,Myanmar,Meteorological year,2015,MMR,1166.733055,22.96428053,1.127
Temperature change on land,Myanmar,Meteorological year,2016,MMR,1229.197135,23.07999139,1.351
Temperature change on land,Myanmar,Meteorological year,2017,MMR,1272.822418,23.34910042,1.252
Temperature change on land,Myanmar,Meteorological year,2018,MMR,1298.213103,23.66748738,0.965
Temperature change on land,Myanmar,Meteorological year,2019,MMR,1425.989542,23.93096392,1.628
Temperature change on land,Myanmar,Meteorological year,2020,MMR,1490.216835,24.25357266,1.593
Temperature change on land,Myanmar,Meteorological year,2021,MMR,1242.721344,26.18578876,1.642
Temperature change on land,Namibia,Meteorological year,1990,NAM,2037.475894,44.62094363,0.615
Temperature change on land,Namibia,Meteorological year,1991,NAM,2116.905525,45.33311186,0.076
Temperature change on land,Namibia,Meteorological year,1992,NAM,2346.86243,46.05891655,0.552
Temperature change on land,Namibia,Meteorological year,1993,NAM,2154.964737,46.78760482,0.61
Temperature change on land,Namibia,Meteorological year,1994,NAM,2355.904457,47.50815915,0.224
Temperature change on land,Namibia,Meteorological year,1995,NAM,2483.203534,48.20916135,0.945
Temperature change on land,Namibia,Meteorological year,1996,NAM,2423.398291,48.99732374,0.153
Temperature change on land,Namibia,Meteorological year,1997,NAM,2459.645118,49.90787356,0.039
Temperature change on land,Namibia,Meteorological year,1998,NAM,2235.245155,50.82162424,1.272
Temperature change on land,Namibia,Meteorological year,1999,NAM,2177.787334,51.61900699,0.836
Temperature change on land,Namibia,Meteorological year,2000,NAM,2156.675905,52.18022538,-0.064
Temperature change on land,Namibia,Meteorological year,2001,NAM,1915.589266,52.58155965,0.388
Temperature change on land,Namibia,Meteorological year,2002,NAM,1772.075655,52.95017721,0.892
Temperature change on land,Namibia,Meteorological year,2003,NAM,2569.247393,53.23841712,1.23
Temperature change on land,Namibia,Meteorological year,2004,NAM,3403.154962,53.39912068,0.994
Temperature change on land,Namibia,Meteorological year,2005,NAM,3685.773,53.38501231,0.785
Temperature change on land,Namibia,Meteorological year,2006,NAM,4017.183472,53.06115419,-0.09
Temperature change on land,Namibia,Meteorological year,2007,NAM,4379.043137,52.4434643,1.026
Temperature change on land,Namibia,Meteorological year,2008,NAM,4204.785554,51.71079524,0.666
Temperature change on land,Namibia,Meteorological year,2009,NAM,4302.913741,51.04300821,0.517
Temperature change on land,Namibia,Meteorological year,2010,NAM,5418.216334,50.61875885,1.219
Temperature change on land,Namibia,Meteorological year,2011,NAM,5834.791768,50.36743223,-0.473
Temperature change on land,Namibia,Meteorological year,2012,NAM,5942.64681,50.1252842,-0.104
Temperature change on land,Namibia,Meteorological year,2013,NAM,5346.621311,49.9308808,0.747
Temperature change on land,Namibia,Meteorological year,2014,NAM,5378.323262,49.82285548,0.374
Temperature change on land,Namibia,Meteorological year,2015,NAM,4774.106509,49.83954488,1.038
Temperature change on land,Namibia,Meteorological year,2016,NAM,4395.687762,50.41070087,1.322
Temperature change on land,Namibia,Meteorological year,2017,NAM,5143.960723,51.61019281,0.563
Temperature change on land,Namibia,Meteorological year,2018,NAM,5308.608134,52.94367711,0.988
Temperature change on land,Namibia,Meteorological year,2019,NAM,4731.921032,53.91873642,1.994
Temperature change on land,Namibia,Meteorological year,2020,NAM,3878.58983,54.6393409,0.384
Temperature change on land,Namibia,Meteorological year,2021,NAM,4412.835569,58.96801709,0.027
Temperature change on land,Nauru,Meteorological year,1990,NRU,5775.553474,111.7218815,-0.414
Temperature change on land,Nauru,Meteorological year,1991,NRU,5333.379549,113.8832951,-0.24
Temperature change on land,Nauru,Meteorological year,1992,NRU,5102.596859,115.8173967,-0.668
Temperature change on land,Nepal,Meteorological year,1990,NPL,185.7946004,49.81686948,-0.03
Temperature change on land,Nepal,Meteorological year,1991,NPL,195.7166214,49.60084584,0.06
Temperature change on land,Nepal,Meteorological year,1992,NPL,165.0295941,49.37814992,-0.106
Temperature change on land,Nepal,Meteorological year,1993,NPL,172.8052026,49.15273796,-0.203
Temperature change on land,Nepal,Meteorological year,1994,NPL,187.2581762,48.92780718,0.121
Temperature change on land,Nepal,Meteorological year,1995,NPL,197.8430013,48.70422863,0.233
Temperature change on land,Nepal,Meteorological year,1996,NPL,198.8219074,48.43768618,0.186
Temperature change on land,Nepal,Meteorological year,1997,NPL,211.8348696,48.10463095,-0.424
Temperature change on land,Nepal,Meteorological year,1998,NPL,205.0752463,47.74661602,0.292
Temperature change on land,Nepal,Meteorological year,1999,NPL,208.6466679,47.40576529,0.669
Temperature change on land,Nepal,Meteorological year,2000,NPL,223.8302892,47.12238922,0.098
Temperature change on land,Nepal,Meteorological year,2001,NPL,240.7951145,46.82235817,0.456
Temperature change on land,Nepal,Meteorological year,2002,NPL,238.891403,46.44758109,0.549
Temperature change on land,Nepal,Meteorological year,2003,NPL,246.4297066,46.0743846,0.309
Temperature change on land,Nepal,Meteorological year,2004,NPL,279.58775,45.77912018,0.357
Temperature change on land,Nepal,Meteorological year,2005,NPL,309.0241683,45.63789246,0.698
Temperature change on land,Nepal,Meteorological year,2006,NPL,340.4317964,45.67143024,0.809
Temperature change on land,Nepal,Meteorological year,2007,NPL,385.4497677,45.82103589,0.489
Temperature change on land,Nepal,Meteorological year,2008,NPL,464.8173919,46.04743614,0.331
Temperature change on land,Nepal,Meteorological year,2009,NPL,473.0787512,46.30921507,1.111
Temperature change on land,Nepal,Meteorological year,2010,NPL,585.278492,46.56797785,1.137
Temperature change on land,Nepal,Meteorological year,2011,NPL,785.5186562,46.87459255,0.212
Temperature change on land,Nepal,Meteorological year,2012,NPL,788.2029371,47.27743679,0.411
Temperature change on land,Nepal,Meteorological year,2013,NPL,803.2695954,47.71931573,0.193
Temperature change on land,Nepal,Meteorological year,2014,NPL,821.4552249,48.14270596,0.319
Temperature change on land,Nepal,Meteorological year,2015,NPL,875.5436355,48.49411584,0.556
Temperature change on land,Nepal,Meteorological year,2016,NPL,877.2564547,48.80234727,1.068
Temperature change on land,Nepal,Meteorological year,2017,NPL,1034.283749,49.14181025,1.069
Temperature change on land,Nepal,Meteorological year,2018,NPL,1179.198432,49.51380999,0.679
Temperature change on land,Nepal,Meteorological year,2019,NPL,1203.142947,49.9174861,0.797
Temperature change on land,Nepal,Meteorological year,2020,NPL,1154.215176,50.90237161,0.301
Temperature change on land,Nepal,Meteorological year,2021,NPL,1252.750767,51.5432662,0.659
Temperature change on land,Netherlands (Kingdom of the),Meteorological year,1990,NLD,21322.19448,94.44033893,1.578
Temperature change on land,Netherlands (Kingdom of the),Meteorological year,1991,NLD,21764.2145,94.64736595,0.276
Temperature change on land,Netherlands (Kingdom of the),Meteorological year,1992,NLD,23939.21735,94.86077134,1.195
Temperature change on land,Netherlands (Kingdom of the),Meteorological year,1993,NLD,23156.44044,95.08740518,0.26
Temperature change on land,Netherlands (Kingdom of the),Meteorological year,1994,NLD,24682.58667,95.33135815,1.378
Temperature change on land,Netherlands (Kingdom of the),Meteorological year,1995,NLD,29301.19405,95.59699896,1.556
Temperature change on land,Netherlands (Kingdom of the),Meteorological year,1996,NLD,29063.62365,95.87379377,-0.765
Temperature change on land,Netherlands (Kingdom of the),Meteorological year,1997,NLD,26744.96013,96.12725569,0.625
Temperature change on land,Netherlands (Kingdom of the),Meteorological year,1998,NLD,27924.28181,96.31285976,1.082
Temperature change on land,Netherlands (Kingdom of the),Meteorological year,1999,NLD,28318.74665,96.40604292,1.589
Temperature change on land,Netherlands (Kingdom of the),Meteorological year,2000,NLD,26225.16977,96.37160116,1.61
Temperature change on land,Netherlands (Kingdom of the),Meteorological year,2001,NLD,26955.7128,96.2394181,1.283
Temperature change on land,Netherlands (Kingdom of the),Meteorological year,2002,NLD,29446.53309,96.08235814,1.542
Temperature change on land,Netherlands (Kingdom of the),Meteorological year,2003,NLD,35896.75046,95.8979511,1.221
Temperature change on land,Netherlands (Kingdom of the),Meteorological year,2004,NLD,40611.34144,95.71730079,1.17
Temperature change on land,Netherlands (Kingdom of the),Meteorological year,2005,NLD,42165.39617,95.55438491,1.266
Temperature change on land,Netherlands (Kingdom of the),Meteorological year,2006,NLD,45123.54324,95.33744397,1.523
Temperature change on land,Netherlands (Kingdom of the),Meteorological year,2007,NLD,52100.79963,95.01758957,2.091
Temperature change on land,Netherlands (Kingdom of the),Meteorological year,2008,NLD,58246.70269,94.62378182,1.443
Temperature change on land,Netherlands (Kingdom of the),Meteorological year,2009,NLD,53172.02616,94.18824718,1.229
Temperature change on land,Netherlands (Kingdom of the),Meteorological year,2010,NLD,51305.73385,93.73939979,0.111
Temperature change on land,Netherlands (Kingdom of the),Meteorological year,2011,NLD,54701.7728,93.2681551,1.08
Temperature change on land,Netherlands (Kingdom of the),Meteorological year,2012,NLD,50473.9442,92.7411673,1.163
Temperature change on land,Netherlands (Kingdom of the),Meteorological year,2013,NLD,52602.28605,92.16950598,0.44
Temperature change on land,Netherlands (Kingdom of the),Meteorological year,2014,NLD,53457.22349,91.53774972,2.572
Temperature change on land,Netherlands (Kingdom of the),Meteorological year,2015,NLD,45793.81354,90.84698481,1.298
Temperature change on land,Netherlands (Kingdom of the),Meteorological year,2016,NLD,46808.52915,89.95312369,1.943
Temperature change on land,Netherlands (Kingdom of the),Meteorological year,2017,NLD,49513.68173,88.91932205,1.728
Temperature change on land,Netherlands (Kingdom of the),Meteorological year,2018,NLD,53955.077,88.06833308,2.132
Temperature change on land,Netherlands (Kingdom of the),Meteorological year,2019,NLD,53554.90075,87.71032537,2.136
Temperature change on land,Netherlands (Kingdom of the),Meteorological year,2020,NLD,53467.92774,87.74032312,2.473
Temperature change on land,Netherlands (Kingdom of the),Meteorological year,2021,NLD,60141.98809,88.45231626,1.304
Temperature change on land,New Zealand,Meteorological year,1990,NZL,13663.02162,136.4340007,0.589
Temperature change on land,New Zealand,Meteorological year,1991,NZL,12230.07345,139.9853977,-0.019
Temperature change on land,New Zealand,Meteorological year,1992,NZL,11793.13924,143.3837348,-0.7
Temperature change on land,New Zealand,Meteorological year,1993,NZL,13094.34545,146.5960535,-0.417
Temperature change on land,New Zealand,Meteorological year,1994,NZL,15280.31278,149.5782929,-0.118
Temperature change on land,New Zealand,Meteorological year,1995,NZL,17400.42018,152.2942908,0.055
Temperature change on land,New Zealand,Meteorological year,1996,NZL,18794.43604,155.2270969,0.198
Temperature change on land,New Zealand,Meteorological year,1997,NZL,17474.18703,158.4756436,-0.16
Temperature change on land,New Zealand,Meteorological year,1998,NZL,14738.44557,161.4267051,0.948
Temperature change on land,New Zealand,Meteorological year,1999,NZL,15322.22383,163.4357413,0.985
Temperature change on land,New Zealand,Meteorological year,2000,NZL,13641.10272,163.8655631,0.242
Temperature change on land,New Zealand,Meteorological year,2001,NZL,13882.85683,160.6596565,0.547
Temperature change on land,New Zealand,Meteorological year,2002,NZL,16874.18749,153.4189582,0.396
Temperature change on land,New Zealand,Meteorological year,2003,NZL,21913.70817,144.112881,0.214
Temperature change on land,New Zealand,Meteorological year,2004,NZL,25420.23488,134.7461047,-0.006
Temperature change on land,New Zealand,Meteorological year,2005,NZL,27751.06547,127.2602572,0.403
Temperature change on land,New Zealand,Meteorological year,2006,NZL,26654.5932,120.9756986,0.351
Temperature change on land,New Zealand,Meteorological year,2007,NZL,32479.98174,114.4330717,0.202
Temperature change on land,New Zealand,Meteorological year,2008,NZL,31252.96256,108.3447638,0.522
Temperature change on land,New Zealand,Meteorological year,2009,NZL,28209.36233,103.4341052,0.018
Temperature change on land,New Zealand,Meteorological year,2010,NZL,33676.77412,100.4246015,0.556
Temperature change on land,New Zealand,Meteorological year,2011,NZL,38388.52809,98.75733304,0.63
Temperature change on land,New Zealand,Meteorological year,2012,NZL,39974.29973,97.43652707,0.073
Temperature change on land,New Zealand,Meteorological year,2013,NZL,42977.38804,96.50287937,0.908
Temperature change on land,New Zealand,Meteorological year,2014,NZL,44578.22539,96.02633301,0.436
Temperature change on land,New Zealand,Meteorological year,2015,NZL,38639.35019,96.08586458,0.457
Temperature change on land,New Zealand,Meteorological year,2016,NZL,40070.89566,97.53239096,1.101
Temperature change on land,New Zealand,Meteorological year,2017,NZL,42913.18696,100.6905962,0.498
Temperature change on land,New Zealand,Meteorological year,2018,NZL,43228.69765,104.8636113,1.029
Temperature change on land,New Zealand,Meteorological year,2019,NZL,42747.20993,109.3509695,0.97
Temperature change on land,New Zealand,Meteorological year,2020,NZL,41785.69229,115.451693,0.755
Temperature change on land,New Zealand,Meteorological year,2021,NZL,49624.18167,122.5112685,0.816
Temperature change on land,Nicaragua,Meteorological year,1990,NIC,242.5083887,22.28801237,0.399
Temperature change on land,Nicaragua,Meteorological year,1991,NIC,349.5143186,22.29274244,0.477
Temperature change on land,Nicaragua,Meteorological year,1992,NIC,411.4733307,22.31514444,0.43
Temperature change on land,Nicaragua,Meteorological year,1993,NIC,394.378074,22.35125227,0.414
Temperature change on land,Nicaragua,Meteorological year,1994,NIC,849.1793314,22.39704879,0.623
Temperature change on land,Nicaragua,Meteorological year,1995,NIC,891.7793523,22.44764986,0.803
Temperature change on land,Nicaragua,Meteorological year,1996,NIC,910.8616459,22.53390211,0.065
Temperature change on land,Nicaragua,Meteorological year,1997,NIC,912.7573976,22.66609593,0.754
Temperature change on land,Nicaragua,Meteorological year,1998,NIC,949.1553735,22.80808255,1.285
Temperature change on land,Nicaragua,Meteorological year,1999,NIC,980.2197447,22.92533847,0.238
Temperature change on land,Nicaragua,Meteorological year,2000,NIC,1017.312443,22.98166677,0.093
Temperature change on land,Nicaragua,Meteorological year,2001,NIC,1051.874236,22.99022016,0.178
Temperature change on land,Nicaragua,Meteorological year,2002,NIC,1014.333904,22.98504488,0.444
Temperature change on land,Nicaragua,Meteorological year,2003,NIC,1021.352167,22.9596782,0.8
Temperature change on land,Nicaragua,Meteorological year,2004,NIC,1098.621187,22.90911808,0.626
Temperature change on land,Nicaragua,Meteorological year,2005,NIC,1183.302173,22.82634944,0.697
Temperature change on land,Nicaragua,Meteorological year,2006,NIC,1248.17676,22.69140464,0.677
Temperature change on land,Nicaragua,Meteorological year,2007,NIC,1350.389546,22.50859999,0.791
Temperature change on land,Nicaragua,Meteorological year,2008,NIC,1523.68089,22.30871488,0.281
Temperature change on land,Nicaragua,Meteorological year,2009,NIC,1467.080196,22.12315551,0.768
Temperature change on land,Nicaragua,Meteorological year,2010,NIC,1526.561853,21.98242167,0.671
Temperature change on land,Nicaragua,Meteorological year,2011,NIC,1679.710342,21.88155062,0.391
Temperature change on land,Nicaragua,Meteorological year,2012,NIC,1784.692128,21.7937527,0.498
Temperature change on land,Nicaragua,Meteorological year,2013,NIC,1835.434364,21.71780693,0.867
Temperature change on land,Nicaragua,Meteorological year,2014,NIC,1958.369665,21.65262794,0.856
Temperature change on land,Nicaragua,Meteorological year,2015,NIC,2074.454465,21.59684547,1.102
Temperature change on land,Nicaragua,Meteorological year,2016,NIC,2131.688285,21.5381751,1.233
Temperature change on land,Nicaragua,Meteorological year,2017,NIC,2182.618751,21.47620065,0.823
Temperature change on land,Nicaragua,Meteorological year,2018,NIC,2035.167501,21.42668557,0.856
Temperature change on land,Nicaragua,Meteorological year,2019,NIC,1958.621329,21.40531919,1.249
Temperature change on land,Nicaragua,Meteorological year,2020,NIC,1931.615158,21.51764352,1.299
Temperature change on land,Nicaragua,Meteorological year,2021,NIC,2128.609806,21.08912373,1.031
Temperature change on land,Niger,Meteorological year,1990,NER,423.8874606,25.11016651,0.453
Temperature change on land,Niger,Meteorological year,1991,NER,384.4431168,25.18723209,0.856
Temperature change on land,Niger,Meteorological year,1992,NER,384.0296573,25.25847552,-0.297
Temperature change on land,Niger,Meteorological year,1993,NER,335.4295819,25.31000567,0.396
Temperature change on land,Niger,Meteorological year,1994,NER,206.2146171,25.36141377,0.309
Temperature change on land,Niger,Meteorological year,1995,NER,237.0199896,25.40180511,0.433
Temperature change on land,Niger,Meteorological year,1996,NER,239.4945132,25.43561467,1.077
Temperature change on land,Niger,Meteorological year,1997,NER,220.5629572,25.47721518,0.736
Temperature change on land,Niger,Meteorological year,1998,NER,246.0908559,25.49881358,0.683
Temperature change on land,Niger,Meteorological year,1999,NER,228.2716561,25.52698533,0.553
Temperature change on land,Niger,Meteorological year,2000,NER,194.7719599,25.54725566,0.715
Temperature change on land,Niger,Meteorological year,2001,NER,205.4179361,25.53560136,0.209
Temperature change on land,Niger,Meteorological year,2002,NER,225.2943911,25.50686302,0.573
Temperature change on land,Niger,Meteorological year,2003,NER,265.2253635,25.46681867,0.819
Temperature change on land,Niger,Meteorological year,2004,NER,283.4682818,25.44755044,0.638
Temperature change on land,Niger,Meteorological year,2005,NER,318.6431219,25.46205549,1.208
Temperature change on land,Niger,Meteorological year,2006,NER,333.3450784,25.51166145,1.224
Temperature change on land,Niger,Meteorological year,2007,NER,387.1680659,25.59322429,0.935
Temperature change on land,Niger,Meteorological year,2008,NER,475.0449554,25.67819523,0.413
Temperature change on land,Niger,Meteorological year,2009,NER,461.131534,25.74751498,1.505
Temperature change on land,Niger,Meteorological year,2010,NER,474.4256923,25.77814967,1.679
Temperature change on land,Niger,Meteorological year,2011,NER,510.7595618,25.75036036,1.087
Temperature change on land,Niger,Meteorological year,2012,NER,528.5101045,25.68788938,0.719
Temperature change on land,Niger,Meteorological year,2013,NER,552.1033344,25.62141903,0.94
Temperature change on land,Niger,Meteorological year,2014,NER,565.3098973,25.57879742,1.121
Temperature change on land,Niger,Meteorological year,2015,NER,485.6625742,25.59033179,0.925
Temperature change on land,Niger,Meteorological year,2016,NER,502.7064754,25.70812866,1.072
Temperature change on land,Niger,Meteorological year,2017,NER,521.80413,25.92239192,0.945
Temperature change on land,Niger,Meteorological year,2018,NER,578.5680357,26.16664583,1.147
Temperature change on land,Niger,Meteorological year,2019,NER,561.6913043,26.38583411,1.101
Temperature change on land,Niger,Meteorological year,2020,NER,579.5124958,26.72242765,0.914
Temperature change on land,Niger,Meteorological year,2021,NER,608.7224396,27.40824462,1.571
Temperature change on land,Nigeria,Meteorological year,1990,NGA,556.3764491,25.79722419,0.624
Temperature change on land,Nigeria,Meteorological year,1991,NGA,596.9387957,25.66110191,0.659
Temperature change on land,Nigeria,Meteorological year,1992,NGA,508.5159057,25.55439149,-0.067
Temperature change on land,Nigeria,Meteorological year,1993,NGA,539.5732023,25.47529265,0.565
Temperature change on land,Nigeria,Meteorological year,1994,NGA,744.8842472,25.42459507,0.498
Temperature change on land,Nigeria,Meteorological year,1995,NGA,1271.616174,25.41226653,0.453
Temperature change on land,Nigeria,Meteorological year,1996,NGA,1632.724694,25.44344342,0.811
Temperature change on land,Nigeria,Meteorological year,1997,NGA,1720.275409,25.52688906,0.737
Temperature change on land,Nigeria,Meteorological year,1998,NGA,1822.469985,25.63350346,1.125
Temperature change on land,Nigeria,Meteorological year,1999,NGA,480.6693639,25.73686003,0.824
Temperature change on land,Nigeria,Meteorological year,2000,NGA,547.3182989,25.82064655,0.591
Temperature change on land,Nigeria,Meteorological year,2001,NGA,566.4282318,25.87965514,0.272
Temperature change on land,Nigeria,Meteorological year,2002,NGA,712.1648521,25.93929516,0.792
Temperature change on land,Nigeria,Meteorological year,2003,NGA,763.3887454,25.98352398,0.859
Temperature change on land,Nigeria,Meteorological year,2004,NGA,962.4810419,25.99720821,0.816
Temperature change on land,Nigeria,Meteorological year,2005,NGA,1211.377035,25.97535006,1.238
Temperature change on land,Nigeria,Meteorological year,2006,NGA,1599.538916,25.90760457,1.315
Temperature change on land,Nigeria,Meteorological year,2007,NGA,1815.526975,25.81505513,0.947
Temperature change on land,Nigeria,Meteorological year,2008,NGA,2154.105435,25.70180584,0.696
Temperature change on land,Nigeria,Meteorological year,2009,NGA,1820.486339,25.57261258,1.388
Temperature change on land,Nigeria,Meteorological year,2010,NGA,2202.25673,25.43893631,1.512
Temperature change on land,Nigeria,Meteorological year,2011,NGA,2418.41317,25.25556375,0.951
Temperature change on land,Nigeria,Meteorological year,2012,NGA,2633.197347,25.02487245,0.614
Temperature change on land,Nigeria,Meteorological year,2013,NGA,2872.790834,24.80009833,1.014
Temperature change on land,Nigeria,Meteorological year,2014,NGA,3088.721313,24.63461225,1.101
Temperature change on land,Nigeria,Meteorological year,2015,NGA,2585.733607,24.58823984,1.26
Temperature change on land,Nigeria,Meteorological year,2016,NGA,2070.412734,24.74861324,1.228
Temperature change on land,Nigeria,Meteorological year,2017,NGA,1876.340271,25.09745596,1.245
Temperature change on land,Nigeria,Meteorological year,2018,NGA,2057.879446,25.50443707,1.152
Temperature change on land,Nigeria,Meteorological year,2019,NGA,2265.155209,25.83850665,1.26
Temperature change on land,Nigeria,Meteorological year,2020,NGA,2019.657063,26.21472355,1.157
Temperature change on land,Nigeria,Meteorological year,2021,NGA,2017.274865,28.92165404,1.647
Temperature change on land,North Macedonia,Meteorological year,1992,MKD,1198.928298,57.17321911,0.025
Temperature change on land,North Macedonia,Meteorological year,1993,MKD,1336.647756,57.32319231,-0.001
Temperature change on land,North Macedonia,Meteorological year,1994,MKD,1786.354883,57.44752663,1.458
Temperature change on land,North Macedonia,Meteorological year,1995,MKD,2355.247054,57.5453326,-0.068
Temperature change on land,North Macedonia,Meteorological year,1996,MKD,2306.53367,57.65241877,-0.134
Temperature change on land,North Macedonia,Meteorological year,1997,MKD,1959.560738,57.77343676,-0.126
Temperature change on land,North Macedonia,Meteorological year,1998,MKD,1875.816627,57.87077074,0.752
Temperature change on land,North Macedonia,Meteorological year,1999,MKD,1915.392811,57.90749015,0.597
Temperature change on land,North Macedonia,Meteorological year,2000,MKD,1861.898998,57.85119942,1.073
Temperature change on land,North Macedonia,Meteorological year,2001,MKD,1823.022677,57.63777549,1.596
Temperature change on land,North Macedonia,Meteorological year,2002,MKD,1989.135373,57.25564671,0.364
Temperature change on land,North Macedonia,Meteorological year,2003,MKD,2445.362864,56.76728107,0.635
Temperature change on land,North Macedonia,Meteorological year,2004,MKD,2818.581456,56.24957188,0.37
Temperature change on land,North Macedonia,Meteorological year,2005,MKD,3120.984014,55.78068663,0.151
Temperature change on land,North Macedonia,Meteorological year,2006,MKD,3440.441106,55.30899751,0.39
Temperature change on land,North Macedonia,Meteorological year,2007,MKD,4204.113288,54.76048536,1.531
Temperature change on land,North Macedonia,Meteorological year,2008,MKD,5026.420299,54.18755768,1.139
Temperature change on land,North Macedonia,Meteorological year,2009,MKD,4799.787228,53.64664527,1.017
Temperature change on land,North Macedonia,Meteorological year,2010,MKD,4833.365868,53.19355447,1.363
Temperature change on land,North Macedonia,Meteorological year,2011,MKD,5416.866729,52.76519767,0.752
Temperature change on land,North Macedonia,Meteorological year,2012,MKD,5049.826539,52.30085352,1.464
Temperature change on land,North Macedonia,Meteorological year,2013,MKD,5626.261157,51.86369753,1.428
Temperature change on land,North Macedonia,Meteorological year,2014,MKD,5925.385922,51.51673515,1.341
Temperature change on land,North Macedonia,Meteorological year,2015,MKD,5262.686719,51.32418508,1.528
Temperature change on land,North Macedonia,Meteorological year,2016,MKD,5598.486226,51.34444257,1.703
Temperature change on land,North Macedonia,Meteorological year,2017,MKD,5955.297386,51.51965026,1.121
Temperature change on land,North Macedonia,Meteorological year,2018,MKD,6713.989254,51.74278621,2.133
Temperature change on land,North Macedonia,Meteorological year,2019,MKD,6718.858266,51.9072538,1.888
Temperature change on land,North Macedonia,Meteorological year,2020,MKD,6659.596511,52.01659462,1.589
Temperature change on land,North Macedonia,Meteorological year,2021,MKD,7620.80297,54.73992958,1.709
Temperature change on land,Norway,Meteorological year,1990,NOR,28242.9814,134.5916753,1.519
Temperature change on land,Norway,Meteorological year,1991,NOR,28596.933,135.2477751,0.983
Temperature change on land,Norway,Meteorological year,1992,NOR,30523.98506,135.5133948,1.124
Temperature change on land,Norway,Meteorological year,1993,NOR,27963.69791,135.4791901,0.7
Temperature change on land,Norway,Meteorological year,1994,NOR,29315.80923,135.2210713,0.066
Temperature change on land,Norway,Meteorological year,1995,NOR,34875.70433,134.8196825,0.944
Temperature change on land,Norway,Meteorological year,1996,NOR,37321.9742,133.554099,-0.058
Temperature change on land,Norway,Meteorological year,1997,NOR,36629.0309,131.0997523,0.765
Temperature change on land,Norway,Meteorological year,1998,NOR,34803.46341,128.1427128,0.386
Temperature change on land,Norway,Meteorological year,1999,NOR,36393.29275,125.3625427,1.262
Temperature change on land,Norway,Meteorological year,2000,NOR,38178.23688,123.4354267,1.432
Temperature change on land,Norway,Meteorological year,2001,NOR,38601.89764,122.2831,0.617
Temperature change on land,Norway,Meteorological year,2002,NOR,43170.55717,121.2899205,1.395
Temperature change on land,Norway,Meteorological year,2003,NOR,50250.32982,120.3723641,1.089
Temperature change on land,Norway,Meteorological year,2004,NOR,57768.6981,119.4450509,1.302
Temperature change on land,Norway,Meteorological year,2005,NOR,67047.17046,118.3950505,1.753
Temperature change on land,Norway,Meteorological year,2006,NOR,74434.49968,116.8871725,1.504
Temperature change on land,Norway,Meteorological year,2007,NOR,85502.26771,114.8365927,1.699
Temperature change on land,Norway,Meteorological year,2008,NOR,97503.54078,112.5705449,1.615
Temperature change on land,Norway,Meteorological year,2009,NOR,80347.57007,110.4350696,1.4
Temperature change on land,Norway,Meteorological year,2010,NOR,88163.20859,108.7483077,-0.337
Temperature change on land,Norway,Meteorological year,2011,NOR,101221.8135,107.4592635,1.394
Temperature change on land,Norway,Meteorological year,2012,NOR,102175.9193,106.271248,1.051
Temperature change on land,Norway,Meteorological year,2013,NOR,103553.8401,105.1584508,0.787
Temperature change on land,Norway,Meteorological year,2014,NOR,97666.69518,104.0986844,2.405
Temperature change on land,Norway,Meteorological year,2015,NOR,74809.9658,103.0678261,1.771
Temperature change on land,Norway,Meteorological year,2016,NOR,70867.361,101.8566813,1.709
Temperature change on land,Norway,Meteorological year,2017,NOR,76131.8384,100.4748568,1.542
Temperature change on land,Norway,Meteorological year,2018,NOR,82792.84271,99.22137808,1.481
Temperature change on land,Norway,Meteorological year,2019,NOR,76430.58895,98.39146637,1.188
Temperature change on land,Norway,Meteorological year,2020,NOR,68340.0181,98.11268051,2.37
Temperature change on land,Norway,Meteorological year,2021,NOR,93072.89251,98.38491953,1.489
Temperature change on land,Oman,Meteorological year,1990,OMN,7545.703052,23.39818528,0.153
Temperature change on land,Oman,Meteorological year,1991,OMN,6977.328592,23.48571996,-0.237
Temperature change on land,Oman,Meteorological year,1992,OMN,7317.788158,23.59308151,-0.447
Temperature change on land,Oman,Meteorological year,1993,OMN,7038.930159,23.71746477,0.381
Temperature change on land,Oman,Meteorological year,1994,OMN,7068.38997,23.85021415,0.263
Temperature change on land,Oman,Meteorological year,1995,OMN,7414.302792,23.98431962,0.111
Temperature change on land,Oman,Meteorological year,1996,OMN,8068.000768,24.20050636,0.058
Temperature change on land,Oman,Meteorological year,1997,OMN,8234.640638,24.5211651,-0.084
Temperature change on land,Oman,Meteorological year,1998,OMN,7219.029324,24.86104329,1.016
Temperature change on land,Oman,Meteorological year,1999,OMN,7915.441694,25.13352847,0.887
Temperature change on land,Oman,Meteorological year,2000,OMN,9753.847552,25.25376407,0.844
Temperature change on land,Oman,Meteorological year,2001,OMN,9611.963602,25.24658666,0.959
Temperature change on land,Oman,Meteorological year,2002,OMN,9869.130502,25.20429635,1.283
Temperature change on land,Oman,Meteorological year,2003,OMN,10463.54258,25.14372149,1.185
Temperature change on land,Oman,Meteorological year,2004,OMN,11800.85074,25.07985642,1.095
Temperature change on land,Oman,Meteorological year,2005,OMN,14434.85779,25.02746857,1.158
Temperature change on land,Oman,Meteorological year,2006,OMN,16930.85651,24.96238557,1.218
Temperature change on land,Oman,Meteorological year,2007,OMN,18792.65377,24.86458832,1.056
Temperature change on land,Oman,Meteorological year,2008,OMN,26576.77924,24.74855722,0.929
Temperature change on land,Oman,Meteorological year,2009,OMN,20655.91802,24.63130866,1.145
Temperature change on land,Oman,Meteorological year,2010,OMN,23570.17981,24.53159085,1.54
Temperature change on land,Oman,Meteorological year,2011,OMN,25188.00742,24.46948346,1.277
Temperature change on land,Oman,Meteorological year,2012,OMN,24642.29788,24.44393221,1.208
Temperature change on land,Oman,Meteorological year,2013,OMN,23458.02338,24.43815352,0.931
Temperature change on land,Oman,Meteorological year,2014,OMN,23160.65023,24.43620567,0.924
Temperature change on land,Oman,Meteorological year,2015,OMN,18808.30779,24.42205196,1.671
Temperature change on land,Oman,Meteorological year,2016,OMN,17110.18975,24.50061698,1.355
Temperature change on land,Oman,Meteorological year,2017,OMN,17820.06618,24.72122103,1.886
Temperature change on land,Oman,Meteorological year,2018,OMN,19901.76156,24.99209302,1.615
Temperature change on land,Oman,Meteorological year,2019,OMN,19180.18642,25.22895421,1.319
Temperature change on land,Oman,Meteorological year,2020,OMN,16784.86306,25.52984486,0.947
Temperature change on land,Oman,Meteorological year,2021,OMN,19403.46002,28.77052294,1.744
Temperature change on land,Pakistan,Meteorological year,1990,PAK,344.4554738,39.86280707,0.252
Temperature change on land,Pakistan,Meteorological year,1991,PAK,380.0198433,39.84873495,-0.404
Temperature change on land,Pakistan,Meteorological year,1992,PAK,395.6772086,39.92541913,-0.496
Temperature change on land,Pakistan,Meteorological year,1993,PAK,407.8881407,40.07370086,0.323
Temperature change on land,Pakistan,Meteorological year,1994,PAK,399.9559276,40.2743868,0.075
Temperature change on land,Pakistan,Meteorological year,1995,PAK,450.5502793,40.50971142,-0.198
Temperature change on land,Pakistan,Meteorological year,1996,PAK,456.9969618,41.00226685,-0.26
Temperature change on land,Pakistan,Meteorological year,1997,PAK,438.0309427,41.83559793,-0.505
Temperature change on land,Pakistan,Meteorological year,1998,PAK,424.4536978,42.78076974,0.326
Temperature change on land,Pakistan,Meteorological year,1999,PAK,418.2492571,43.61003604,0.72
Temperature change on land,Pakistan,Meteorological year,2000,PAK,642.3383465,44.09549596,0.582
Temperature change on land,Pakistan,Meteorological year,2001,PAK,609.9395069,44.31500802,0.658
Temperature change on land,Pakistan,Meteorological year,2002,PAK,599.9373457,44.50401888,0.9
Temperature change on land,Pakistan,Meteorological year,2003,PAK,672.4417867,44.66708754,0.401
Temperature change on land,Pakistan,Meteorological year,2004,PAK,771.9022473,44.80977177,0.941
Temperature change on land,Pakistan,Meteorological year,2005,PAK,827.6198612,44.93572365,0.127
Temperature change on land,Pakistan,Meteorological year,2006,PAK,900.873565,45.05298382,0.973
Temperature change on land,Pakistan,Meteorological year,2007,PAK,998.0901142,45.15933879,0.598
Temperature change on land,Pakistan,Meteorological year,2008,PAK,1067.043246,45.24336955,0.314
Temperature change on land,Pakistan,Meteorological year,2009,PAK,963.7880664,45.29584036,0.96
Temperature change on land,Pakistan,Meteorological year,2010,PAK,987.3045711,45.30645989,1.219
Temperature change on land,Pakistan,Meteorological year,2011,PAK,1131.735138,45.25603567,0.769
Temperature change on land,Pakistan,Meteorological year,2012,PAK,1204.364755,45.1599546,0.205
Temperature change on land,Pakistan,Meteorological year,2013,PAK,1225.434012,45.06019422,0.748
Temperature change on land,Pakistan,Meteorological year,2014,PAK,1266.613408,45.00000251,0.34
Temperature change on land,Pakistan,Meteorological year,2015,PAK,1380.470208,45.02294887,0.526
Temperature change on land,Pakistan,Meteorological year,2016,PAK,1424.691612,45.30133199,1.156
Temperature change on land,Pakistan,Meteorological year,2017,PAK,1519.234595,45.84506901,1.222
Temperature change on land,Pakistan,Meteorological year,2018,PAK,1569.338146,46.45466041,1.311
Temperature change on land,Pakistan,Meteorological year,2019,PAK,1390.41691,46.92985037,0.506
Temperature change on land,Pakistan,Meteorological year,2020,PAK,1278.397352,47.42783869,0.342
Temperature change on land,Pakistan,Meteorological year,2021,PAK,1455.319224,52.46769824,1.026
Temperature change on land,Palau,Meteorological year,1992,PLW,6552.711239,88.5618211,0.022
Temperature change on land,Palau,Meteorological year,1993,PLW,5891.503787,89.59720061,-0.036
Temperature change on land,Palau,Meteorological year,1994,PLW,6329.069767,90.25480368,0.186
Temperature change on land,Palau,Meteorological year,1995,PLW,7038.005234,90.49135646,0.23
Temperature change on land,Palau,Meteorological year,1996,PLW,7788.29727,90.34054545,0.278
Temperature change on land,Palau,Meteorological year,1997,PLW,7944.599072,89.94318339,0.254
Temperature change on land,Palau,Meteorological year,1998,PLW,8047.916217,89.42068219,0.506
Temperature change on land,Palau,Meteorological year,1999,PLW,7629.569864,88.92092407,0.307
Temperature change on land,Palau,Meteorological year,2000,PLW,7797.257274,88.59251249,0.286
Temperature change on land,Palau,Meteorological year,2001,PLW,8239.639314,88.42454102,0.325
Temperature change on land,Palau,Meteorological year,2002,PLW,8340.537353,88.27666355,0.437
Temperature change on land,Palau,Meteorological year,2003,PLW,7862.04283,88.11980975,0.372
Temperature change on land,Palau,Meteorological year,2004,PLW,8395.136226,87.97292303,0.578
Temperature change on land,Palau,Meteorological year,2005,PLW,9639.658913,87.85756868,0.404
Temperature change on land,Palau,Meteorological year,2006,PLW,9885.147757,87.75619257,0.437
Temperature change on land,Palau,Meteorological year,2007,PLW,10408.43436,87.61401529,0.527
Temperature change on land,Palau,Meteorological year,2009,PLW,10155.43321,87.21851451,0.545
Temperature change on land,Palau,Meteorological year,2010,PLW,10229.08785,87.04585438,0.485
Temperature change on land,Palau,Meteorological year,2011,PLW,11000.87952,86.9208394,0.452
Temperature change on land,Palau,Meteorological year,2012,PLW,12145.36448,86.80320831,0.641
Temperature change on land,Palau,Meteorological year,2013,PLW,12768.90972,86.66940417,0.749
Temperature change on land,Palau,Meteorological year,2014,PLW,13726.02226,86.510688,0.794
Temperature change on land,Palau,Meteorological year,2015,PLW,15690.75865,86.3161492,1.048
Temperature change on land,Palau,Meteorological year,2016,PLW,16762.57234,85.8276354,1.101
Temperature change on land,Palau,Meteorological year,2017,PLW,16034.13429,85.04701189,0.955
Temperature change on land,Palau,Meteorological year,2018,PLW,16197.72545,84.33592522,0.979
Temperature change on land,Palau,Meteorological year,2021,PLW,13257.20667,79.55496399,0.914
Temperature change on land,Palestine,Meteorological year,1994,PSE,1201.581542,21.80632441,0.797
Temperature change on land,Palestine,Meteorological year,1995,PSE,1326.562857,21.70183922,-0.164
Temperature change on land,Palestine,Meteorological year,1996,PSE,1317.466751,21.62554077,0.341
Temperature change on land,Palestine,Meteorological year,1997,PSE,1389.164971,21.54920199,-0.12
Temperature change on land,Palestine,Meteorological year,1998,PSE,1465.046057,21.46981756,0.893
Temperature change on land,Palestine,Meteorological year,1999,PSE,1499.492177,21.38481525,0.9
Temperature change on land,Palestine,Meteorological year,2000,PSE,1476.17185,21.29095833,0.296
Temperature change on land,Palestine,Meteorological year,2001,PSE,1335.553195,21.1094175,0.911
Temperature change on land,Palestine,Meteorological year,2002,PSE,1156.217473,20.82031592,0.794
Temperature change on land,Palestine,Meteorological year,2003,PSE,1257.69857,20.50742636,0.63
Temperature change on land,Palestine,Meteorological year,2004,PSE,1422.190886,20.25637005,0.603
Temperature change on land,Palestine,Meteorological year,2005,PSE,1543.701414,20.1506367,0.253
Temperature change on land,Palestine,Meteorological year,2006,PSE,1570.1044,20.17785896,0.63
Temperature change on land,Palestine,Meteorological year,2007,PSE,1664.245717,20.25632001,0.534
Temperature change on land,Palestine,Meteorological year,2008,PSE,2035.202341,20.36469165,0.767
Temperature change on land,Palestine,Meteorological year,2009,PSE,2191.781787,20.48472342,0.836
Temperature change on land,Palestine,Meteorological year,2010,PSE,2557.075624,20.59601895,2.299
Temperature change on land,Palestine,Meteorological year,2011,PSE,2880.798437,20.70007279,0.567
Temperature change on land,Palestine,Meteorological year,2012,PSE,3067.438727,20.81989509,1.035
Temperature change on land,Palestine,Meteorological year,2013,PSE,3315.297539,20.96674353,1.113
Temperature change on land,Palestine,Meteorological year,2014,PSE,3352.112595,21.15456959,0.906
Temperature change on land,Palestine,Meteorological year,2015,PSE,3272.154324,21.39667727,1.367
Temperature change on land,Palestine,Meteorological year,2016,PSE,3527.613824,21.98827162,1.697
Temperature change on land,Palestine,Meteorological year,2017,PSE,3620.360487,22.97943698,0.809
Temperature change on land,Palestine,Meteorological year,2018,PSE,3562.330943,24.01505088,2.056
Temperature change on land,Palestine,Meteorological year,2019,PSE,3656.858271,24.74205198,1.224
Temperature change on land,Palestine,Meteorological year,2020,PSE,3233.568638,25.19335801,1.479
Temperature change on land,Palestine,Meteorological year,2021,PSE,3678.635657,28.82459846,1.819
Temperature change on land,Panama,Meteorological year,1990,PAN,2620.138273,16.70040859,0.439
Temperature change on land,Panama,Meteorological year,1991,PAN,2820.545477,16.77820313,0.533
Temperature change on land,Panama,Meteorological year,1992,PAN,3139.899529,16.88705938,0.375
Temperature change on land,Panama,Meteorological year,1993,PAN,3358.414117,17.02134318,0.452
Temperature change on land,Panama,Meteorological year,1994,PAN,3508.195701,17.17576546,0.379
Temperature change on land,Panama,Meteorological year,1995,PAN,3513.897379,17.34533885,0.343
Temperature change on land,Panama,Meteorological year,1996,PAN,3308.184296,17.61204654,0.221
Temperature change on land,Panama,Meteorological year,1997,PAN,3545.976709,17.99859967,0.668
Temperature change on land,Panama,Meteorological year,1998,PAN,3807.838692,18.41083586,1.065
Temperature change on land,Panama,Meteorological year,1999,PAN,3950.34145,18.75467175,-0.017
Temperature change on land,Panama,Meteorological year,2000,PAN,3975.093087,18.93657346,0.085
Temperature change on land,Panama,Meteorological year,2001,PAN,3991.776708,18.99376885,0.569
Temperature change on land,Panama,Meteorological year,2002,PAN,4090.586174,19.02621208,0.709
Temperature change on land,Panama,Meteorological year,2003,PAN,4264.664288,19.03515707,0.82
Temperature change on land,Panama,Meteorological year,2004,PAN,4644.565824,19.02184743,0.603
Temperature change on land,Panama,Meteorological year,2005,PAN,5017.741092,18.98733973,0.652
Temperature change on land,Panama,Meteorological year,2006,PAN,5528.767055,18.88145173,0.554
Temperature change on land,Panama,Meteorological year,2007,PAN,6317.817303,18.68570986,0.541
Temperature change on land,Panama,Meteorological year,2008,PAN,7347.590503,18.44843283,0.269
Temperature change on land,Panama,Meteorological year,2009,PAN,7796.92617,18.21797824,0.79
Temperature change on land,Panama,Meteorological year,2010,PAN,8331.464214,18.04279404,0.854
Temperature change on land,Panama,Meteorological year,2011,PAN,9662.295922,17.91316621,0.444
Temperature change on land,Panama,Meteorological year,2012,PAN,11064.80636,17.7886043,0.47
Temperature change on land,Panama,Meteorological year,2013,PAN,12273.3225,17.67118299,0.777
Temperature change on land,Panama,Meteorological year,2014,PAN,13213.19896,17.56283327,0.704
Temperature change on land,Panama,Meteorological year,2015,PAN,14082.65485,17.46544695,0.784
Temperature change on land,Panama,Meteorological year,2016,PAN,14832.36116,17.35185393,0.784
Temperature change on land,Panama,Meteorological year,2017,PAN,15694.62975,17.22517122,0.664
Temperature change on land,Panama,Meteorological year,2018,PAN,16151.32735,17.13233553,1.069
Temperature change on land,Panama,Meteorological year,2019,PAN,16477.90663,17.11878081,1.274
Temperature change on land,Panama,Meteorological year,2020,PAN,13290.56083,17.30703448,1.366
Temperature change on land,Panama,Meteorological year,2021,PAN,15509.80691,17.80026329,0.968
Temperature change on land,Papua New Guinea,Meteorological year,1990,PNG,826.3171521,22.53483616,0.262
Temperature change on land,Papua New Guinea,Meteorological year,1991,PNG,941.7077216,22.23571334,0.186
Temperature change on land,Papua New Guinea,Meteorological year,1992,PNG,1050.707169,21.96250568,0.374
Temperature change on land,Papua New Guinea,Meteorological year,1993,PNG,1151.283881,21.72738076,0.204
Temperature change on land,Papua New Guinea,Meteorological year,1994,PNG,1228.243436,21.54451994,0.211
Temperature change on land,Papua New Guinea,Meteorological year,1995,PNG,998.2299674,21.42971378,0.471
Temperature change on land,Papua New Guinea,Meteorological year,1996,PNG,1071.041852,21.36053376,0.444
Temperature change on land,Papua New Guinea,Meteorological year,1997,PNG,989.721551,21.30084424,0.015
Temperature change on land,Papua New Guinea,Meteorological year,1998,PNG,733.4798601,21.24769437,0.832
Temperature change on land,Papua New Guinea,Meteorological year,1999,PNG,649.9947197,21.20111427,0.218
Temperature change on land,Papua New Guinea,Meteorological year,2000,PNG,635.957919,21.16234832,0.293
Temperature change on land,Papua New Guinea,Meteorological year,2001,PNG,537.8474596,21.12889532,0.439
Temperature change on land,Papua New Guinea,Meteorological year,2002,PNG,506.3317895,21.09392726,0.534
Temperature change on land,Papua New Guinea,Meteorological year,2003,PNG,577.4679224,21.05940708,0.578
Temperature change on land,Papua New Guinea,Meteorological year,2004,PNG,620.5961477,21.02908816,0.212
Temperature change on land,Papua New Guinea,Meteorological year,2005,PNG,744.48649,21.00671167,0.53
Temperature change on land,Papua New Guinea,Meteorological year,2006,PNG,1238.182829,20.97953033,0.149
Temperature change on land,Papua New Guinea,Meteorological year,2007,PNG,1370.753416,20.93860242,0.337
Temperature change on land,Papua New Guinea,Meteorological year,2008,PNG,1624.793199,20.89298511,0.243
Temperature change on land,Papua New Guinea,Meteorological year,2009,PNG,1568.831934,20.85343937,0.28
Temperature change on land,Papua New Guinea,Meteorological year,2010,PNG,1866.868899,20.8304752,0.909
Temperature change on land,Papua New Guinea,Meteorological year,2011,PNG,2288.375911,20.81711897,0.254
Temperature change on land,Papua New Guinea,Meteorological year,2012,PNG,2635.087363,20.80266942,0.147
Temperature change on land,Papua New Guinea,Meteorological year,2013,PNG,2560.77459,20.79628672,0.608
Temperature change on land,Papua New Guinea,Meteorological year,2014,PNG,2723.175298,20.80674865,0.194
Temperature change on land,Papua New Guinea,Meteorological year,2015,PNG,2484.59634,20.84224266,0.118
Temperature change on land,Papua New Guinea,Meteorological year,2016,PNG,2316.394798,21.06605581,0.792
Temperature change on land,Papua New Guinea,Meteorological year,2017,PNG,2477.76531,21.51711054,0.787
Temperature change on land,Papua New Guinea,Meteorological year,2018,PNG,2566.368337,22.01664538,0.561
Temperature change on land,Papua New Guinea,Meteorological year,2019,PNG,2575.772743,22.38510873,0.575
Temperature change on land,Papua New Guinea,Meteorological year,2020,PNG,2429.611346,22.63677387,0.934
Temperature change on land,Papua New Guinea,Meteorological year,2021,PNG,2607.578619,26.25924103,1.062
Temperature change on land,Paraguay,Meteorological year,1990,PRY,1440.158296,11.76541796,0.101
Temperature change on land,Paraguay,Meteorological year,1991,PRY,1685.268901,12.06271882,0.72
Temperature change on land,Paraguay,Meteorological year,1992,PRY,1682.674448,12.37764882,-0.319
Temperature change on land,Paraguay,Meteorological year,1993,PRY,1661.709553,12.70336398,0.276
Temperature change on land,Paraguay,Meteorological year,1994,PRY,1760.288071,13.03354828,0.972
Temperature change on land,Paraguay,Meteorological year,1995,PRY,1978.715141,13.36198387,0.661
Temperature change on land,Paraguay,Meteorological year,1996,PRY,2088.171091,13.73513255,0.239
Temperature change on land,Paraguay,Meteorological year,1997,PRY,2078.508413,14.17218444,1.018
Temperature change on land,Paraguay,Meteorological year,1998,PRY,1889.884556,14.62568365,0.299
Temperature change on land,Paraguay,Meteorological year,1999,PRY,1766.306573,15.04866962,0.176
Temperature change on land,Paraguay,Meteorological year,2000,PRY,1736.117292,15.39397009,0.221
Temperature change on land,Paraguay,Meteorological year,2001,PRY,1637.686151,15.68393817,0.761
Temperature change on land,Paraguay,Meteorological year,2002,PRY,1367.765069,15.96346172,1.218
Temperature change on land,Paraguay,Meteorological year,2003,PRY,1443.998852,16.21883469,0.832
Temperature change on land,Paraguay,Meteorological year,2004,PRY,1786.215339,16.43669867,0.459
Temperature change on land,Paraguay,Meteorological year,2005,PRY,1970.871699,16.60335842,0.616
Temperature change on land,Paraguay,Meteorological year,2006,PRY,2439.431247,16.7239509,1.012
Temperature change on land,Paraguay,Meteorological year,2007,PRY,3211.936217,16.82170032,0.342
Temperature change on land,Paraguay,Meteorological year,2008,PRY,4384.954694,16.90990812,0.381
Temperature change on land,Paraguay,Meteorological year,2009,PRY,3941.848155,17.00205446,1.011
Temperature change on land,Paraguay,Meteorological year,2010,PRY,4750.962737,17.111216,0.452
Temperature change on land,Paraguay,Meteorological year,2011,PRY,5805.401545,17.26519314,0.735
Temperature change on land,Paraguay,Meteorological year,2012,PRY,5642.169917,17.45705136,0.943
Temperature change on land,Paraguay,Meteorological year,2013,PRY,6435.683427,17.64777427,0.473
Temperature change on land,Paraguay,Meteorological year,2014,PRY,6652.254789,17.79806792,1.256
Temperature change on land,Paraguay,Meteorological year,2015,PRY,5879.337923,17.86873629,1.608
Temperature change on land,Paraguay,Meteorological year,2016,PRY,5775.159634,17.83399062,0.362
Temperature change on land,Paraguay,Meteorological year,2017,PRY,6152.267115,17.7374741,1.309
Temperature change on land,Paraguay,Meteorological year,2018,PRY,6258.449916,17.64398893,0.686
Temperature change on land,Paraguay,Meteorological year,2019,PRY,5821.181995,17.61842896,1.456
Temperature change on land,Paraguay,Meteorological year,2020,PRY,5365.472207,17.72032988,1.533
Temperature change on land,Paraguay,Meteorological year,2021,PRY,5976.931798,16.96725156,0.879
Temperature change on land,Peru,Meteorological year,1990,PER,1199.666668,13.56503563,0.365
Temperature change on land,Peru,Meteorological year,1991,PER,1527.388795,13.69402219,0.484
Temperature change on land,Peru,Meteorological year,1992,PER,1567.409108,13.82299926,0.9
Temperature change on land,Peru,Meteorological year,1993,PER,1487.674043,13.94922711,0.561
Temperature change on land,Peru,Meteorological year,1994,PER,1879.366578,14.06988999,0.545
Temperature change on land,Peru,Meteorological year,1995,PER,2189.534315,14.18247098,0.794
Temperature change on land,Peru,Meteorological year,1996,PER,2226.916824,14.30903016,0.174
Temperature change on land,Peru,Meteorological year,1997,PER,2300.672008,14.4591593,0.853
Temperature change on land,Peru,Meteorological year,1998,PER,2156.393777,14.61204011,1.304
Temperature change on land,Peru,Meteorological year,1999,PER,1916.533974,14.74681689,0.33
Temperature change on land,Peru,Meteorological year,2000,PER,1945.413385,14.84245847,0.393
Temperature change on land,Peru,Meteorological year,2001,PER,1929.57273,14.85986518,0.457
Temperature change on land,Peru,Meteorological year,2002,PER,2007.370196,14.79708726,0.762
Temperature change on land,Peru,Meteorological year,2003,PER,2129.441142,14.68854571,0.727
Temperature change on land,Peru,Meteorological year,2004,PER,2397.251473,14.5681778,0.711
Temperature change on land,Peru,Meteorological year,2005,PER,2706.669473,14.46927355,0.803
Temperature change on land,Peru,Meteorological year,2006,PER,3129.559965,14.38214998,0.76
Temperature change on land,Peru,Meteorological year,2007,PER,3581.089308,14.2864164,0.568
Temperature change on land,Peru,Meteorological year,2008,PER,4197.584446,14.19921406,0.634
Temperature change on land,Peru,Meteorological year,2009,PER,4181.187555,14.13801647,0.883
Temperature change on land,Peru,Meteorological year,2010,PER,5072.11494,14.12043131,1.107
Temperature change on land,Peru,Meteorological year,2011,PER,5861.357936,14.17013535,0.886
Temperature change on land,Peru,Meteorological year,2012,PER,6519.37853,14.27478163,0.987
Temperature change on land,Peru,Meteorological year,2013,PER,6746.800257,14.39842689,0.749
Temperature change on land,Peru,Meteorological year,2014,PER,6667.134104,14.50422286,0.976
Temperature change on land,Peru,Meteorological year,2015,PER,6231.711503,14.55639009,1.35
Temperature change on land,Peru,Meteorological year,2016,PER,6217.036,14.52961911,1.515
Temperature change on land,Peru,Meteorological year,2017,PER,6736.166937,14.45415767,1.102
Temperature change on land,Peru,Meteorological year,2018,PER,6978.491215,14.3769348,0.884
Temperature change on land,Peru,Meteorological year,2019,PER,7037.008037,14.34706753,1.196
Temperature change on land,Peru,Meteorological year,2020,PER,6133.325524,14.44630021,1.663
Temperature change on land,Peru,Meteorological year,2021,PER,6826.972007,15.50677312,1.2
Temperature change on land,Philippines,Meteorological year,1990,PHL,803.5725883,28.70191627,0.427
Temperature change on land,Philippines,Meteorological year,1991,PHL,804.3233305,28.43810118,0.375
Temperature change on land,Philippines,Meteorological year,1992,PHL,916.5156945,28.13566105,0.388
Temperature change on land,Philippines,Meteorological year,1993,PHL,918.6429538,27.80524789,0.364
Temperature change on land,Philippines,Meteorological year,1994,PHL,1059.983895,27.45753114,0.432
Temperature change on land,Philippines,Meteorological year,1995,PHL,1199.841714,27.10268953,0.447
Temperature change on land,Philippines,Meteorological year,1996,PHL,1311.092494,26.6380094,0.368
Temperature change on land,Philippines,Meteorological year,1997,PHL,1273.276049,26.02496513,0.454
Temperature change on land,Philippines,Meteorological year,1998,PHL,982.8659437,25.37184691,1.252
Temperature change on land,Philippines,Meteorological year,1999,PHL,1101.43516,24.78598878,0.519
Temperature change on land,Philippines,Meteorological year,2000,PHL,1050.79273,24.3755828,0.642
Temperature change on land,Philippines,Meteorological year,2001,PHL,969.5306117,24.08677626,0.757
Temperature change on land,Philippines,Meteorological year,2002,PHL,1014.908793,23.80829878,0.661
Temperature change on land,Philippines,Meteorological year,2003,PHL,1027.230119,23.56788378,0.78
Temperature change on land,Philippines,Meteorological year,2004,PHL,1099.63013,23.3948145,0.678
Temperature change on land,Philippines,Meteorological year,2005,PHL,1220.460186,23.31859515,0.787
Temperature change on land,Philippines,Meteorological year,2006,PHL,1426.146492,23.34244997,0.829
Temperature change on land,Philippines,Meteorological year,2007,PHL,1712.655433,23.42738796,0.877
Temperature change on land,Philippines,Meteorological year,2008,PHL,1959.292335,23.54250236,0.543
Temperature change on land,Philippines,Meteorological year,2009,PHL,1864.450434,23.66499972,0.677
Temperature change on land,Philippines,Meteorological year,2010,PHL,2162.913759,23.77108551,1.018
Temperature change on land,Philippines,Meteorological year,2011,PHL,2383.918925,23.87910957,0.585
Temperature change on land,Philippines,Meteorological year,2012,PHL,2614.616444,24.01506685,0.879
Temperature change on land,Philippines,Meteorological year,2013,PHL,2781.279577,24.17026119,1.018
Temperature change on land,Philippines,Meteorological year,2014,PHL,2866.838038,24.33709222,0.87
Temperature change on land,Philippines,Meteorological year,2015,PHL,2909.85818,24.50790351,1.109
Temperature change on land,Philippines,Meteorological year,2016,PHL,2985.19564,24.75087283,1.569
Temperature change on land,Philippines,Meteorological year,2017,PHL,3038.12125,25.0798385,1.192
Temperature change on land,Philippines,Meteorological year,2018,PHL,3168.510366,25.40512471,1.225
Temperature change on land,Philippines,Meteorological year,2019,PHL,3400.789498,25.63633245,1.304
Temperature change on land,Philippines,Meteorological year,2020,PHL,3227.579102,25.82751978,1.447
Temperature change on land,Philippines,Meteorological year,2021,PHL,3484.385939,27.14172071,1.309
Temperature change on land,Poland,Meteorological year,1990,POL,1731.209509,97.55405156,1.722
Temperature change on land,Poland,Meteorological year,1991,POL,2235.541089,98.46156989,0.427
Temperature change on land,Poland,Meteorological year,1992,POL,2459.020685,99.35441623,1.162
Temperature change on land,Poland,Meteorological year,1993,POL,2497.130559,100.2129359,0.081
Temperature change on land,Poland,Meteorological year,1994,POL,2874.831636,101.0143831,1.385
Temperature change on land,Poland,Meteorological year,1995,POL,3700.959568,101.7323936,1.125
Temperature change on land,Poland,Meteorological year,1996,POL,4163.511954,102.4774926,-0.775
Temperature change on land,Poland,Meteorological year,1997,POL,4137.008318,103.309111,0.026
Temperature change on land,Poland,Meteorological year,1998,POL,4533.535655,104.1108566,0.959
Temperature change on land,Poland,Meteorological year,1999,POL,4415.500675,104.7699098,1.212
Temperature change on land,Poland,Meteorological year,2000,POL,4520.641004,105.174233,1.895
Temperature change on land,Poland,Meteorological year,2001,POL,5015.2379,105.3413334,1.3
Temperature change on land,Poland,Meteorological year,2002,POL,5223.45179,105.3707831,1.716
Temperature change on land,Poland,Meteorological year,2003,POL,5720.813662,105.2654052,0.379
Temperature change on land,Poland,Meteorological year,2004,POL,6711.727153,105.0296729,0.79
Temperature change on land,Poland,Meteorological year,2005,POL,8043.923323,104.6682476,0.889
Temperature change on land,Poland,Meteorological year,2006,POL,9068.855283,104.0962516,0.841
Temperature change on land,Poland,Meteorological year,2007,POL,11272.52937,103.2999489,2.153
Temperature change on land,Poland,Meteorological year,2008,POL,14048.56047,102.3922284,1.757
Temperature change on land,Poland,Meteorological year,2009,POL,11556.30269,101.4877355,1.278
Temperature change on land,Poland,Meteorological year,2010,POL,12567.73177,100.6983437,0.404
Temperature change on land,Poland,Meteorological year,2011,POL,13867.66694,99.93435261,0.766
Temperature change on land,Poland,Meteorological year,2012,POL,13087.42094,99.08492308,1.381
Temperature change on land,Poland,Meteorological year,2013,POL,13621.90238,98.23272016,0.65
Temperature change on land,Poland,Meteorological year,2014,POL,14262.28419,97.46341925,2.366
Temperature change on land,Poland,Meteorological year,2015,POL,12637.52203,96.86101869,1.996
Temperature change on land,Poland,Meteorological year,2016,POL,12464.01105,96.35904999,2.04
Temperature change on land,Poland,Meteorological year,2017,POL,13913.34029,95.87114943,1.461
Temperature change on land,Poland,Meteorological year,2018,POL,15658.21203,95.45012845,2.424
Temperature change on land,Poland,Meteorological year,2019,POL,15874.52205,95.15259014,2.637
Temperature change on land,Poland,Meteorological year,2020,POL,15987.57537,95.01393574,2.666
Temperature change on land,Poland,Meteorological year,2021,POL,18635.51049,95.77563364,1.448
Temperature change on land,Portugal,Meteorological year,1990,PRT,7884.617988,79.62158018,1.343
Temperature change on land,Portugal,Meteorological year,1991,PRT,8958.985333,79.77248289,0.382
Temperature change on land,Portugal,Meteorological year,1992,PRT,10810.56651,79.75744559,0.372
Temperature change on land,Portugal,Meteorological year,1993,PRT,9534.656364,79.59873043,-0.25
Temperature change on land,Portugal,Meteorological year,1994,PRT,9977.319909,79.31611974,0.619
Temperature change on land,Portugal,Meteorological year,1995,PRT,11781.36185,78.93146689,1.598
Temperature change on land,Portugal,Meteorological year,1996,PRT,12185.0914,77.7474148,0.685
Temperature change on land,Portugal,Meteorological year,1997,PRT,11575.50711,75.45523973,1.546
Temperature change on land,Portugal,Meteorological year,1998,PRT,12199.20639,72.66427299,1.144
Temperature change on land,Portugal,Meteorological year,1999,PRT,12475.29177,69.98758214,0.533
Temperature change on land,Portugal,Meteorological year,2000,PRT,11526.37207,68.03311201,0.558
Temperature change on land,Portugal,Meteorological year,2001,PRT,11734.76497,66.69743901,1.046
Temperature change on land,Portugal,Meteorological year,2002,PRT,12936.69282,65.47971527,0.595
Temperature change on land,Portugal,Meteorological year,2003,PRT,15797.78213,64.38980326,1.364
Temperature change on land,Portugal,Meteorological year,2004,PRT,18064.15809,63.44071862,0.912
Temperature change on land,Portugal,Meteorological year,2005,PRT,18780.12751,62.64197823,0.883
Temperature change on land,Portugal,Meteorological year,2006,PRT,19839.45405,61.96883813,1.449
Temperature change on land,Portugal,Meteorological year,2007,PRT,22811.05648,61.37402955,0.667
Temperature change on land,Portugal,Meteorological year,2008,PRT,24949.04136,60.83831002,0.557
Temperature change on land,Portugal,Meteorological year,2009,PRT,23151.21541,60.33868282,1.263
Temperature change on land,Portugal,Meteorological year,2010,PRT,22551.9351,59.85291765,1.009
Temperature change on land,Portugal,Meteorological year,2011,PRT,23246.54254,59.38609131,1.496
Temperature change on land,Portugal,Meteorological year,2012,PRT,20593.42742,58.94997533,0.688
Temperature change on land,Portugal,Meteorological year,2013,PRT,21676.48596,58.52422731,0.828
Temperature change on land,Portugal,Meteorological year,2014,PRT,22120.68501,58.09115227,1.247
Temperature change on land,Portugal,Meteorological year,2015,PRT,19215.7813,57.63245955,1.292
Temperature change on land,Portugal,Meteorological year,2016,PRT,19980.28089,56.98600902,1.584
Temperature change on land,Portugal,Meteorological year,2017,PRT,21442.38428,56.16775531,2.028
Temperature change on land,Portugal,Meteorological year,2018,PRT,23541.14011,55.41611837,0.782
Temperature change on land,Portugal,Meteorological year,2019,PRT,23343.3629,54.97507078,1.169
Temperature change on land,Portugal,Meteorological year,2020,PRT,22299.40441,54.98027621,1.868
Temperature change on land,Portugal,Meteorological year,2021,PRT,24711.45101,54.4393176,1.101
Temperature change on land,Puerto Rico,Meteorological year,1990,PRI,8652.507492,29.67117244,0.493
Temperature change on land,Puerto Rico,Meteorological year,1991,PRI,9064.018517,29.44115828,0.463
Temperature change on land,Puerto Rico,Meteorological year,1992,PRI,9659.3389,29.1996991,0.381
Temperature change on land,Puerto Rico,Meteorological year,1993,PRI,10212.27676,28.95800895,0.489
Temperature change on land,Puerto Rico,Meteorological year,1994,PRI,10876.41882,28.72758313,0.64
Temperature change on land,Puerto Rico,Meteorological year,1995,PRI,11579.185,28.51888332,0.726
Temperature change on land,Puerto Rico,Meteorological year,1996,PRI,12173.16369,28.28331315,0.417
Temperature change on land,Puerto Rico,Meteorological year,1997,PRI,12817.64496,27.99064876,0.66
Temperature change on land,Puerto Rico,Meteorological year,1998,PRI,14304.40499,27.67994478,1.222
Temperature change on land,Puerto Rico,Meteorological year,1999,PRI,15220.99134,27.39168651,0.64
Temperature change on land,Puerto Rico,Meteorological year,2000,PRI,16192.12697,27.16629207,0.254
Temperature change on land,Puerto Rico,Meteorological year,2001,PRI,18123.1987,26.97508503,0.746
Temperature change on land,Puerto Rico,Meteorological year,2002,PRI,18731.45939,26.76890354,0.921
Temperature change on land,Puerto Rico,Meteorological year,2003,PRI,19557.12025,26.55596372,0.991
Temperature change on land,Puerto Rico,Meteorological year,2004,PRI,20988.99233,26.34261994,0.491
Temperature change on land,Puerto Rico,Meteorological year,2005,PRI,21959.3227,26.1351323,0.818
Temperature change on land,Puerto Rico,Meteorological year,2006,PRI,22935.94116,25.92738677,0.776
Temperature change on land,Puerto Rico,Meteorological year,2007,PRI,23664.88235,25.71197134,1.009
Temperature change on land,Puerto Rico,Meteorological year,2008,PRI,24898.33459,25.49588385,0.493
Temperature change on land,Puerto Rico,Meteorological year,2009,PRI,25768.72589,25.28537764,0.649
Temperature change on land,Puerto Rico,Meteorological year,2010,PRI,26435.74879,25.08761113,1.181
Temperature change on land,Puerto Rico,Meteorological year,2011,PRI,27278.88305,24.89861821,0.53
Temperature change on land,Puerto Rico,Meteorological year,2012,PRI,27944.73389,24.70826438,0.831
Temperature change on land,Puerto Rico,Meteorological year,2013,PRI,28513.16574,24.5180799,0.807
Temperature change on land,Puerto Rico,Meteorological year,2014,PRI,28981.45733,24.3295253,0.91
Temperature change on land,Puerto Rico,Meteorological year,2015,PRI,29763.4883,24.14360961,1.19
Temperature change on land,Puerto Rico,Meteorological year,2016,PRI,30627.1634,24.00021273,1.2
Temperature change on land,Puerto Rico,Meteorological year,2017,PRI,31108.75275,23.91146354,1.049
Temperature change on land,Puerto Rico,Meteorological year,2018,PRI,31615.06679,23.86970419,0.858
Temperature change on land,Puerto Rico,Meteorological year,2019,PRI,32916.8668,23.85595661,0.976
Temperature change on land,Puerto Rico,Meteorological year,2020,PRI,31427.42911,23.87547589,1.375
Temperature change on land,Puerto Rico,Meteorological year,2021,PRI,32619.25042,27.11540657,0.867
Temperature change on land,Qatar,Meteorological year,1990,QAT,16721.62077,33.90860834,0.401
Temperature change on land,Qatar,Meteorological year,1991,QAT,15133.49694,34.1706157,-0.137
Temperature change on land,Qatar,Meteorological year,1992,QAT,16280.29388,34.41956192,-0.518
Temperature change on land,Qatar,Meteorological year,1993,QAT,14769.71933,34.65009696,0.051
Temperature change on land,Qatar,Meteorological year,1994,QAT,14764.87714,34.84953744,0.693
Temperature change on land,Qatar,Meteorological year,1995,QAT,15822.50907,34.99845034,0.102
Temperature change on land,Qatar,Meteorological year,1996,QAT,17124.79209,35.16604376,0.536
Temperature change on land,Qatar,Meteorological year,1997,QAT,20522.8013,35.36517216,0.109
Temperature change on land,Qatar,Meteorological year,1998,QAT,17665.44084,35.55032415,1.218
Temperature change on land,Qatar,Meteorological year,1999,QAT,20233.68468,35.66363938,1.794
Temperature change on land,Qatar,Meteorological year,2000,QAT,27535.18294,35.65126223,1.027
Temperature change on land,Qatar,Meteorological year,2001,QAT,25870.79919,35.50558133,1.045
Temperature change on land,Qatar,Meteorological year,2002,QAT,27226.65935,35.26913932,1.539
Temperature change on land,Qatar,Meteorological year,2003,QAT,31602.47087,35.00689335,1.269
Temperature change on land,Qatar,Meteorological year,2004,QAT,41035.50084,34.78400527,1.318
Temperature change on land,Qatar,Meteorological year,2005,QAT,53949.67641,34.65557364,0.926
Temperature change on land,Qatar,Meteorological year,2006,QAT,62582.44531,34.50502902,1.719
Temperature change on land,Qatar,Meteorological year,2007,QAT,65954.34195,34.24252799,1.049
Temperature change on land,Qatar,Meteorological year,2008,QAT,80781.40392,33.92812562,1.231
Temperature change on land,Qatar,Meteorological year,2009,QAT,60785.73516,33.63748802,1.177
Temperature change on land,Qatar,Meteorological year,2010,QAT,77387.32679,33.46054202,2.06
Temperature change on land,Qatar,Meteorological year,2011,QAT,103261.5065,33.37997789,1.495
Temperature change on land,Qatar,Meteorological year,2012,QAT,108470.3788,33.34540406,1.439
Temperature change on land,Qatar,Meteorological year,2013,QAT,103697.0084,33.32794457,1.296
Temperature change on land,Qatar,Meteorological year,2014,QAT,95840.63101,33.30490575,1.685
Temperature change on land,Qatar,Meteorological year,2015,QAT,68985.2947,33.26295925,2.121
Temperature change on land,Qatar,Meteorological year,2016,QAT,61253.63755,33.13392738,1.627
Temperature change on land,Qatar,Meteorological year,2017,QAT,63279.85569,32.96801892,1.99
Temperature change on land,Qatar,Meteorological year,2018,QAT,71039.84906,32.8791266,2.099
Temperature change on land,Qatar,Meteorological year,2019,QAT,66841.30135,32.96498697,1.933
Temperature change on land,Qatar,Meteorological year,2020,QAT,51683.50544,33.49908875,1.817
Temperature change on land,Qatar,Meteorological year,2021,QAT,71751.88312,34.59067113,2.249
Temperature change on land,Republic of Korea,Meteorological year,1990,KOR,6609.997283,92.01854549,1.248
Temperature change on land,Republic of Korea,Meteorological year,1991,KOR,7636.948064,94.79222185,0.293
Temperature change on land,Republic of Korea,Meteorological year,1992,KOR,8126.662062,98.09057598,0.637
Temperature change on land,Republic of Korea,Meteorological year,1993,KOR,8884.919464,101.8126974,0.054
Temperature change on land,Republic of Korea,Meteorological year,1994,KOR,10385.39046,105.852414,1.259
Temperature change on land,Republic of Korea,Meteorological year,1995,KOR,12564.72437,110.1122375,0.424
Temperature change on land,Republic of Korea,Meteorological year,1996,KOR,13402.9946,114.9289744,-0.018
Temperature change on land,Republic of Korea,Meteorological year,1997,KOR,12398.49045,120.5495573,0.735
Temperature change on land,Republic of Korea,Meteorological year,1998,KOR,8281.719483,126.727962,1.486
Temperature change on land,Republic of Korea,Meteorological year,1999,KOR,10672.44756,133.2360746,1.062
Temperature change on land,Republic of Korea,Meteorological year,2000,KOR,12257.02066,139.8283693,0.422
Temperature change on land,Republic of Korea,Meteorological year,2001,KOR,11561.20717,147.3356657,0.902
Temperature change on land,Republic of Korea,Meteorological year,2002,KOR,13165.08362,156.0103787,0.656
Temperature change on land,Republic of Korea,Meteorological year,2003,KOR,14672.80575,164.7587743,0.635
Temperature change on land,Republic of Korea,Meteorological year,2004,KOR,16496.13162,172.5053165,1.218
Temperature change on land,Republic of Korea,Meteorological year,2005,KOR,19402.50263,178.1604954,0.94
Temperature change on land,Republic of Korea,Meteorological year,2006,KOR,21743.47745,182.3700872,0.525
Temperature change on land,Republic of Korea,Meteorological year,2007,KOR,24086.41044,186.3241784,1.296
Temperature change on land,Republic of Korea,Meteorological year,2008,KOR,21350.42798,189.7672077,0.988
Temperature change on land,Republic of Korea,Meteorological year,2009,KOR,19143.85161,192.4834377,0.983
Temperature change on land,Republic of Korea,Meteorological year,2010,KOR,23079.26013,194.2339781,0.52
Temperature change on land,Republic of Korea,Meteorological year,2011,KOR,25097.59543,195.2811466,0.325
Temperature change on land,Republic of Korea,Meteorological year,2012,KOR,25459.1689,195.9765847,0.407
Temperature change on land,Republic of Korea,Meteorological year,2013,KOR,27179.51701,196.2627859,0.54
Temperature change on land,Republic of Korea,Meteorological year,2014,KOR,29252.93124,196.0751013,1.055
Temperature change on land,Republic of Korea,Meteorological year,2015,KOR,28737.43917,195.3333027,0.991
Temperature change on land,Republic of Korea,Meteorological year,2016,KOR,29280.44032,191.7539393,1.667
Temperature change on land,Republic of Korea,Meteorological year,2017,KOR,31600.73587,185.0489236,1.468
Temperature change on land,Republic of Korea,Meteorological year,2018,KOR,33447.15628,178.2063598,0.961
Temperature change on land,Republic of Korea,Meteorological year,2019,KOR,31902.4169,174.1863379,1.527
Temperature change on land,Republic of Korea,Meteorological year,2020,KOR,31721.29891,173.3889209,1.503
Temperature change on land,Republic of Korea,Meteorological year,2021,KOR,35125.5225,170.7301551,1.686
Temperature change on land,Republic of Moldova,Meteorological year,1992,MDA,778.0176674,90.16605597,0.478
Temperature change on land,Republic of Moldova,Meteorological year,1993,MDA,796.989285,89.65987229,-0.659
Temperature change on land,Republic of Moldova,Meteorological year,1994,MDA,573.7986472,89.19518098,1.648
Temperature change on land,Republic of Moldova,Meteorological year,1995,MDA,593.593177,88.78344184,0.626
Temperature change on land,Republic of Moldova,Meteorological year,1996,MDA,575.1454551,88.35317767,-0.66
Temperature change on land,Republic of Moldova,Meteorological year,1997,MDA,657.2921346,87.83880695,-0.432
Temperature change on land,Republic of Moldova,Meteorological year,1998,MDA,578.7346276,87.25200582,0.81
Temperature change on land,Republic of Moldova,Meteorological year,1999,MDA,399.4998186,86.59790643,0.923
Temperature change on land,Republic of Moldova,Meteorological year,2000,MDA,440.538684,85.8808128,1.492
Temperature change on land,Republic of Moldova,Meteorological year,2001,MDA,507.4040763,84.86235641,1.709
Temperature change on land,Republic of Moldova,Meteorological year,2002,MDA,570.7998662,83.51310019,1.451
Temperature change on land,Republic of Moldova,Meteorological year,2003,MDA,682.319096,82.13293668,-0.185
Temperature change on land,Republic of Moldova,Meteorological year,2004,MDA,897.1784947,81.01049423,0.721
Temperature change on land,Republic of Moldova,Meteorological year,2005,MDA,1034.391977,80.43668665,0.86
Temperature change on land,Republic of Moldova,Meteorological year,2006,MDA,1183.024814,80.41738582,0.294
Temperature change on land,Republic of Moldova,Meteorological year,2007,MDA,1531.216186,80.67396892,2.376
Temperature change on land,Republic of Moldova,Meteorological year,2008,MDA,2110.553054,81.04496749,1.542
Temperature change on land,Republic of Moldova,Meteorological year,2009,MDA,1898.439757,81.36613035,1.771
Temperature change on land,Republic of Moldova,Meteorological year,2010,MDA,2436.799351,81.47270085,1.292
Temperature change on land,Republic of Moldova,Meteorological year,2011,MDA,2941.362241,81.27797404,0.425
Temperature change on land,Republic of Moldova,Meteorological year,2012,MDA,3044.808432,80.87979295,2.003
Temperature change on land,Republic of Moldova,Meteorological year,2013,MDA,3321.043978,80.37797123,1.26
Temperature change on land,Republic of Moldova,Meteorological year,2014,MDA,3289.957586,79.8715572,1.349
Temperature change on land,Republic of Moldova,Meteorological year,2015,MDA,2749.551371,79.46090305,1.942
Temperature change on land,Republic of Moldova,Meteorological year,2016,MDA,2847.087948,79.09943586,2.028
Temperature change on land,Republic of Moldova,Meteorological year,2017,MDA,3453.267277,78.72621403,1.348
Temperature change on land,Republic of Moldova,Meteorological year,2018,MDA,4156.44982,78.41103158,2.012
Temperature change on land,Republic of Moldova,Meteorological year,2019,MDA,4405.334182,78.22321273,2.32
Temperature change on land,Republic of Moldova,Meteorological year,2020,MDA,4375.778893,78.48078322,3.083
Temperature change on land,Republic of Moldova,Meteorological year,2021,MDA,5274.605822,77.93679064,1.283
Temperature change on land,Romania,Meteorological year,1990,ROU,1648.48523,53.70081987,1.127
Temperature change on land,Romania,Meteorological year,1991,ROU,1254.312442,54.16316083,0.061
Temperature change on land,Romania,Meteorological year,1992,ROU,1102.103785,54.66369559,0.391
Temperature change on land,Romania,Meteorological year,1993,ROU,1158.056328,55.19494284,-0.402
Temperature change on land,Romania,Meteorological year,1994,ROU,1323.032378,55.74615498,1.746
Temperature change on land,Romania,Meteorological year,1995,ROU,1650.049224,56.30400386,0.439
Temperature change on land,Romania,Meteorological year,1996,ROU,1633.010644,56.94716759,-0.394
Temperature change on land,Romania,Meteorological year,1997,ROU,1577.33656,57.69968687,-0.395
Temperature change on land,Romania,Meteorological year,1998,ROU,1852.554969,58.46574719,0.812
Temperature change on land,Romania,Meteorological year,1999,ROU,1599.906228,59.15286057,0.644
Temperature change on land,Romania,Meteorological year,2000,ROU,1659.929049,59.66416636,1.346
Temperature change on land,Romania,Meteorological year,2001,ROU,1825.192994,60.05157951,1.539
Temperature change on land,Romania,Meteorological year,2002,ROU,2119.855097,60.42883318,1.22
Temperature change on land,Romania,Meteorological year,2003,ROU,2679.40626,60.786732,0.139
Temperature change on land,Romania,Meteorological year,2004,ROU,3494.990564,61.11822456,0.554
Temperature change on land,Romania,Meteorological year,2005,ROU,4618.003508,61.41355094,0.295
Temperature change on land,Romania,Meteorological year,2006,ROU,5757.531273,61.70016437,0.518
Temperature change on land,Romania,Meteorological year,2007,ROU,8360.337759,61.99608149,2.123
Temperature change on land,Romania,Meteorological year,2008,ROU,10435.15612,62.27267464,1.325
Temperature change on land,Romania,Meteorological year,2009,ROU,8548.454341,62.50820552,1.599
Temperature change on land,Romania,Meteorological year,2010,ROU,8399.537423,62.68091913,1.151
Temperature change on land,Romania,Meteorological year,2011,ROU,9560.675528,62.73270898,0.486
Temperature change on land,Romania,Meteorological year,2012,ROU,8929.953662,62.65706963,1.816
Temperature change on land,Romania,Meteorological year,2013,ROU,9497.674116,62.502214,1.365
Temperature change on land,Romania,Meteorological year,2014,ROU,10031.77108,62.31254712,1.539
Temperature change on land,Romania,Meteorological year,2015,ROU,8977.017482,62.13358049,1.788
Temperature change on land,Romania,Meteorological year,2016,ROU,9404.540059,61.9282054,1.869
Temperature change on land,Romania,Meteorological year,2017,ROU,10727.9822,61.6661517,1.145
Temperature change on land,Romania,Meteorological year,2018,ROU,12502.26241,61.40640323,2.249
Temperature change on land,Romania,Meteorological year,2019,ROU,12992.03261,61.21536032,2.231
Temperature change on land,Romania,Meteorological year,2020,ROU,13082.30066,61.29935954,2.233
Temperature change on land,Romania,Meteorological year,2021,ROU,14986.78549,63.40429682,1.399
Temperature change on land,Russian Federation,Meteorological year,1992,RUS,3098.802734,201.3164304,0.363
Temperature change on land,Russian Federation,Meteorological year,1993,RUS,2930.670166,203.6254277,0.953
Temperature change on land,Russian Federation,Meteorological year,1994,RUS,2662.104004,206.0098516,0.573
Temperature change on land,Russian Federation,Meteorological year,1995,RUS,2665.779785,208.4649182,2.101
Temperature change on land,Russian Federation,Meteorological year,1996,RUS,2643.929199,212.2423794,0.803
Temperature change on land,Russian Federation,Meteorological year,1997,RUS,2737.572021,217.6250506,1.28
Temperature change on land,Russian Federation,Meteorological year,1998,RUS,1834.861816,223.124853,-0.032
Temperature change on land,Russian Federation,Meteorological year,1999,RUS,1330.757202,227.3364345,0.413
Temperature change on land,Russian Federation,Meteorological year,2000,RUS,1771.594116,228.8839841,1.32
Temperature change on land,Russian Federation,Meteorological year,2001,RUS,2100.352539,227.6144748,0.814
Temperature change on land,Russian Federation,Meteorological year,2002,RUS,2377.529541,224.7188812,1.59
Temperature change on land,Russian Federation,Meteorological year,2003,RUS,2975.123047,220.86302,0.994
Temperature change on land,Russian Federation,Meteorological year,2004,RUS,4102.364746,216.7659974,1.4
Temperature change on land,Russian Federation,Meteorological year,2005,RUS,5323.455078,213.1392583,1.7
Temperature change on land,Russian Federation,Meteorological year,2006,RUS,6920.199707,209.8190433,0.546
Temperature change on land,Russian Federation,Meteorological year,2007,RUS,9101.239258,206.2313248,2.48
Temperature change on land,Russian Federation,Meteorological year,2008,RUS,11635.28418,202.418572,2.211
Temperature change on land,Russian Federation,Meteorological year,2009,RUS,8562.824219,198.4768637,1.175
Temperature change on land,Russian Federation,Meteorological year,2010,RUS,10674.99023,194.4979977,0.864
Temperature change on land,Russian Federation,Meteorological year,2011,RUS,14305.33203,189.6715672,1.686
Temperature change on land,Russian Federation,Meteorological year,2012,RUS,15401.85156,183.7394706,1.914
Temperature change on land,Russian Federation,Meteorological year,2013,RUS,15941.44824,177.5549083,1.149
Temperature change on land,Russian Federation,Meteorological year,2014,RUS,14055.47266,171.988992,1.742
Temperature change on land,Russian Federation,Meteorological year,2015,RUS,9277.713867,167.9215982,2.233
Temperature change on land,Russian Federation,Meteorological year,2016,RUS,8663.158203,164.9177011,2.444
Temperature change on land,Russian Federation,Meteorological year,2017,RUS,10658.91309,162.2109727,2.114
Temperature change on land,Russian Federation,Meteorological year,2018,RUS,11211.8877,160.0945108,2.032
Temperature change on land,Russian Federation,Meteorological year,2019,RUS,11447.70117,158.8761225,2.178
Temperature change on land,Russian Federation,Meteorological year,2020,RUS,10108.32715,158.4577994,3.684
Temperature change on land,Russian Federation,Meteorological year,2021,RUS,12521.52246,153.9743313,1.629
Temperature change on land,Russian Federation,Meteorological year,1990,RUS,3494.063232,197.2370353,1.244
Temperature change on land,Russian Federation,Meteorological year,1991,RUS,3490.452393,199.1391139,0.642
Temperature change on land,Rwanda,Meteorological year,1990,RWA,345.7734951,43.42124189,0.299
Temperature change on land,Rwanda,Meteorological year,1991,RWA,253.966902,43.38565754,-0.103
Temperature change on land,Rwanda,Meteorological year,1992,RWA,264.0839145,43.23163771,0.024
Temperature change on land,Rwanda,Meteorological year,1998,RWA,246.1546733,40.28818403,0.565
Temperature change on land,Rwanda,Meteorological year,2001,RWA,237.3088462,37.15547627,0.316
Temperature change on land,Rwanda,Meteorological year,2002,RWA,234.0430168,35.98455873,0.729
Temperature change on land,Rwanda,Meteorological year,2003,RWA,249.012275,34.79192488,0.985
Temperature change on land,Rwanda,Meteorological year,2004,RWA,269.5404463,33.67063464,0.756
Temperature change on land,Rwanda,Meteorological year,2007,RWA,426.2341835,31.04511833,1.339
Temperature change on land,Saint Kitts and Nevis,Meteorological year,1990,KNA,5373.44824,14.56481958,0.569
Temperature change on land,Saint Kitts and Nevis,Meteorological year,1991,KNA,5464.610257,14.58633964,0.648
Temperature change on land,Saint Kitts and Nevis,Meteorological year,1992,KNA,5947.121136,14.58835012,0.591
Temperature change on land,Saint Kitts and Nevis,Meteorological year,1993,KNA,6395.314377,14.57375287,0.701
Temperature change on land,Saint Kitts and Nevis,Meteorological year,1994,KNA,7065.28292,14.54610502,0.686
Temperature change on land,Saint Kitts and Nevis,Meteorological year,1995,KNA,7406.444861,14.50890989,0.858
Temperature change on land,Saint Kitts and Nevis,Meteorological year,1996,KNA,7788.428399,14.39176049,0.562
Temperature change on land,Saint Kitts and Nevis,Meteorological year,1997,KNA,8626.722575,14.1617607,0.754
Temperature change on land,Saint Kitts and Nevis,Meteorological year,1998,KNA,8710.789841,13.88217335,1.256
Temperature change on land,Saint Kitts and Nevis,Meteorological year,1999,KNA,9116.28628,13.61609698,0.663
Temperature change on land,Saint Kitts and Nevis,Meteorological year,2000,KNA,9319.655451,13.42630584,0.489
Temperature change on land,Saint Kitts and Nevis,Meteorological year,2002,KNA,10453.65871,13.07001571,0.697
Temperature change on land,Saint Kitts and Nevis,Meteorological year,2003,KNA,10175.62954,12.87897321,0.895
Temperature change on land,Saint Kitts and Nevis,Meteorological year,2004,KNA,10944.61837,12.7318954,0.559
Temperature change on land,Saint Kitts and Nevis,Meteorological year,2005,KNA,11783.78672,12.66752141,0.929
Temperature change on land,Saint Kitts and Nevis,Meteorological year,2006,KNA,13837.84953,12.67267657,0.752
Temperature change on land,Saint Kitts and Nevis,Meteorological year,2007,KNA,14757.95798,12.70516984,0.987
Temperature change on land,Saint Kitts and Nevis,Meteorological year,2008,KNA,16604.94486,12.75958809,0.395
Temperature change on land,Saint Kitts and Nevis,Meteorological year,2009,KNA,16503.41193,12.83032289,0.61
Temperature change on land,Saint Kitts and Nevis,Meteorological year,2010,KNA,16622.94579,12.91178256,1.377
Temperature change on land,Saint Kitts and Nevis,Meteorological year,2011,KNA,17832.45729,12.9940112,0.654
Temperature change on land,Saint Kitts and Nevis,Meteorological year,2012,KNA,17532.0559,13.07345084,0.751
Temperature change on land,Saint Kitts and Nevis,Meteorological year,2013,KNA,18580.13019,13.15416849,0.762
Temperature change on land,Saint Kitts and Nevis,Meteorological year,2014,KNA,20219.39542,13.24053779,0.763
Temperature change on land,Saint Kitts and Nevis,Meteorological year,2015,KNA,20328.80035,13.33714169,1.041
Temperature change on land,Saint Kitts and Nevis,Meteorological year,2016,KNA,21387.54155,13.66248267,1.203
Temperature change on land,Saint Kitts and Nevis,Meteorological year,2017,KNA,22464.98996,14.26494602,0.959
Temperature change on land,Saint Kitts and Nevis,Meteorological year,2018,KNA,22901.38164,14.89256275,0.846
Temperature change on land,Saint Kitts and Nevis,Meteorological year,2019,KNA,23595.49232,15.29366857,0.937
Temperature change on land,Saint Kitts and Nevis,Meteorological year,2020,KNA,18859.01904,15.44642428,1.236
Temperature change on land,Saint Kitts and Nevis,Meteorological year,2021,KNA,18361.14497,19.74515429,0.936
Temperature change on land,Saint Lucia,Meteorological year,1990,LCA,4204.571619,19.7133789,0.364
Temperature change on land,Saint Lucia,Meteorological year,1991,LCA,4398.679069,19.84159551,0.49
Temperature change on land,Saint Lucia,Meteorological year,1992,LCA,4759.838678,19.93781556,0.457
Temperature change on land,Saint Lucia,Meteorological year,1993,LCA,4764.724648,20.00315277,0.564
Temperature change on land,Saint Lucia,Meteorological year,1994,LCA,4892.067336,20.03938628,0.557
Temperature change on land,Saint Lucia,Meteorological year,1995,LCA,5147.92024,20.0486938,0.764
Temperature change on land,Saint Lucia,Meteorological year,1996,LCA,5244.016651,20.00867737,0.534
Temperature change on land,Saint Lucia,Meteorological year,1997,LCA,5282.370114,19.90946561,0.632
Temperature change on land,Saint Lucia,Meteorological year,1998,LCA,5672.513738,19.77031452,1.311
Temperature change on land,Saint Lucia,Meteorological year,1999,LCA,5882.83399,19.61009517,0.707
Temperature change on land,Saint Lucia,Meteorological year,2000,LCA,5879.561914,19.44681284,0.588
Temperature change on land,Saint Lucia,Meteorological year,2001,LCA,5570.452471,19.244166,0.783
Temperature change on land,Saint Lucia,Meteorological year,2002,LCA,5567.894284,18.98845361,0.662
Temperature change on land,Saint Lucia,Meteorological year,2003,LCA,6058.606221,18.73086493,0.959
Temperature change on land,Saint Lucia,Meteorological year,2004,LCA,6494.600349,18.52230703,0.597
Temperature change on land,Saint Lucia,Meteorological year,2005,LCA,6863.436419,18.41282404,1.148
Temperature change on land,Saint Lucia,Meteorological year,2006,LCA,7611.178567,18.3880752,0.835
Temperature change on land,Saint Lucia,Meteorological year,2007,LCA,7964.382115,18.38822088,0.857
Temperature change on land,Saint Lucia,Meteorological year,2008,LCA,8516.960755,18.40082607,0.5
Temperature change on land,Saint Lucia,Meteorological year,2009,LCA,8250.521807,18.41452809,0.609
Temperature change on land,Saint Lucia,Meteorological year,2010,LCA,8673.687203,18.41758207,1.371
Temperature change on land,Saint Lucia,Meteorological year,2011,LCA,9128.99442,18.38964472,0.803
Temperature change on land,Saint Lucia,Meteorological year,2012,LCA,9260.300066,18.33397031,0.752
Temperature change on land,Saint Lucia,Meteorological year,2013,LCA,9576.234634,18.27268745,0.922
Temperature change on land,Saint Lucia,Meteorological year,2014,LCA,10044.82184,18.22906893,0.754
Temperature change on land,Saint Lucia,Meteorological year,2015,LCA,10334.92256,18.22662278,1.073
Temperature change on land,Saint Lucia,Meteorological year,2016,LCA,10638.1902,18.41250674,1.222
Temperature change on land,Saint Lucia,Meteorological year,2017,LCA,11333.19639,18.80628956,1.222
Temperature change on land,Saint Lucia,Meteorological year,2018,LCA,11642.74032,19.23685281,0.884
Temperature change on land,Saint Lucia,Meteorological year,2019,LCA,11794.20565,19.53381329,1.284
Temperature change on land,Saint Lucia,Meteorological year,2020,LCA,8411.199418,19.65880579,1.473
Temperature change on land,Saint Lucia,Meteorological year,2021,LCA,10459.13212,22.04452145,1.179
Temperature change on land,Saint Vincent and the Grenadines,Meteorological year,1990,VCT,2149.739444,17.17044063,0.14
Temperature change on land,Saint Vincent and the Grenadines,Meteorological year,1991,VCT,2270.763572,17.04969938,0.321
Temperature change on land,Saint Vincent and the Grenadines,Meteorological year,1992,VCT,2470.518408,16.94242333,0.355
Temperature change on land,Saint Vincent and the Grenadines,Meteorological year,1993,VCT,2539.649686,16.8521017,0.461
Temperature change on land,Saint Vincent and the Grenadines,Meteorological year,1994,VCT,2563.249766,16.78247741,0.465
Temperature change on land,Saint Vincent and the Grenadines,Meteorological year,1995,VCT,2795.363056,16.7363699,0.789
Temperature change on land,Saint Vincent and the Grenadines,Meteorological year,1996,VCT,2930.443947,16.71467389,0.499
Temperature change on land,Saint Vincent and the Grenadines,Meteorological year,1997,VCT,3073.778474,16.71077492,0.641
Temperature change on land,Saint Vincent and the Grenadines,Meteorological year,1998,VCT,3301.100181,16.71419557,1.34
Temperature change on land,Saint Vincent and the Grenadines,Meteorological year,1999,VCT,3446.52293,16.71426786,0.725
Temperature change on land,Saint Vincent and the Grenadines,Meteorological year,2000,VCT,3768.955366,16.70032208,0.671
Temperature change on land,Saint Vincent and the Grenadines,Meteorological year,2001,VCT,4071.086011,16.67096697,0.764
Temperature change on land,Saint Vincent and the Grenadines,Meteorological year,2002,VCT,4303.279768,16.63340959,0.587
Temperature change on land,Saint Vincent and the Grenadines,Meteorological year,2003,VCT,4499.614542,16.58752641,0.973
Temperature change on land,Saint Vincent and the Grenadines,Meteorological year,2004,VCT,4873.489477,16.53386315,0.474
Temperature change on land,Saint Vincent and the Grenadines,Meteorological year,2005,VCT,5157.393739,16.47274001,1.259
Temperature change on land,Saint Vincent and the Grenadines,Meteorological year,2006,VCT,5744.827862,16.39295953,0.79
Temperature change on land,Saint Vincent and the Grenadines,Meteorological year,2007,VCT,6398.191235,16.29170617,0.776
Temperature change on land,Saint Vincent and the Grenadines,Meteorological year,2008,VCT,6598.905315,16.1820833,0.627
Temperature change on land,Saint Vincent and the Grenadines,Meteorological year,2009,VCT,6463.787773,16.07687182,0.61
Temperature change on land,Saint Vincent and the Grenadines,Meteorological year,2010,VCT,6551.96836,15.98848105,1.395
Temperature change on land,Saint Vincent and the Grenadines,Meteorological year,2011,VCT,6527.689969,15.87137118,0.882
Temperature change on land,Saint Vincent and the Grenadines,Meteorological year,2012,VCT,6713.807686,15.70134645,0.732
Temperature change on land,Saint Vincent and the Grenadines,Meteorological year,2013,VCT,7072.467372,15.52272371,0.938
Temperature change on land,Saint Vincent and the Grenadines,Meteorological year,2014,VCT,7168.828753,15.37956744,0.764
Temperature change on land,Saint Vincent and the Grenadines,Meteorological year,2015,VCT,7353.735561,15.31643069,0.995
Temperature change on land,Saint Vincent and the Grenadines,Meteorological year,2016,VCT,7656.900429,15.4725853,0.985
Temperature change on land,Saint Vincent and the Grenadines,Meteorological year,2017,VCT,7988.04445,15.84009759,1.446
Temperature change on land,Saint Vincent and the Grenadines,Meteorological year,2018,VCT,8428.126772,16.24299895,0.901
Temperature change on land,Saint Vincent and the Grenadines,Meteorological year,2019,VCT,8743.332021,16.5048324,1.457
Temperature change on land,Saint Vincent and the Grenadines,Meteorological year,2020,VCT,8395.099889,16.64397812,1.692
Temperature change on land,Saint Vincent and the Grenadines,Meteorological year,2021,VCT,8481.305374,19.38291183,1.282
Temperature change on land,Samoa,Meteorological year,1990,WSM,743.994213,83.66396768,0.437
Temperature change on land,Samoa,Meteorological year,1991,WSM,741.5639638,84.85110889,0.494
Temperature change on land,Samoa,Meteorological year,1992,WSM,776.7408244,85.91868921,0.313
Temperature change on land,Samoa,Meteorological year,1993,WSM,774.9886316,86.82204128,-0.137
Temperature change on land,Samoa,Meteorological year,1994,WSM,1276.850216,87.51847818,0.269
Temperature change on land,Samoa,Meteorological year,1995,WSM,1288.104733,87.96553139,0.705
Temperature change on land,Samoa,Meteorological year,1996,WSM,1419.35849,88.21358873,0.73
Temperature change on land,Samoa,Meteorological year,1999,WSM,1416.76916,88.38262372,0.193
Temperature change on land,Samoa,Meteorological year,2000,WSM,1424.7524,88.30446709,0.577
Temperature change on land,Samoa,Meteorological year,2001,WSM,1453.870213,88.1534037,0.855
Temperature change on land,Samoa,Meteorological year,2002,WSM,1527.557905,87.91659858,1.103
Temperature change on land,Samoa,Meteorological year,2003,WSM,1798.124297,87.62364087,0.664
Temperature change on land,Samoa,Meteorological year,2004,WSM,2189.260426,87.30424192,0.206
Temperature change on land,Samoa,Meteorological year,2005,WSM,2550.042214,86.98759936,0.866
Temperature change on land,Samoa,Meteorological year,2006,WSM,2663.291359,86.61813775,0.456
Temperature change on land,Samoa,Meteorological year,2007,WSM,3038.619041,86.16098903,0.884
Temperature change on land,Samoa,Meteorological year,2008,WSM,3373.606399,85.67769176,0.474
Temperature change on land,Samoa,Meteorological year,2009,WSM,3279.182695,85.22954341,0.801
Temperature change on land,Samoa,Meteorological year,2010,WSM,3524.247925,84.87718373,0.971
Temperature change on land,Samoa,Meteorological year,2011,WSM,3821.506783,84.60804824,0.582
Temperature change on land,Samoa,Meteorological year,2012,WSM,3934.603208,84.36456459,0.651
Temperature change on land,Samoa,Meteorological year,2013,WSM,4023.525401,84.14168352,0.943
Temperature change on land,Samoa,Meteorological year,2014,WSM,3982.680802,83.93344612,0.804
Temperature change on land,Samoa,Meteorological year,2015,WSM,4084.360838,83.73315536,0.643
Temperature change on land,Samoa,Meteorological year,2016,WSM,4147.070977,83.42412974,1.173
Temperature change on land,Samoa,Meteorological year,2017,WSM,4307.59382,83.00424708,1.069
Temperature change on land,Samoa,Meteorological year,2018,WSM,4231.814095,82.63763323,0.823
Temperature change on land,Samoa,Meteorological year,2019,WSM,4351.942349,82.489506,1.173
Temperature change on land,Samoa,Meteorological year,2020,WSM,4099.660091,83.07601065,1.065
Temperature change on land,Samoa,Meteorological year,2021,WSM,3947.645179,77.86946645,0.903
Temperature change on land,San Marino,Meteorological year,1997,SMR,37852.97262,77.63970873,0.92
Temperature change on land,San Marino,Meteorological year,1998,SMR,40126.93314,77.41635658,1.078
Temperature change on land,San Marino,Meteorological year,1999,SMR,41931.79515,77.17313595,0.811
Temperature change on land,San Marino,Meteorological year,2000,SMR,37600.70774,76.91663422,1.366
Temperature change on land,San Marino,Meteorological year,2001,SMR,39035.10343,76.58214548,1.679
Temperature change on land,San Marino,Meteorological year,2002,SMR,41790.84327,76.15093277,1.108
Temperature change on land,San Marino,Meteorological year,2003,SMR,52529.90937,75.69842919,1.61
Temperature change on land,San Marino,Meteorological year,2004,SMR,58232.01762,75.30026899,0.827
Temperature change on land,San Marino,Meteorological year,2005,SMR,59877.80058,75.03207156,0.443
Temperature change on land,San Marino,Meteorological year,2006,SMR,63270.77808,74.84165159,0.846
Temperature change on land,San Marino,Meteorological year,2007,SMR,70124.46344,74.64338351,1.792
Temperature change on land,San Marino,Meteorological year,2008,SMR,75902.13205,74.46277274,1.248
Temperature change on land,San Marino,Meteorological year,2009,SMR,62428.99433,74.32537613,1.361
Temperature change on land,San Marino,Meteorological year,2010,SMR,56543.18982,74.25728054,0.702
Temperature change on land,San Marino,Meteorological year,2011,SMR,55601.39297,74.22117161,1.273
Temperature change on land,San Marino,Meteorological year,2012,SMR,47945.89917,74.17830245,1.691
Temperature change on land,San Marino,Meteorological year,2013,SMR,50807.82891,74.15194171,1.015
Temperature change on land,San Marino,Meteorological year,2014,SMR,51260.49383,74.16566173,1.562
Temperature change on land,San Marino,Meteorological year,2015,SMR,43146.82404,74.24341866,1.774
Temperature change on land,San Marino,Meteorological year,2016,SMR,44359.47977,74.5875117,1.717
Temperature change on land,San Marino,Meteorological year,2017,SMR,45192.02798,75.20769339,1.643
Temperature change on land,San Marino,Meteorological year,2018,SMR,47950.68806,75.83893539,1.899
Temperature change on land,San Marino,Meteorological year,2019,SMR,46627.01224,76.21693854,1.715
Temperature change on land,San Marino,Meteorological year,2020,SMR,44426.64634,76.0076537,1.886
Temperature change on land,San Marino,Meteorological year,2021,SMR,54168.98283,78.00018033,1.446
Temperature change on land,Sao Tome and Principe,Meteorological year,1992,STP,740.4711265,12.23168797,0.018
Temperature change on land,Sao Tome and Principe,Meteorological year,1993,STP,963.785325,12.23732885,0.461
Temperature change on land,Sao Tome and Principe,Meteorological year,1994,STP,989.5005327,12.2605147,0.375
Temperature change on land,Sao Tome and Principe,Meteorological year,1995,STP,768.7107512,12.29961393,0.944
Temperature change on land,Sao Tome and Principe,Meteorological year,1998,STP,513.5693803,12.64183902,1.267
Temperature change on land,Sao Tome and Principe,Meteorological year,1999,STP,542.692548,12.78583709,0.97
Temperature change on land,Sao Tome and Principe,Meteorological year,2000,STP,529.0893834,12.90690812,0.494
Temperature change on land,Sao Tome and Principe,Meteorological year,2001,STP,518.8805013,13.02615374,0.324
Temperature change on land,Sao Tome and Principe,Meteorological year,2002,STP,568.1025725,13.16655406,0.712
Temperature change on land,Sao Tome and Principe,Meteorological year,2003,STP,663.6962118,13.31000115,0.985
Temperature change on land,Sao Tome and Principe,Meteorological year,2004,STP,726.5608821,13.43824608,0.814
Temperature change on land,Sao Tome and Principe,Meteorological year,2005,STP,844.1691819,13.53314748,0.713
Temperature change on land,Sao Tome and Principe,Meteorological year,2006,STP,861.9707077,13.59426162,0.773
Temperature change on land,Sao Tome and Principe,Meteorological year,2007,STP,878.8857919,13.63925129,1.003
Temperature change on land,Sao Tome and Principe,Meteorological year,2008,STP,1081.868458,13.67964323,0.717
Temperature change on land,Sao Tome and Principe,Meteorological year,2009,STP,1128.280462,13.72653373,0.923
Temperature change on land,Sao Tome and Principe,Meteorological year,2010,STP,1045.209582,13.7909461,1.034
Temperature change on land,Sao Tome and Principe,Meteorological year,2011,STP,1219.801891,13.88323593,0.719
Temperature change on land,Sao Tome and Principe,Meteorological year,2012,STP,1210.792647,14.00441944,0.782
Temperature change on land,Sao Tome and Principe,Meteorological year,2013,STP,1382.575784,14.15269922,0.831
Temperature change on land,Sao Tome and Principe,Meteorological year,2014,STP,1489.676334,14.32591171,0.916
Temperature change on land,Sao Tome and Principe,Meteorological year,2015,STP,1298.109466,14.52191982,0.834
Temperature change on land,Sao Tome and Principe,Meteorological year,2016,STP,1434.870181,14.87513504,1.528
Temperature change on land,Sao Tome and Principe,Meteorological year,2017,STP,1555.794778,15.41290619,1.205
Temperature change on land,Sao Tome and Principe,Meteorological year,2018,STP,1825.599718,15.97298942,0.909
Temperature change on land,Sao Tome and Principe,Meteorological year,2019,STP,1935.293182,16.39383674,1.265
Temperature change on land,Sao Tome and Principe,Meteorological year,2020,STP,2167.220018,16.67120916,1.468
Temperature change on land,Sao Tome and Principe,Meteorological year,2021,STP,2362.588272,19.50365584,1.245
Temperature change on land,Saudi Arabia,Meteorological year,1990,SAU,11054.7495,16.71331607,0.08
Temperature change on land,Saudi Arabia,Meteorological year,1991,SAU,11847.16995,16.47699228,0.359
Temperature change on land,Saudi Arabia,Meteorological year,1992,SAU,11730.26877,16.30371878,-0.989
Temperature change on land,Saudi Arabia,Meteorological year,1993,SAU,10884.86079,16.19225582,-0.218
Temperature change on land,Saudi Arabia,Meteorological year,1994,SAU,10601.91967,16.14151795,0.641
Temperature change on land,Saudi Arabia,Meteorological year,1995,SAU,10786.4009,16.15158358,0.178
Temperature change on land,Saudi Arabia,Meteorological year,1996,SAU,11471.5046,16.25317389,0.567
Temperature change on land,Saudi Arabia,Meteorological year,1997,SAU,11545.3456,16.46102252,-0.004
Temperature change on land,Saudi Arabia,Meteorological year,1998,SAU,9836.057298,16.74604489,1.023
Temperature change on land,Saudi Arabia,Meteorological year,1999,SAU,10452.18994,17.07890479,1.474
Temperature change on land,Saudi Arabia,Meteorological year,2000,SAU,11714.56237,17.43064396,0.773
Temperature change on land,Saudi Arabia,Meteorological year,2001,SAU,10805.31133,17.86858711,0.886
Temperature change on land,Saudi Arabia,Meteorological year,2002,SAU,10586.05435,18.45070396,1.096
Temperature change on land,Saudi Arabia,Meteorological year,2003,SAU,11487.22041,19.13075713,0.996
Temperature change on land,Saudi Arabia,Meteorological year,2004,SAU,13154.4979,19.86160531,0.989
Temperature change on land,Saudi Arabia,Meteorological year,2005,SAU,15975.74738,20.59639976,0.557
Temperature change on land,Saudi Arabia,Meteorological year,2006,SAU,17563.61454,21.39609584,1.203
Temperature change on land,Saudi Arabia,Meteorological year,2007,SAU,18596.15026,22.31303796,0.713
Temperature change on land,Saudi Arabia,Meteorological year,2008,SAU,22320.4889,23.28060943,0.906
Temperature change on land,Saudi Arabia,Meteorological year,2009,SAU,17718.39116,24.23158377,1.002
Temperature change on land,Saudi Arabia,Meteorological year,2010,SAU,22028.37902,25.09823671,2.154
Temperature change on land,Saudi Arabia,Meteorological year,2011,SAU,26966.29416,25.89350138,0.839
Temperature change on land,Saudi Arabia,Meteorological year,2012,SAU,28348.57301,26.66908572,1.232
Temperature change on land,Saudi Arabia,Meteorological year,2013,SAU,27290.19781,27.41664294,1.216
Temperature change on land,Saudi Arabia,Meteorological year,2014,SAU,27079.67339,28.1274569,1.296
Temperature change on land,Saudi Arabia,Meteorological year,2015,SAU,22453.57155,28.7923826,1.937
Temperature change on land,Saudi Arabia,Meteorological year,2016,SAU,21515.66001,29.49593909,1.584
Temperature change on land,Saudi Arabia,Meteorological year,2017,SAU,23081.20453,30.24503926,1.804
Temperature change on land,Saudi Arabia,Meteorological year,2018,SAU,28036.02647,30.91961244,1.87
Temperature change on land,Saudi Arabia,Meteorological year,2019,SAU,27892.84215,31.40053486,1.718
Temperature change on land,Saudi Arabia,Meteorological year,2020,SAU,23271.40376,31.76090518,1.493
Temperature change on land,Saudi Arabia,Meteorological year,2021,SAU,28396.08642,33.6236159,2.268
Temperature change on land,Senegal,Meteorological year,1990,SEN,957.3143374,30.82336544,1.181
Temperature change on land,Senegal,Meteorological year,1991,SEN,913.3995758,30.80403716,0.776
Temperature change on land,Senegal,Meteorological year,1992,SEN,951.2049601,30.79960804,0.84
Temperature change on land,Senegal,Meteorological year,1993,SEN,877.5290034,30.80830989,1.079
Temperature change on land,Senegal,Meteorological year,1994,SEN,583.782776,30.82788119,0.607
Temperature change on land,Senegal,Meteorological year,1995,SEN,714.9943964,30.85709922,0.916
Temperature change on land,Senegal,Meteorological year,1996,SEN,723.4699501,30.9224597,1.194
Temperature change on land,Senegal,Meteorological year,1997,SEN,650.7763214,31.02751506,1.334
Temperature change on land,Senegal,Meteorological year,1998,SEN,684.5881058,31.13873869,1.538
Temperature change on land,Senegal,Meteorological year,1999,SEN,677.5163387,31.22453868,0.538
Temperature change on land,Senegal,Meteorological year,2000,SEN,603.2331625,31.25368164,0.886
Temperature change on land,Senegal,Meteorological year,2001,SEN,637.2135306,31.18563802,1.136
Temperature change on land,Senegal,Meteorological year,2002,SEN,669.4304473,31.04160245,1.417
Temperature change on land,Senegal,Meteorological year,2003,SEN,817.8880342,30.87785697,1.158
Temperature change on land,Senegal,Meteorological year,2004,SEN,918.1020795,30.75301654,1.183
Temperature change on land,Senegal,Meteorological year,2005,SEN,979.8461015,30.72083838,1.405
Temperature change on land,Senegal,Meteorological year,2006,SEN,1017.201967,30.86869491,1.401
Temperature change on land,Senegal,Meteorological year,2007,SEN,1188.938778,31.1812704,1.256
Temperature change on land,Senegal,Meteorological year,2008,SEN,1398.79218,31.55661341,1.331
Temperature change on land,Senegal,Meteorological year,2009,SEN,1308.694043,31.8912131,0.73
Temperature change on land,Senegal,Meteorological year,2010,SEN,1275.883575,32.08255138,1.45
Temperature change on land,Senegal,Meteorological year,2011,SEN,1374.675919,32.11947236,1.186
Temperature change on land,Senegal,Meteorological year,2012,SEN,1326.837988,32.09095125,0.868
Temperature change on land,Senegal,Meteorological year,2013,SEN,1379.831966,32.0390425,1.206
Temperature change on land,Senegal,Meteorological year,2014,SEN,1398.891376,32.00548044,1.152
Temperature change on land,Senegal,Meteorological year,2015,SEN,1218.006136,32.03316158,1.277
Temperature change on land,Senegal,Meteorological year,2016,SEN,1266.439572,32.21241154,1.633
Temperature change on land,Senegal,Meteorological year,2017,SEN,1356.805184,32.55096304,1.828
Temperature change on land,Senegal,Meteorological year,2018,SEN,1452.556126,32.96363643,1.039
Temperature change on land,Senegal,Meteorological year,2019,SEN,1431.181289,33.36736207,1.469
Temperature change on land,Senegal,Meteorological year,2020,SEN,1461.087204,33.99121472,1.765
Temperature change on land,Senegal,Meteorological year,2021,SEN,1598.10677,33.7878081,1.87
Temperature change on land,Serbia,Meteorological year,2006,SRB,4492.71367,97.79060986,0.56
Temperature change on land,Serbia,Meteorological year,2007,SRB,6081.087657,95.61263262,1.891
Temperature change on land,Serbia,Meteorological year,2008,SRB,7376.735179,93.30559197,1.343
Temperature change on land,Serbia,Meteorological year,2009,SRB,6414.044846,91.06659251,1.371
Temperature change on land,Serbia,Meteorological year,2010,SRB,5970.926609,89.0965344,1.171
Temperature change on land,Serbia,Meteorological year,2011,SRB,7082.286167,87.14062194,0.751
Temperature change on land,Serbia,Meteorological year,2012,SRB,6263.040861,84.99233019,1.704
Temperature change on land,Serbia,Meteorological year,2013,SRB,7040.418121,82.9378018,1.43
Temperature change on land,Serbia,Meteorological year,2014,SRB,6886.678091,81.26195654,1.616
Temperature change on land,Serbia,Meteorological year,2015,SRB,5820.321558,80.24542055,1.748
Temperature change on land,Serbia,Meteorological year,2016,SRB,5982.370301,79.70537364,1.703
Temperature change on land,Serbia,Meteorological year,2017,SRB,6548.036538,79.28669224,1.274
Temperature change on land,Serbia,Meteorological year,2018,SRB,7559.861657,79.01561135,2.313
Temperature change on land,Serbia,Meteorological year,2019,SRB,7755.632986,78.92145498,2.084
Temperature change on land,Serbia,Meteorological year,2020,SRB,8098.709557,79.07633479,1.822
Temperature change on land,Serbia,Meteorological year,2021,SRB,9680.527981,80.03887482,1.607
Temperature change on land,Serbia,Meteorological year,1995,SRB,2349.406452,111.8709499,0.174
Temperature change on land,Serbia,Meteorological year,1996,SRB,3053.905169,111.3513278,-0.105
Temperature change on land,Serbia,Meteorological year,1997,SRB,3573.504402,110.4643258,-0.157
Temperature change on land,Serbia,Meteorological year,1998,SRB,2775.47373,109.3529646,0.965
Temperature change on land,Serbia,Meteorological year,1999,SRB,2768.910413,108.1609813,0.539
Temperature change on land,Serbia,Meteorological year,2000,SRB,974.7254693,107.0262648,1.426
Temperature change on land,Serbia,Meteorological year,2001,SRB,1812.420883,105.8373021,1.5
Temperature change on land,Serbia,Meteorological year,2002,SRB,2390.734594,104.4324409,1.002
Temperature change on land,Serbia,Meteorological year,2003,SRB,3153.901131,102.8803751,0.744
Temperature change on land,Serbia,Meteorological year,2004,SRB,3597.087981,101.2583783,0.515
Temperature change on land,Serbia,Meteorological year,2005,SRB,3807.974173,99.63368815,-0.039
Temperature change on land,Seychelles,Meteorological year,1990,SYC,5642.072897,41.36638564,0.245
Temperature change on land,Seychelles,Meteorological year,1991,SYC,5654.639757,41.86243472,0.399
Temperature change on land,Seychelles,Meteorological year,1992,SYC,6520.489505,42.27370936,0.02
Temperature change on land,Seychelles,Meteorological year,1993,SYC,6978.680754,42.58792978,0.081
Temperature change on land,Seychelles,Meteorological year,1994,SYC,6974.867706,42.7605666,0.368
Temperature change on land,Seychelles,Meteorological year,1995,SYC,7180.668327,42.74456829,0.299
Temperature change on land,Seychelles,Meteorological year,1996,SYC,7004.336039,42.5869912,-0.026
Temperature change on land,Seychelles,Meteorological year,1997,SYC,7746.698513,42.36639018,0.461
Temperature change on land,Seychelles,Meteorological year,1998,SYC,8209.514443,42.13740367,0.821
Temperature change on land,Seychelles,Meteorological year,1999,SYC,8243.236101,41.93920877,0.101
Temperature change on land,Seychelles,Meteorological year,2000,SYC,8063.655006,41.81156469,0.194
Temperature change on land,Seychelles,Meteorological year,2001,SYC,8153.298637,41.63561462,0.536
Temperature change on land,Seychelles,Meteorological year,2002,SYC,8864.169195,41.3193425,0.305
Temperature change on land,Seychelles,Meteorological year,2003,SYC,9070.284608,40.93940146,0.486
Temperature change on land,Seychelles,Meteorological year,2004,SYC,10827.67164,40.57259762,0.237
Temperature change on land,Seychelles,Meteorological year,2005,SYC,11802.11183,40.2976134,0.474
Temperature change on land,Seychelles,Meteorological year,2006,SYC,12782.99389,40.07895164,0.44
Temperature change on land,Seychelles,Meteorological year,2007,SYC,12669.30267,39.84495458,0.818
Temperature change on land,Seychelles,Meteorological year,2008,SYC,11265.43763,39.62654016,0.381
Temperature change on land,Seychelles,Meteorological year,2009,SYC,9747.091805,39.44586666,0.647
Temperature change on land,Seychelles,Meteorological year,2010,SYC,10934.79495,39.32654338,0.823
Temperature change on land,Seychelles,Meteorological year,2011,SYC,12110.09375,39.26134704,0.731
Temperature change on land,Seychelles,Meteorological year,2012,SYC,12337.15547,39.23335341,0.703
Temperature change on land,Seychelles,Meteorological year,2013,SYC,14821.29215,39.25890829,0.565
Temperature change on land,Seychelles,Meteorological year,2014,SYC,15188.19022,39.352959,0.714
Temperature change on land,Seychelles,Meteorological year,2015,SYC,15333.10517,39.52893228,1.014
Temperature change on land,Seychelles,Meteorological year,2016,SYC,16566.9946,39.96410329,0.997
Temperature change on land,Seychelles,Meteorological year,2017,SYC,17480.36519,40.66050692,1.102
Temperature change on land,Seychelles,Meteorological year,2018,SYC,18440.23405,41.36794429,0.794
Temperature change on land,Seychelles,Meteorological year,2019,SYC,19141.51187,41.84319514,1.254
Temperature change on land,Seychelles,Meteorological year,2020,SYC,14041.47541,42.19768422,1.311
Temperature change on land,Seychelles,Meteorological year,2021,SYC,14982.91115,44.22078163,0.763
Temperature change on land,Sierra Leone,Meteorological year,1990,SLE,154.7942462,24.24780241,0.486
Temperature change on land,Sierra Leone,Meteorological year,1991,SLE,183.6863906,24.39878274,0.564
Temperature change on land,Sierra Leone,Meteorological year,1992,SLE,163.1976263,24.59722641,0.184
Temperature change on land,Sierra Leone,Meteorological year,1993,SLE,184.9517451,24.82756054,0.492
Temperature change on land,Sierra Leone,Meteorological year,1994,SLE,218.5073839,25.07135452,0.418
Temperature change on land,Sierra Leone,Meteorological year,1995,SLE,208.3520433,25.31428955,0.403
Temperature change on land,Sierra Leone,Meteorological year,1996,SLE,224.2585894,25.63914702,0.53
Temperature change on land,Sierra Leone,Meteorological year,1997,SLE,199.8801032,26.07717137,0.723
Temperature change on land,Sierra Leone,Meteorological year,1998,SLE,156.5181188,26.57708844,1.015
Temperature change on land,Sierra Leone,Meteorological year,1999,SLE,155.0208333,27.08563209,0.562
Temperature change on land,Sierra Leone,Meteorological year,2001,SLE,358.3156859,27.96013045,0.818
Temperature change on land,Sierra Leone,Meteorological year,2002,SLE,388.995136,28.40342237,0.98
Temperature change on land,Sierra Leone,Meteorological year,2003,SLE,413.817666,28.84318092,0.805
Temperature change on land,Sierra Leone,Meteorological year,2004,SLE,417.7500348,29.24370462,1.019
Temperature change on land,Sierra Leone,Meteorological year,2005,SLE,462.6333244,29.56240245,1.123
Temperature change on land,Sierra Leone,Meteorological year,2006,SLE,517.913366,29.85026335,1.055
Temperature change on land,Sierra Leone,Meteorological year,2007,SLE,578.6484174,30.14819271,0.778
Temperature change on land,Sierra Leone,Meteorological year,2008,SLE,650.6844222,30.42607566,1.178
Temperature change on land,Sierra Leone,Meteorological year,2009,SLE,624.8987979,30.65631471,0.899
Temperature change on land,Sierra Leone,Meteorological year,2010,SLE,648.1292295,30.80574314,1.327
Temperature change on land,Sierra Leone,Meteorological year,2011,SLE,718.1616807,30.89770744,0.975
Temperature change on land,Sierra Leone,Meteorological year,2012,SLE,904.840762,30.97281082,0.462
Temperature change on land,Sierra Leone,Meteorological year,2013,SLE,1146.416391,31.04303028,0.71
Temperature change on land,Sierra Leone,Meteorological year,2014,SLE,1140.927423,31.12144249,0.666
Temperature change on land,Sierra Leone,Meteorological year,2015,SLE,945.1481685,31.21338944,0.86
Temperature change on land,Sierra Leone,Meteorological year,2016,SLE,838.6316153,31.37475539,0.788
Temperature change on land,Sierra Leone,Meteorological year,2017,SLE,788.4868673,31.61386101,1.343
Temperature change on land,Sierra Leone,Meteorological year,2018,SLE,845.9145405,31.88680056,0.845
Temperature change on land,Sierra Leone,Meteorological year,2019,SLE,843.7125173,32.1496777,1.151
Temperature change on land,Sierra Leone,Meteorological year,2020,SLE,845.3138363,32.63809293,1.28
Temperature change on land,Sierra Leone,Meteorological year,2021,SLE,885.1842707,32.9207084,1.239
Temperature change on land,Singapore,Meteorological year,1991,SGP,14502.37999,105.9737593,0.08
Temperature change on land,Singapore,Meteorological year,1992,SGP,16136.24054,106.6890516,-0.108
Temperature change on land,Singapore,Meteorological year,1993,SGP,18290.13011,107.1649914,-0.105
Temperature change on land,Singapore,Meteorological year,1994,SGP,21552.41004,107.2802195,0.358
Temperature change on land,Singapore,Meteorological year,1995,SGP,24914.8507,107.1583448,0.267
Temperature change on land,Singapore,Meteorological year,1996,SGP,26232.8661,106.0795871,0.126
Temperature change on land,Singapore,Meteorological year,1997,SGP,26375.86537,104.4680067,0.573
Temperature change on land,Singapore,Meteorological year,1998,SGP,21829.27378,102.4348876,0.803
Temperature change on land,Singapore,Meteorological year,1999,SGP,21796.63739,100.7309799,0.107
Temperature change on land,Singapore,Meteorological year,2000,SGP,23852.83895,99.05119699,0.146
Temperature change on land,Singapore,Meteorological year,2001,SGP,21699.74149,97.51943586,0.216
Temperature change on land,Singapore,Meteorological year,2002,SGP,22159.83737,96.02487035,0.37
Temperature change on land,Singapore,Meteorological year,2003,SGP,23730.38401,94.62255493,0.374
Temperature change on land,Singapore,Meteorological year,2004,SGP,27608.08001,93.07435899,0.344
Temperature change on land,Singapore,Meteorological year,2005,SGP,29961.31728,91.70366489,0.627
Temperature change on land,Singapore,Meteorological year,2006,SGP,33768.45282,90.20769738,0.382
Temperature change on land,Singapore,Meteorological year,2007,SGP,39432.88602,88.24373292,0.091
Temperature change on land,Singapore,Meteorological year,2008,SGP,40008.57205,86.0130606,0.105
Temperature change on land,Singapore,Meteorological year,2009,SGP,38926.80544,84.24255741,0.581
Temperature change on land,Singapore,Meteorological year,2010,SGP,47236.68308,82.85826189,0.6
Temperature change on land,Singapore,Meteorological year,2011,SGP,53891.45703,81.63883323,0.379
Temperature change on land,Singapore,Meteorological year,2012,SGP,55547.55531,80.20716482,0.662
Temperature change on land,Singapore,Meteorological year,2013,SGP,56967.42579,78.772255,0.717
Temperature change on land,Singapore,Meteorological year,2014,SGP,57564.80231,77.60603278,0.879
Temperature change on land,Singapore,Meteorological year,2015,SGP,55645.60686,76.83248881,1.119
Temperature change on land,Singapore,Meteorological year,2016,SGP,56899.91818,76.37251176,1.395
Temperature change on land,Singapore,Meteorological year,2017,SGP,61162.09739,76.19188032,0.76
Temperature change on land,Singapore,Meteorological year,2018,SGP,66840.63734,76.01451179,1.026
Temperature change on land,Singapore,Meteorological year,2019,SGP,66081.71992,75.76229293,1.6
Temperature change on land,Singapore,Meteorological year,2020,SGP,61466.80368,75.51732472,1.022
Temperature change on land,Singapore,Meteorological year,2021,SGP,79601.41296,76.57473485,1.239
Temperature change on land,Slovakia,Meteorological year,1993,SVK,3143.101431,82.97713096,0.055
Temperature change on land,Slovakia,Meteorological year,1994,SVK,3820.964275,82.90462703,1.711
Temperature change on land,Slovakia,Meteorological year,1995,SVK,4882.511582,82.78861367,0.711
Temperature change on land,Slovakia,Meteorological year,1996,SVK,5247.70081,82.41706782,-0.397
Temperature change on land,Slovakia,Meteorological year,1997,SVK,5172.417575,81.7066311,-0.238
Temperature change on land,Slovakia,Meteorological year,1998,SVK,5560.916178,80.85554595,1.039
Temperature change on land,Slovakia,Meteorological year,1999,SVK,5651.623275,80.06597052,0.784
Temperature change on land,Slovakia,Meteorological year,2000,SVK,5421.644844,79.543643,1.636
Temperature change on land,Slovakia,Meteorological year,2001,SVK,5712.478028,79.22050067,1.255
Temperature change on land,Slovakia,Meteorological year,2002,SVK,6554.628084,78.89814139,1.395
Temperature change on land,Slovakia,Meteorological year,2003,SVK,8675.396337,78.58478145,0.664
Temperature change on land,Slovakia,Meteorological year,2004,SVK,10650.12901,78.29102256,0.556
Temperature change on land,Slovakia,Meteorological year,2005,SVK,11641.54103,78.02471724,0.41
Temperature change on land,Slovakia,Meteorological year,2006,SVK,13167.89547,77.73464871,0.631
Temperature change on land,Slovakia,Meteorological year,2007,SVK,16110.48173,77.37821027,2.149
Temperature change on land,Slovakia,Meteorological year,2008,SVK,18744.31923,76.97433459,1.523
Temperature change on land,Slovakia,Meteorological year,2009,SVK,16586.75278,76.54496579,1.492
Temperature change on land,Slovakia,Meteorological year,2010,SVK,16899.44868,76.11079979,0.682
Temperature change on land,Slovakia,Meteorological year,2011,SVK,18469.43543,75.4660932,0.838
Temperature change on land,Slovakia,Meteorological year,2012,SVK,17516.96911,74.54671562,1.574
Temperature change on land,Slovakia,Meteorological year,2013,SVK,18312.78051,73.58450801,0.953
Temperature change on land,Slovakia,Meteorological year,2014,SVK,18770.92899,72.81151223,2.353
Temperature change on land,Slovakia,Meteorological year,2015,SVK,16442.07609,72.46044093,2.093
Temperature change on land,Slovakia,Meteorological year,2016,SVK,16636.07691,72.64068558,1.937
Temperature change on land,Slovakia,Meteorological year,2017,SVK,17645.52987,73.14185121,1.256
Temperature change on land,Slovakia,Meteorological year,2018,SVK,19573.3717,73.71872559,2.529
Temperature change on land,Slovakia,Meteorological year,2019,SVK,19406.05897,74.12985159,2.4
Temperature change on land,Slovakia,Meteorological year,2020,SVK,19735.48583,74.26356529,2.024
Temperature change on land,Slovakia,Meteorological year,2021,SVK,22138.19498,74.30992746,1.266
Temperature change on land,Slovakia,Meteorological year,1990,SVK,2437.17517,82.81996109,1.255
Temperature change on land,Slovakia,Meteorological year,1991,SVK,2726.593055,82.94578797,0.088
Temperature change on land,Slovakia,Meteorological year,1992,SVK,2959.336449,82.99517286,1.064
Temperature change on land,Slovenia,Meteorological year,1992,SVN,7151.152438,163.9294021,1.156
Temperature change on land,Slovenia,Meteorological year,1993,SVN,7254.588874,164.3500532,0.562
Temperature change on land,Slovenia,Meteorological year,1994,SVN,8243.898955,164.4561414,1.868
Temperature change on land,Slovenia,Meteorological year,1995,SVN,10738.08876,164.2471148,0.803
Temperature change on land,Slovenia,Meteorological year,1996,SVN,10796.73994,163.4106617,-0.112
Temperature change on land,Slovenia,Meteorological year,1997,SVN,10436.72607,161.8679994,0.469
Temperature change on land,Slovenia,Meteorological year,1998,SVN,11131.56666,159.9548188,1.369
Temperature change on land,Slovenia,Meteorological year,1999,SVN,11401.49068,157.9824591,0.873
Temperature change on land,Slovenia,Meteorological year,2000,SVN,10135.72191,156.2841078,1.803
Temperature change on land,Slovenia,Meteorological year,2001,SVN,10375.62559,154.7819926,1.727
Temperature change on land,Slovenia,Meteorological year,2002,SVN,11639.12978,153.1837447,1.517
Temperature change on land,Slovenia,Meteorological year,2003,SVN,14711.67487,151.4629315,1.443
Temperature change on land,Slovenia,Meteorological year,2004,SVN,17103.82978,149.580901,0.74
Temperature change on land,Slovenia,Meteorological year,2005,SVN,17969.70959,147.5184622,0.494
Temperature change on land,Slovenia,Meteorological year,2006,SVN,19563.00506,144.5787615,0.885
Temperature change on land,Slovenia,Meteorological year,2007,SVN,23725.1596,140.5004306,2.192
Temperature change on land,Slovenia,Meteorological year,2008,SVN,27461.97642,135.9385027,1.602
Temperature change on land,Slovenia,Meteorological year,2009,SVN,24501.78973,131.5390477,1.658
Temperature change on land,Slovenia,Meteorological year,2010,SVN,23329.84177,127.9536968,0.801
Temperature change on land,Slovenia,Meteorological year,2011,SVN,24940.62848,124.9136501,1.387
Temperature change on land,Slovenia,Meteorological year,2012,SVN,22442.14179,121.851169,1.965
Temperature change on land,Slovenia,Meteorological year,2013,SVN,23236.96553,119.0009345,1.265
Temperature change on land,Slovenia,Meteorological year,2014,SVN,24013.06821,116.5836471,2.463
Temperature change on land,Slovenia,Meteorological year,2015,SVN,20697.27485,114.8266044,2.158
Temperature change on land,Slovenia,Meteorological year,2016,SVN,21447.83778,113.4825988,2.079
Temperature change on land,Slovenia,Meteorological year,2017,SVN,23303.07771,112.2419266,1.756
Temperature change on land,Slovenia,Meteorological year,2018,SVN,25888.04811,111.2494761,2.45
Temperature change on land,Slovenia,Meteorological year,2019,SVN,25814.16872,110.6462028,2.376
Temperature change on land,Slovenia,Meteorological year,2020,SVN,25392.06511,110.6677155,2.268
Temperature change on land,Slovenia,Meteorological year,2021,SVN,29187.36938,108.2783261,1.583
Temperature change on land,Slovenia,Meteorological year,1990,SVN,9925.14071,162.1129937,1.006
Temperature change on land,Slovenia,Meteorological year,1991,SVN,7229.311498,163.1809808,-0.116
Temperature change on land,Solomon Islands,Meteorological year,1991,SLB,665.8331041,78.534311,0.039
Temperature change on land,Solomon Islands,Meteorological year,1992,SLB,763.8579685,80.00116702,-0.166
Temperature change on land,Solomon Islands,Meteorological year,1993,SLB,828.8699978,81.25638094,-0.181
Temperature change on land,Solomon Islands,Meteorological year,1994,SLB,1078.041093,82.21555445,0.088
Temperature change on land,Solomon Islands,Meteorological year,1995,SLB,1220.179193,82.79537358,0.652
Temperature change on land,Solomon Islands,Meteorological year,1996,SLB,1289.330369,83.11574507,0.405
Temperature change on land,Solomon Islands,Meteorological year,1997,SLB,1292.239519,83.39571348,0.319
Temperature change on land,Solomon Islands,Meteorological year,1998,SLB,1091.890969,83.61358373,0.724
Temperature change on land,Solomon Islands,Meteorological year,1999,SLB,1133.622565,83.75353131,0.318
Temperature change on land,Solomon Islands,Meteorological year,2000,SLB,953.1719014,83.79961692,0.404
Temperature change on land,Solomon Islands,Meteorological year,2003,SLB,895.9892727,83.20165523,-0.096
Temperature change on land,Solomon Islands,Meteorological year,2004,SLB,986.081904,82.97020523,0.206
Temperature change on land,Solomon Islands,Meteorological year,2005,SLB,1144.457585,82.85269037,0.262
Temperature change on land,Solomon Islands,Meteorological year,2006,SLB,1255.625891,82.88204304,0.051
Temperature change on land,Solomon Islands,Meteorological year,2007,SLB,1390.156966,83.02473323,0.384
Temperature change on land,Solomon Islands,Meteorological year,2009,SLB,1554.707237,83.50195739,0.181
Temperature change on land,Solomon Islands,Meteorological year,2010,SLB,1685.15499,83.76496664,0.62
Temperature change on land,Solomon Islands,Meteorological year,2011,SLB,1924.052773,84.15478155,0.298
Temperature change on land,Solomon Islands,Meteorological year,2012,SLB,2066.253523,84.72554657,0.406
Temperature change on land,Solomon Islands,Meteorological year,2013,SLB,2161.395736,85.33192977,0.354
Temperature change on land,Solomon Islands,Meteorological year,2014,SLB,2164.944239,85.82952686,0.455
Temperature change on land,Solomon Islands,Meteorological year,2015,SLB,2045.478895,86.07356754,0.289
Temperature change on land,Solomon Islands,Meteorological year,2016,SLB,2082.62989,85.82887953,0.802
Temperature change on land,Solomon Islands,Meteorological year,2017,SLB,2143.574652,85.19753145,0.788
Temperature change on land,Solomon Islands,Meteorological year,2018,SLB,2278.206339,84.5393292,1.022
Temperature change on land,Solomon Islands,Meteorological year,2019,SLB,2223.665026,84.21397913,1.187
Temperature change on land,Solomon Islands,Meteorological year,2020,SLB,2063.331015,84.62632908,1.146
Temperature change on land,Solomon Islands,Meteorological year,2021,SLB,1996.869768,76.83293766,0.826
Temperature change on land,Somalia,Meteorological year,1990,SOM,145.6035014,29.43718116,0.46
Temperature change on land,Somalia,Meteorological year,1991,SOM,105.3713265,29.53102798,0.533
Temperature change on land,Somalia,Meteorological year,1992,SOM,109.2049105,29.63058995,0.846
Temperature change on land,Somalia,Meteorological year,1993,SOM,188.6031587,29.71439965,0.289
Temperature change on land,Somalia,Meteorological year,1994,SOM,210.7937796,29.77126248,0.616
Temperature change on land,Somalia,Meteorological year,1995,SOM,210.6732546,29.81883148,0.565
Temperature change on land,Somalia,Meteorological year,1996,SOM,237.241441,29.87958609,0.741
Temperature change on land,Somalia,Meteorological year,1997,SOM,280.1127242,29.9509558,0.565
Temperature change on land,Somalia,Meteorological year,1998,SOM,363.2000135,30.01571666,0.771
Temperature change on land,Somalia,Meteorological year,1999,SOM,358.6587808,30.05586035,0.493
Temperature change on land,Somalia,Meteorological year,2000,SOM,386.1192744,30.05456021,0.55
Temperature change on land,Somalia,Meteorological year,2001,SOM,244.9148425,30.03937213,0.897
Temperature change on land,Somalia,Meteorological year,2002,SOM,229.5989183,30.04005202,1.01
Temperature change on land,Somalia,Meteorological year,2003,SOM,286.2730252,30.04083995,1.249
Temperature change on land,Somalia,Meteorological year,2004,SOM,375.4103262,30.02600833,0.614
Temperature change on land,Somalia,Meteorological year,2005,SOM,439.9799078,29.98079369,1.152
Temperature change on land,Somalia,Meteorological year,2006,SOM,457.9966622,29.87465392,0.945
Temperature change on land,Somalia,Meteorological year,2007,SOM,479.6356281,29.71454831,1.165
Temperature change on land,Somalia,Meteorological year,2008,SOM,507.0374433,29.54167315,0.937
Temperature change on land,Somalia,Meteorological year,2009,SOM,246.5132517,29.39791841,1.559
Temperature change on land,Somalia,Meteorological year,2010,SOM,219.2024539,29.32648766,1.352
Temperature change on land,Somalia,Meteorological year,2011,SOM,235.3259456,29.33559096,1.148
Temperature change on land,Somalia,Meteorological year,2012,SOM,350.2619467,29.38765221,1.015
Temperature change on land,Somalia,Meteorological year,2013,SOM,393.398705,29.45808487,1.143
Temperature change on land,Somalia,Meteorological year,2014,SOM,429.431656,29.53278552,1.168
Temperature change on land,Somalia,Meteorological year,2015,SOM,445.5830786,29.60036121,1.724
Temperature change on land,Somalia,Meteorological year,2016,SOM,460.928492,29.67435266,1.363
Temperature change on land,Somalia,Meteorological year,2017,SOM,510.939953,29.76686561,1.621
Temperature change on land,Somalia,Meteorological year,2018,SOM,509.5258024,29.859637,0.566
Temperature change on land,Somalia,Meteorological year,2019,SOM,539.8939316,29.93338916,1.538
Temperature change on land,Somalia,Meteorological year,2020,SOM,518.1847785,30.06291381,1.725
Temperature change on land,Somalia,Meteorological year,2021,SOM,549.1147435,30.17087967,1.602
Temperature change on land,South Africa,Meteorological year,1990,ZAF,3093.489204,86.36423587,0.31
Temperature change on land,South Africa,Meteorological year,1991,ZAF,3243.23616,85.82967467,0.342
Temperature change on land,South Africa,Meteorological year,1992,ZAF,3462.394002,85.35710537,0.769
Temperature change on land,South Africa,Meteorological year,1993,ZAF,3399.640096,84.94876413,0.82
Temperature change on land,South Africa,Meteorological year,1994,ZAF,3488.597115,84.60404752,0.207
Temperature change on land,South Africa,Meteorological year,1995,ZAF,3855.634087,84.32178754,0.643
Temperature change on land,South Africa,Meteorological year,1996,ZAF,3617.55336,84.13636418,-0.134
Temperature change on land,South Africa,Meteorological year,1997,ZAF,3700.235548,84.03226051,0.246
Temperature change on land,South Africa,Meteorological year,1998,ZAF,3309.609331,83.93279167,0.851
Temperature change on land,South Africa,Meteorological year,1999,ZAF,3242.368305,83.77161185,1.107
Temperature change on land,South Africa,Meteorological year,2000,ZAF,3217.846934,83.49358781,0.275
Temperature change on land,South Africa,Meteorological year,2001,ZAF,2847.151919,83.23941393,0.527
Temperature change on land,South Africa,Meteorological year,2002,ZAF,2688.23676,83.07660317,0.513
Temperature change on land,South Africa,Meteorological year,2003,ZAF,4062.21756,82.83323382,0.933
Temperature change on land,South Africa,Meteorological year,2004,ZAF,5221.463337,82.34329629,0.974
Temperature change on land,South Africa,Meteorological year,2005,ZAF,5836.876633,81.45218435,1.192
Temperature change on land,South Africa,Meteorological year,2006,ZAF,6077.382934,79.70903966,0.461
Temperature change on land,South Africa,Meteorological year,2007,ZAF,6591.85536,77.08074525,0.878
Temperature change on land,South Africa,Meteorological year,2008,ZAF,6184.754743,74.03793804,0.734
Temperature change on land,South Africa,Meteorological year,2009,ZAF,6374.7056,71.04176372,0.76
Temperature change on land,South Africa,Meteorological year,2010,ZAF,7973.471958,68.5484901,1.157
Temperature change on land,South Africa,Meteorological year,2011,ZAF,8646.055711,66.33173427,0.474
Temperature change on land,South Africa,Meteorological year,2012,ZAF,8076.976785,64.01305173,0.644
Temperature change on land,South Africa,Meteorological year,2013,ZAF,7331.654674,61.82576892,0.797
Temperature change on land,South Africa,Meteorological year,2014,ZAF,6856.731371,60.00257445,0.933
Temperature change on land,South Africa,Meteorological year,2015,ZAF,6112.273825,58.77520181,1.367
Temperature change on land,South Africa,Meteorological year,2016,ZAF,5651.205852,58.0729999,1.686
Temperature change on land,South Africa,Meteorological year,2017,ZAF,6618.335083,57.64268072,1.189
Temperature change on land,South Africa,Meteorological year,2018,ZAF,6914.178032,57.4516757,1.109
Temperature change on land,South Africa,Meteorological year,2019,ZAF,6533.71121,57.46940597,1.939
Temperature change on land,South Africa,Meteorological year,2020,ZAF,5580.603831,57.80342698,1
Temperature change on land,South Africa,Meteorological year,2021,ZAF,6843.399419,60.40473548,0.867
Temperature change on land,South Sudan,Meteorological year,2011,SSD,1448.98435,20.81932738,1.32
Temperature change on land,South Sudan,Meteorological year,2012,SSD,1109.260501,20.83589358,1.006
Temperature change on land,South Sudan,Meteorological year,2013,SSD,1650.189434,20.86784608,1.284
Temperature change on land,South Sudan,Meteorological year,2014,SSD,1242.734502,20.91779073,1.049
Temperature change on land,South Sudan,Meteorological year,2015,SSD,1080.147186,20.98619523,1.241
Temperature change on land,Spain,Meteorological year,1990,ESP,13795.01594,52.61734618,1.43
Temperature change on land,Spain,Meteorological year,1991,ESP,14801.32262,53.07426146,0.191
Temperature change on land,Spain,Meteorological year,1992,ESP,16100.67994,53.45425058,0.281
Temperature change on land,Spain,Meteorological year,1993,ESP,13330.37982,53.76744397,-0.082
Temperature change on land,Spain,Meteorological year,1994,ESP,13405.70441,54.02379372,1.003
Temperature change on land,Spain,Meteorological year,1995,ESP,15460.91103,54.23308919,1.396
Temperature change on land,Spain,Meteorological year,1996,ESP,16100.62158,54.28375858,0.672
Temperature change on land,Spain,Meteorological year,1997,ESP,14722.37176,54.11714926,1.488
Temperature change on land,Spain,Meteorological year,1998,ESP,15382.33486,53.81779818,1.137
Temperature change on land,Spain,Meteorological year,1999,ESP,15707.94731,53.47078362,0.756
Temperature change on land,Spain,Meteorological year,2000,ESP,14743.2671,53.16193336,0.754
Temperature change on land,Spain,Meteorological year,2001,ESP,15368.2338,52.87957524,1.349
Temperature change on land,Spain,Meteorological year,2002,ESP,17111.06851,52.56502832,0.763
Temperature change on land,Spain,Meteorological year,2003,ESP,21522.0171,52.22599544,1.548
Temperature change on land,Spain,Meteorological year,2004,ESP,24925.02678,51.87384438,0.946
Temperature change on land,Spain,Meteorological year,2005,ESP,26450.95301,51.52156787,0.833
Temperature change on land,Spain,Meteorological year,2006,ESP,28421.68653,51.1182614,1.463
Temperature change on land,Spain,Meteorological year,2007,ESP,32652.01559,50.63960317,0.77
Temperature change on land,Spain,Meteorological year,2008,ESP,35603.24833,50.13727469,0.799
Temperature change on land,Spain,Meteorological year,2009,ESP,32279.82085,49.66060747,1.287
Temperature change on land,Spain,Meteorological year,2010,ESP,30658.74223,49.26230112,0.85
Temperature change on land,Spain,Meteorological year,2011,ESP,31824.62191,48.88064589,1.555
Temperature change on land,Spain,Meteorological year,2012,ESP,28456.44382,48.46744579,0.977
Temperature change on land,Spain,Meteorological year,2013,ESP,29218.91052,48.08722284,0.84
Temperature change on land,Spain,Meteorological year,2014,ESP,29694.88749,47.80680874,1.524
Temperature change on land,Spain,Meteorological year,2015,ESP,25969.83831,47.6925365,1.443
Temperature change on land,Spain,Meteorological year,2016,ESP,26740.68518,47.83190956,1.628
Temperature change on land,Spain,Meteorological year,2017,ESP,28367.93926,48.16238016,1.95
Temperature change on land,Spain,Meteorological year,2018,ESP,30592.12648,48.52118924,1.058
Temperature change on land,Spain,Meteorological year,2019,ESP,29776.20115,48.74743969,1.437
Temperature change on land,Spain,Meteorological year,2020,ESP,27230.35999,48.80846824,1.976
Temperature change on land,Spain,Meteorological year,2021,ESP,30817.68286,49.53148041,1.314
Temperature change on land,Sri Lanka,Meteorological year,1990,LKA,491.2136862,217.9172183,0.526
Temperature change on land,Sri Lanka,Meteorological year,1991,LKA,546.2925156,220.0549135,0.481
Temperature change on land,Sri Lanka,Meteorological year,1992,LKA,579.6551176,221.5105058,0.182
Temperature change on land,Sri Lanka,Meteorological year,1993,LKA,607.2318471,222.2995042,0.188
Temperature change on land,Sri Lanka,Meteorological year,1994,LKA,678.268012,222.4268206,0.259
Temperature change on land,Sri Lanka,Meteorological year,1995,LKA,741.8382553,221.919421,0.542
Temperature change on land,Sri Lanka,Meteorological year,1996,LKA,776.1923711,220.132714,0.367
Temperature change on land,Sri Lanka,Meteorological year,1997,LKA,827.0357561,216.7870843,0.523
Temperature change on land,Sri Lanka,Meteorological year,1998,LKA,849.3746128,212.4339814,1.17
Temperature change on land,Sri Lanka,Meteorological year,1999,LKA,826.4212281,207.6385626,0.348
Temperature change on land,Sri Lanka,Meteorological year,2000,LKA,846.4608133,202.9436838,0.457
Temperature change on land,Sri Lanka,Meteorological year,2001,LKA,803.5440266,198.0129045,0.702
Temperature change on land,Sri Lanka,Meteorological year,2002,LKA,834.9360149,192.3276862,0.855
Temperature change on land,Sri Lanka,Meteorological year,2003,LKA,946.3822551,186.1984207,0.764
Temperature change on land,Sri Lanka,Meteorological year,2004,LKA,1028.620681,179.9407333,0.677
Temperature change on land,Sri Lanka,Meteorological year,2005,LKA,1207.219948,173.8670725,0.733
Temperature change on land,Sri Lanka,Meteorological year,2006,LKA,1389.506256,167.0597131,0.502
Temperature change on land,Sri Lanka,Meteorological year,2007,LKA,1578.634511,159.0979096,0.496
Temperature change on land,Sri Lanka,Meteorological year,2008,LKA,1973.584769,151.0602903,0.413
Temperature change on land,Sri Lanka,Meteorological year,2009,LKA,2026.6594,144.0283042,0.639
Temperature change on land,Sri Lanka,Meteorological year,2010,LKA,2808.367792,139.0631123,1.008
Temperature change on land,Sri Lanka,Meteorological year,2011,LKA,3224.957363,135.4664297,0.663
Temperature change on land,Sri Lanka,Meteorological year,2012,LKA,3327.776124,131.9612084,0.9
Temperature change on land,Sri Lanka,Meteorological year,2013,LKA,3740.615893,128.7419596,0.791
Temperature change on land,Sri Lanka,Meteorological year,2014,LKA,3971.919131,125.9928543,0.891
Temperature change on land,Sri Lanka,Meteorological year,2015,LKA,4060.131397,123.8994595,0.903
Temperature change on land,Sri Lanka,Meteorological year,2016,LKA,4149.761055,122.1254676,1.264
Temperature change on land,Sri Lanka,Meteorological year,2017,LKA,4401.05567,120.4326793,0.988
Temperature change on land,Sri Lanka,Meteorological year,2018,LKA,4360.584735,119.1544186,0.696
Temperature change on land,Sri Lanka,Meteorological year,2019,LKA,4082.694049,118.6211096,1.114
Temperature change on land,Sri Lanka,Meteorological year,2020,LKA,3846.174496,119.4278747,1.109
Temperature change on land,Sri Lanka,Meteorological year,2021,LKA,3999.337647,110.751383,0.893
Temperature change on land,Sudan,Meteorological year,2011,SDN,1332.657227,40.67558622,0.856
Temperature change on land,Sudan,Meteorological year,2012,SDN,1019.222107,40.54383972,0.982
Temperature change on land,Sudan,Meteorological year,2013,SDN,1138.627808,40.42763558,1.181
Temperature change on land,Sudan,Meteorological year,2014,SDN,1275.438354,40.34438527,1.012
Temperature change on land,Sudan,Meteorological year,2015,SDN,1292.379639,40.31025436,1.566
Temperature change on land,Sudan,Meteorological year,2016,SDN,1033.215942,40.35205907,1.249
Temperature change on land,Sudan,Meteorological year,2017,SDN,966.5056763,40.46205467,1.304
Temperature change on land,Sudan,Meteorological year,2018,SDN,731.0274658,40.61710773,1.3
Temperature change on land,Sudan,Meteorological year,2019,SDN,709.9752808,40.80596519,0.979
Temperature change on land,Sudan,Meteorological year,2020,SDN,577.7952271,41.41431323,0.532
Temperature change on land,Sudan,Meteorological year,2021,SDN,712.1220093,41.57106557,1.312
Temperature change on land,Sudan (former),Meteorological year,1990,SDN,1257.1875,41.41066344,0.478
Temperature change on land,Sudan (former),Meteorological year,1991,SDN,1617.556763,41.64858201,0.605
Temperature change on land,Sudan (former),Meteorological year,1992,SDN,252.6100922,41.87573771,-0.124
Temperature change on land,Sudan (former),Meteorological year,1993,SDN,312.6940613,42.09212318,0.414
Temperature change on land,Sudan (former),Meteorological year,1994,SDN,439.420929,42.26629546,0.273
Temperature change on land,Sudan (former),Meteorological year,1995,SDN,462.5854492,42.38638866,0.409
Temperature change on land,Sudan (former),Meteorological year,1996,SDN,294.8269653,42.50023555,0.532
Temperature change on land,Sudan (former),Meteorological year,1997,SDN,373.09375,42.64236576,0.444
Temperature change on land,Sudan (former),Meteorological year,1998,SDN,350.7028809,42.7643129,0.665
Temperature change on land,Sudan (former),Meteorological year,1999,SDN,324.6596069,42.84294873,0.518
Temperature change on land,Sudan (former),Meteorological year,2000,SDN,362.1168823,42.85862491,0.472
Temperature change on land,Sudan (former),Meteorological year,2001,SDN,451.2933044,42.7527039,0.357
Temperature change on land,Sudan (former),Meteorological year,2002,SDN,506.2626343,42.53413232,1.045
Temperature change on land,Sudan (former),Meteorological year,2003,SDN,580.3202515,42.26129258,0.887
Temperature change on land,Sudan (former),Meteorological year,2004,SDN,705.1133423,41.98597031,1.038
Temperature change on land,Sudan (former),Meteorological year,2005,SDN,905.5436401,41.74283611,1.211
Temperature change on land,Sudan (former),Meteorological year,2006,SDN,1132.474609,41.52677747,1.139
Temperature change on land,Sudan (former),Meteorological year,2007,SDN,1444.372192,41.31849762,0.39
Temperature change on land,Sudan (former),Meteorological year,2008,SDN,1527.582397,41.12529905,0.846
Temperature change on land,Sudan (former),Meteorological year,2009,SDN,1178.221802,40.95470667,1.564
Temperature change on land,Sudan (former),Meteorological year,2010,SDN,1305.635986,40.80965578,1.633
Temperature change on land,Suriname,Meteorological year,1990,SUR,941.5917361,61.03377259,0.435
Temperature change on land,Suriname,Meteorological year,1991,SUR,1079.725213,60.58863748,0.502
Temperature change on land,Suriname,Meteorological year,1992,SUR,968.8952535,60.13153635,0.702
Temperature change on land,Suriname,Meteorological year,1993,SUR,1022.445835,59.6711245,0.524
Temperature change on land,Suriname,Meteorological year,1994,SUR,1433.542557,59.20249482,0.663
Temperature change on land,Suriname,Meteorological year,1995,SUR,1609.825044,58.72532138,1.247
Temperature change on land,Suriname,Meteorological year,1996,SUR,1962.884958,58.15247803,0.84
Temperature change on land,Suriname,Meteorological year,1997,SUR,2067.598149,57.48261943,0.925
Temperature change on land,Suriname,Meteorological year,1998,SUR,2428.58642,56.86468461,1.51
Temperature change on land,Suriname,Meteorological year,1999,SUR,1898.180182,56.44536427,1.016
Temperature change on land,Suriname,Meteorological year,2000,SUR,1988.221729,56.3722572,1.097
Temperature change on land,Suriname,Meteorological year,2001,SUR,1714.648466,56.67902026,1.043
Temperature change on land,Suriname,Meteorological year,2002,SUR,2202.340682,57.20934063,1.32
Temperature change on land,Suriname,Meteorological year,2003,SUR,2516.10404,57.82743072,1.573
Temperature change on land,Suriname,Meteorological year,2004,SUR,2887.772173,58.39738229,1.599
Temperature change on land,Suriname,Meteorological year,2005,SUR,3453.428659,58.78406599,2.001
Temperature change on land,Suriname,Meteorological year,2006,SUR,5002.657987,59.00844681,1.592
Temperature change on land,Suriname,Meteorological year,2007,SUR,5530.176156,59.19845016,1.609
Temperature change on land,Suriname,Meteorological year,2008,SUR,6576.085463,59.37922304,1.587
Temperature change on land,Suriname,Meteorological year,2009,SUR,7129.576863,59.57682487,2.054
Temperature change on land,Suriname,Meteorological year,2010,SUR,7943.604828,59.81707329,2.175
Temperature change on land,Suriname,Meteorological year,2011,SUR,7949.888672,60.19825201,1.692
Temperature change on land,Suriname,Meteorological year,2012,SUR,8851.240507,60.71827845,1.788
Temperature change on land,Suriname,Meteorological year,2013,SUR,9043.192815,61.25201898,1.944
Temperature change on land,Suriname,Meteorological year,2014,SUR,9108.189054,61.67523421,1.921
Temperature change on land,Suriname,Meteorological year,2015,SUR,8813.617054,61.86238775,2.027
Temperature change on land,Suriname,Meteorological year,2016,SUR,5644.206106,61.61064494,2.492
Temperature change on land,Suriname,Meteorological year,2017,SUR,6049.521286,61.02530355,2.139
Temperature change on land,Suriname,Meteorological year,2018,SUR,6665.741805,60.44564301,1.95
Temperature change on land,Suriname,Meteorological year,2019,SUR,6629.667752,60.20674135,2.177
Temperature change on land,Suriname,Meteorological year,2020,SUR,4755.392217,60.64407332,2.329
Temperature change on land,Suriname,Meteorological year,2021,SUR,5029.848385,58.59006028,1.955
Temperature change on land,Sweden,Meteorological year,1990,SWE,30549.66928,164.5642,1.692
Temperature change on land,Sweden,Meteorological year,1991,SWE,31777.0328,163.409638,1.028
Temperature change on land,Sweden,Meteorological year,1992,SWE,32753.8047,161.9505329,1.377
Temperature change on land,Sweden,Meteorological year,1993,SWE,24390.1538,160.2194856,0.811
Temperature change on land,Sweden,Meteorological year,1994,SWE,26045.81489,158.2525589,0.198
Temperature change on land,Sweden,Meteorological year,1995,SWE,30254.29729,156.0877825,1.264
Temperature change on land,Sweden,Meteorological year,1996,SWE,33022.56495,153.3058759,-0.16
Temperature change on land,Sweden,Meteorological year,1997,SWE,30324.45109,149.7923251,0.983
Temperature change on land,Sweden,Meteorological year,1998,SWE,30605.62272,146.0202388,0.557
Temperature change on land,Sweden,Meteorological year,1999,SWE,30969.10335,142.4897798,1.361
Temperature change on land,Sweden,Meteorological year,2000,SWE,29632.77361,139.6852706,1.72
Temperature change on land,Sweden,Meteorological year,2001,SWE,27259.48067,137.4627563,1.066
Temperature change on land,Sweden,Meteorological year,2002,SWE,29957.93877,135.4111787,1.563
Temperature change on land,Sweden,Meteorological year,2003,SWE,37292.42143,133.5849206,0.905
Temperature change on land,Sweden,Meteorological year,2004,SWE,42758.20155,132.0617389,1.192
Temperature change on land,Sweden,Meteorological year,2005,SWE,43378.61521,130.9027737,1.815
Temperature change on land,Sweden,Meteorological year,2006,SWE,46531.60011,130.0222611,1.478
Temperature change on land,Sweden,Meteorological year,2007,SWE,53568.56455,129.2783113,1.93
Temperature change on land,Sweden,Meteorological year,2008,SWE,55817.43927,128.6477968,1.951
Temperature change on land,Sweden,Meteorological year,2009,SWE,46707.86732,128.1029613,1.431
Temperature change on land,Sweden,Meteorological year,2010,SWE,52542.82741,127.6190679,-0.285
Temperature change on land,Sweden,Meteorological year,2011,SWE,60379.77482,127.0888128,1.262
Temperature change on land,Sweden,Meteorological year,2012,SWE,57749.82513,126.468719,1.306
Temperature change on land,Sweden,Meteorological year,2013,SWE,60844.27671,125.8489803,0.855
Temperature change on land,Sweden,Meteorological year,2014,SWE,59583.714,125.3120921,2.69
Temperature change on land,Sweden,Meteorological year,2015,SWE,51197.95293,124.9419982,2.059
Temperature change on land,Sweden,Meteorological year,2016,SWE,51820.39725,124.6251261,1.829
Temperature change on land,Sweden,Meteorological year,2017,SWE,53300.85873,124.2432421,1.575
Temperature change on land,Sweden,Meteorological year,2018,SWE,54181.90698,123.876096,1.833
Temperature change on land,Sweden,Meteorological year,2019,SWE,51773.04646,123.5900552,1.556
Temperature change on land,Sweden,Meteorological year,2020,SWE,52653.75659,123.2911432,2.935
Temperature change on land,Sweden,Meteorological year,2021,SWE,61174.96802,120.7673011,1.838
Temperature change on land,Switzerland,Meteorological year,1990,CHE,39574.53981,171.6175373,1.429
Temperature change on land,Switzerland,Meteorological year,1991,CHE,39544.49468,171.4240369,0.339
Temperature change on land,Switzerland,Meteorological year,1992,CHE,40713.68815,170.9981387,0.983
Temperature change on land,Switzerland,Meteorological year,1993,CHE,39237.11866,170.375222,0.581
Temperature change on land,Switzerland,Meteorological year,1994,CHE,43091.7771,169.6044533,1.877
Temperature change on land,Switzerland,Meteorological year,1995,CHE,50113.83212,168.7310796,1.022
Temperature change on land,Switzerland,Meteorological year,1996,CHE,48092.6433,167.404313,0.056
Temperature change on land,Switzerland,Meteorological year,1997,CHE,41584.44178,165.4265746,1.094
Temperature change on land,Switzerland,Meteorological year,1998,CHE,42680.58673,163.0434359,1.142
Temperature change on land,Switzerland,Meteorological year,1999,CHE,41695.69129,160.5081302,1.013
Temperature change on land,Switzerland,Meteorological year,2000,CHE,38865.02194,158.0725118,1.454
Temperature change on land,Switzerland,Meteorological year,2001,CHE,39638.79111,155.4992468,1.484
Temperature change on land,Switzerland,Meteorological year,2002,CHE,42458.73847,152.4772618,1.291
Temperature change on land,Switzerland,Meteorological year,2003,CHE,49335.74563,149.1348542,1.874
Temperature change on land,Switzerland,Meteorological year,2004,CHE,54659.45715,145.6004377,0.999
Temperature change on land,Switzerland,Meteorological year,2005,CHE,56242.89336,142.0032078,0.833
Temperature change on land,Switzerland,Meteorological year,2006,CHE,59011.03246,138.0902947,1.125
Temperature change on land,Switzerland,Meteorological year,2007,CHE,64989.15533,133.6826839,1.845
Temperature change on land,Switzerland,Meteorological year,2008,CHE,74175.19279,129.0157454,1.238
Temperature change on land,Switzerland,Meteorological year,2009,CHE,71568.31239,124.3295142,1.408
Temperature change on land,Switzerland,Meteorological year,2010,CHE,76531.37294,119.8597243,0.483
Temperature change on land,Switzerland,Meteorological year,2011,CHE,90476.75897,115.2796084,1.697
Temperature change on land,Switzerland,Meteorological year,2012,CHE,85836.20768,110.3739028,1.539
Temperature change on land,Switzerland,Meteorological year,2013,CHE,87304.33058,105.5655983,0.807
Temperature change on land,Switzerland,Meteorological year,2014,CHE,88724.99094,101.2677037,2.209
Temperature change on land,Switzerland,Meteorological year,2015,CHE,83806.4476,97.89236363,2.015
Temperature change on land,Switzerland,Meteorological year,2016,CHE,82153.07454,95.05377629,1.904
Temperature change on land,Switzerland,Meteorological year,2017,CHE,82254.37693,92.36422372,1.884
Temperature change on land,Switzerland,Meteorological year,2018,CHE,85217.36915,90.23904881,2.393
Temperature change on land,Switzerland,Meteorological year,2019,CHE,84121.93103,89.0987229,2.155
Temperature change on land,Switzerland,Meteorological year,2020,CHE,85897.78433,89.05955311,2.576
Temperature change on land,Switzerland,Meteorological year,2021,CHE,93446.43445,91.20850099,1.242
Temperature change on land,Syrian Arab Republic,Meteorological year,1990,SYR,978.489617,18.94807256,0.169
Temperature change on land,Syrian Arab Republic,Meteorological year,1991,SYR,1000.077987,18.76216562,0.492
Temperature change on land,Syrian Arab Republic,Meteorological year,1992,SYR,990.1382512,18.59314471,-1.113
Temperature change on land,Syrian Arab Republic,Meteorological year,1993,SYR,992.7713675,18.44732797,-0.561
Temperature change on land,Syrian Arab Republic,Meteorological year,1994,SYR,712.3877166,18.33124202,1.29
Temperature change on land,Syrian Arab Republic,Meteorological year,1995,SYR,779.6991002,18.25130894,0.176
Temperature change on land,Syrian Arab Republic,Meteorological year,1996,SYR,918.1958574,18.18826075,0.46
Temperature change on land,Syrian Arab Republic,Meteorological year,1997,SYR,940.8265898,18.12550889,-0.116
Temperature change on land,Syrian Arab Republic,Meteorological year,1998,SYR,960.8375049,18.07537766,1.155
Temperature change on land,Syrian Arab Republic,Meteorological year,1999,SYR,978.1745317,18.05005597,1.265
Temperature change on land,Syrian Arab Republic,Meteorological year,2000,SYR,1138.188485,18.06132454,0.648
Temperature change on land,Syrian Arab Republic,Meteorological year,2001,SYR,1186.829135,18.11554091,1.135
Temperature change on land,Syrian Arab Republic,Meteorological year,2002,SYR,1183.247345,18.20476603,0.841
Temperature change on land,Syrian Arab Republic,Meteorological year,2003,SYR,1220.179077,18.319592,0.52
Temperature change on land,Syrian Arab Republic,Meteorological year,2004,SYR,1368.114823,18.44890686,0.628
Temperature change on land,Syrian Arab Republic,Meteorological year,2005,SYR,1533.901665,18.58271702,0.233
Temperature change on land,Syrian Arab Republic,Meteorological year,2006,SYR,1718.783472,18.79724984,1.003
Temperature change on land,Syrian Arab Republic,Meteorological year,2007,SYR,1937.611386,19.12166504,0.773
Temperature change on land,Syrian Arab Republic,Meteorological year,2008,SYR,2429.124771,19.4838737,1.02
Temperature change on land,Syrian Arab Republic,Meteorological year,2009,SYR,2462.201936,19.81044574,0.619
Temperature change on land,Syrian Arab Republic,Meteorological year,2010,SYR,2730.614771,20.01819806,2.456
Temperature change on land,Syrian Arab Republic,Meteorological year,2011,SYR,2952.143494,20.1105963,0.628
Temperature change on land,Syrian Arab Republic,Meteorological year,2012,SYR,1897.66115,20.16835434,1.012
Temperature change on land,Syrian Arab Republic,Meteorological year,2013,SYR,985.8926692,20.22472284,1.347
Temperature change on land,Syrian Arab Republic,Meteorological year,2014,SYR,1060.591059,20.30644473,1.148
Temperature change on land,Syrian Arab Republic,Meteorological year,2015,SYR,847.7316319,20.42480437,1.289
Temperature change on land,Syrian Arab Republic,Meteorological year,2016,SYR,656.3490586,20.90687052,1.788
Temperature change on land,Syrian Arab Republic,Meteorological year,2017,SYR,851.5020053,21.83161545,1.134
Temperature change on land,Syrian Arab Republic,Meteorological year,2018,SYR,1098.066864,22.81142144,2.393
Temperature change on land,Syrian Arab Republic,Meteorological year,2019,SYR,1109.53926,23.43709042,1.575
Temperature change on land,Syrian Arab Republic,Meteorological year,2020,SYR,572.3552898,23.69563719,1.889
Temperature change on land,Syrian Arab Republic,Meteorological year,2021,SYR,663.6142457,28.00931629,2.259
Temperature change on land,Tajikistan,Meteorological year,1992,TJK,337.8331455,35.12295278,-0.27
Temperature change on land,Tajikistan,Meteorological year,1993,TJK,287.6201238,34.75262892,-0.159
Temperature change on land,Tajikistan,Meteorological year,1994,TJK,261.2712545,34.3453139,0.445
Temperature change on land,Tajikistan,Meteorological year,1995,TJK,207.0344573,33.90850578,0.372
Temperature change on land,Tajikistan,Meteorological year,1996,TJK,172.0350887,33.34655616,-0.476
Temperature change on land,Tajikistan,Meteorological year,1997,TJK,150.0885502,32.59709691,1.143
Temperature change on land,Tajikistan,Meteorological year,1998,TJK,213.7491456,31.75775595,0.608
Temperature change on land,Tajikistan,Meteorological year,1999,TJK,175.0237647,30.92592968,1.046
Temperature change on land,Tajikistan,Meteorological year,2000,TJK,136.9257164,30.19641165,0.911
Temperature change on land,Tajikistan,Meteorological year,2001,TJK,168.6762854,29.46147309,1.409
Temperature change on land,Tajikistan,Meteorological year,2002,TJK,186.9516383,28.64223127,1.217
Temperature change on land,Tajikistan,Meteorological year,2003,TJK,233.5812485,27.88110134,0.518
Temperature change on land,Tajikistan,Meteorological year,2004,TJK,305.7451586,27.31930201,1.371
Temperature change on land,Tajikistan,Meteorological year,2005,TJK,333.9271509,27.09577996,0.733
Temperature change on land,Tajikistan,Meteorological year,2006,TJK,401.0184033,27.1994723,1.571
Temperature change on land,Tajikistan,Meteorological year,2007,TJK,516.9972106,27.47713724,1.105
Temperature change on land,Tajikistan,Meteorological year,2008,TJK,703.3273759,27.86107011,0.811
Temperature change on land,Tajikistan,Meteorological year,2009,TJK,664.7956557,28.2810515,0.776
Temperature change on land,Tajikistan,Meteorological year,2010,TJK,737.3388832,28.66719076,1.333
Temperature change on land,Tajikistan,Meteorological year,2011,TJK,833.6019782,29.05422797,1.407
Temperature change on land,Tajikistan,Meteorological year,2012,TJK,952.4528197,29.50776086,-0.044
Temperature change on land,Tajikistan,Meteorological year,2013,TJK,1028.197043,30.00737919,1.257
Temperature change on land,Tajikistan,Meteorological year,2014,TJK,1081.544029,30.53050672,0.386
Temperature change on land,Tajikistan,Meteorological year,2015,TJK,956.9163109,31.05747759,1.244
Temperature change on land,Tajikistan,Meteorological year,2016,TJK,788.7104817,31.70202136,1.559
Temperature change on land,Tajikistan,Meteorological year,2017,TJK,829.4571476,32.47338298,1.27
Temperature change on land,Tajikistan,Meteorological year,2018,TJK,834.2884046,33.1945479,1.6
Temperature change on land,Tajikistan,Meteorological year,2019,TJK,871.0223729,33.68701282,1.329
Temperature change on land,Tajikistan,Meteorological year,2020,TJK,834.3117155,33.83509841,1.092
Temperature change on land,Tajikistan,Meteorological year,2021,TJK,896.7480534,36.48902817,1.033
Temperature change on land,Tajikistan,Meteorological year,1990,TJK,487.0361287,35.70641893,1.244
Temperature change on land,Tajikistan,Meteorological year,1991,TJK,457.7678259,35.45452305,0.642
Temperature change on land,Thailand,Meteorological year,1990,THA,1559.112093,87.27160894,0.456
Temperature change on land,Thailand,Meteorological year,1991,THA,1765.622674,89.93478331,0.588
Temperature change on land,Thailand,Meteorological year,1992,THA,1971.608799,92.14766961,0.29
Temperature change on land,Thailand,Meteorological year,1993,THA,2245.136887,93.85554567,0.224
Temperature change on land,Thailand,Meteorological year,1994,THA,2517.707326,95.00362323,0.265
Temperature change on land,Thailand,Meteorological year,1995,THA,2864.365157,95.5382821,0.584
Temperature change on land,Thailand,Meteorological year,1996,THA,3054.656908,95.23280343,0.132
Temperature change on land,Thailand,Meteorological year,1997,THA,2473.14097,94.09980011,0.283
Temperature change on land,Thailand,Meteorological year,1998,THA,1847.703793,92.45559832,1.35
Temperature change on land,Thailand,Meteorological year,1999,THA,2033.244905,90.61343425,0.345
Temperature change on land,Thailand,Meteorological year,2000,THA,2005.976945,88.88373887,-0.037
Temperature change on land,Thailand,Meteorological year,2001,THA,1889.934325,86.77779637,0.543
Temperature change on land,Thailand,Meteorological year,2002,THA,2089.751831,83.869939,0.526
Temperature change on land,Thailand,Meteorological year,2003,THA,2347.540013,80.57698676,0.667
Temperature change on land,Thailand,Meteorological year,2004,THA,2641.562687,77.31696604,0.42
Temperature change on land,Thailand,Meteorological year,2005,THA,2867.703834,74.50708673,0.77
Temperature change on land,Thailand,Meteorological year,2006,THA,3331.320435,71.87318649,0.559
Temperature change on land,Thailand,Meteorological year,2007,THA,3918.528174,69.06286264,0.42
Temperature change on land,Thailand,Meteorological year,2008,THA,4309.135093,66.3987798,0.263
Temperature change on land,Thailand,Meteorological year,2009,THA,4135.43987,64.19570569,0.373
Temperature change on land,Thailand,Meteorological year,2010,THA,4973.862888,62.68200555,1.177
Temperature change on land,Thailand,Meteorological year,2011,THA,5373.623283,61.64257657,0.132
Temperature change on land,Thailand,Meteorological year,2012,THA,5725.528028,60.76741119,0.79
Temperature change on land,Thailand,Meteorological year,2013,THA,6018.082447,60.04728127,1.005
Temperature change on land,Thailand,Meteorological year,2014,THA,5801.197892,59.43560349,0.601
Temperature change on land,Thailand,Meteorological year,2015,THA,5688.853354,58.91565444,1.146
Temperature change on land,Thailand,Meteorological year,2016,THA,5833.577156,58.43841047,1.433
Temperature change on land,Thailand,Meteorological year,2017,THA,6413.091825,58.02192434,1.013
Temperature change on land,Thailand,Meteorological year,2018,THA,7099.776501,57.74776429,0.771
Temperature change on land,Thailand,Meteorological year,2019,THA,7605.696578,57.69912711,1.667
Temperature change on land,Thailand,Meteorological year,2020,THA,6985.643939,58.05306724,1.446
Temperature change on land,Thailand,Meteorological year,2021,THA,7058.0695,58.29377154,0.975
Temperature change on land,Timor-Leste,Meteorological year,1990,TLS,168.6210102,38.64994829,-0.798
Temperature change on land,Timor-Leste,Meteorological year,1993,TLS,264.0669948,38.48769673,0.232
Temperature change on land,Timor-Leste,Meteorological year,1995,TLS,302.736982,38.01710252,0.044
Temperature change on land,Timor-Leste,Meteorological year,1996,TLS,344.0133276,37.44061815,0.117
Temperature change on land,Timor-Leste,Meteorological year,1997,TLS,348.864241,36.39443277,-0.105
Temperature change on land,Timor-Leste,Meteorological year,1998,TLS,345.5909096,35.09958289,0.812
Temperature change on land,Timor-Leste,Meteorological year,1999,TLS,269.9873128,33.78570501,-0.119
Temperature change on land,Timor-Leste,Meteorological year,2003,TLS,534.9011537,29.42164478,0.21
Temperature change on land,Timor-Leste,Meteorological year,2004,TLS,474.4207673,28.55160818,0.265
Temperature change on land,Timor-Leste,Meteorological year,2005,TLS,487.4645554,28.00967885,0.946
Temperature change on land,Timor-Leste,Meteorological year,2006,TLS,464.6670018,27.7390672,0.049
Temperature change on land,Timor-Leste,Meteorological year,2007,TLS,540.1545842,27.58581568,0.346
Temperature change on land,Timor-Leste,Meteorological year,2008,TLS,628.1532193,27.53466594,0.059
Temperature change on land,Timor-Leste,Meteorological year,2009,TLS,686.5792958,27.56972392,0.473
Temperature change on land,Timor-Leste,Meteorological year,2010,TLS,813.0601773,27.67454179,0.693
Temperature change on land,Timor-Leste,Meteorological year,2011,TLS,939.0452411,27.83305103,-0.342
Temperature change on land,Timor-Leste,Meteorological year,2012,TLS,1022.619032,28.03984423,-0.078
Temperature change on land,Timor-Leste,Meteorological year,2013,TLS,1204.568415,28.29274334,0.423
Temperature change on land,Timor-Leste,Meteorological year,2014,TLS,1224.749578,28.58960922,0.38
Temperature change on land,Timor-Leste,Meteorological year,2015,TLS,1319.592974,28.92923978,0.488
Temperature change on land,Timor-Leste,Meteorological year,2016,TLS,1335.543901,29.56454667,1.505
Temperature change on land,Timor-Leste,Meteorological year,2017,TLS,1266.17768,30.52808352,0.822
Temperature change on land,Timor-Leste,Meteorological year,2018,TLS,1219.465986,31.48262961,0.392
Temperature change on land,Timor-Leste,Meteorological year,2019,TLS,1562.364589,32.0904262,0.517
Temperature change on land,Timor-Leste,Meteorological year,2020,TLS,1630.869354,32.31872132,1.358
Temperature change on land,Timor-Leste,Meteorological year,2021,TLS,2684.827044,33.62190487,0.773
Temperature change on land,Togo,Meteorological year,1990,TGO,575.0945119,31.06463383,0.718
Temperature change on land,Togo,Meteorological year,1991,TGO,549.8080116,31.17697623,0.363
Temperature change on land,Togo,Meteorological year,1992,TGO,564.7173365,31.29352777,0.172
Temperature change on land,Togo,Meteorological year,1993,TGO,414.0139952,31.40683995,0.557
Temperature change on land,Togo,Meteorological year,1994,TGO,328.6009561,31.51686642,0.548
Temperature change on land,Togo,Meteorological year,1995,TGO,419.2203349,31.62516821,0.611
Temperature change on land,Togo,Meteorological year,1996,TGO,452.0684369,31.70967062,0.749
Temperature change on land,Togo,Meteorological year,1997,TGO,448.0010969,31.7781794,0.654
Temperature change on land,Togo,Meteorological year,1998,TGO,461.1582459,31.84838574,1.246
Temperature change on land,Togo,Meteorological year,1999,TGO,445.2914841,31.9434389,0.662
Temperature change on land,Togo,Meteorological year,2000,TGO,409.8898028,32.09379756,0.614
Temperature change on land,Togo,Meteorological year,2001,TGO,396.6926545,32.33148069,0.732
Temperature change on land,Togo,Meteorological year,2002,TGO,445.2386915,32.6314156,0.807
Temperature change on land,Togo,Meteorological year,2003,TGO,538.1653778,32.93711955,1.106
Temperature change on land,Togo,Meteorological year,2004,TGO,560.2663085,33.19355733,0.843
Temperature change on land,Togo,Meteorological year,2005,TGO,551.25985,33.35005646,1.112
Temperature change on land,Togo,Meteorological year,2006,TGO,552.5022713,33.4283366,1.098
Temperature change on land,Togo,Meteorological year,2007,TGO,607.5882245,33.48684828,0.95
Temperature change on land,Togo,Meteorological year,2008,TGO,718.9487864,33.53456716,0.852
Temperature change on land,Togo,Meteorological year,2009,TGO,720.6941688,33.57697769,0.965
Temperature change on land,Togo,Meteorological year,2010,TGO,704.9871642,33.63792857,1.342
Temperature change on land,Togo,Meteorological year,2011,TGO,783.9893805,33.77252888,0.963
Temperature change on land,Togo,Meteorological year,2012,TGO,762.3920476,33.98622049,0.664
Temperature change on land,Togo,Meteorological year,2013,TGO,826.5432595,34.23280183,0.861
Temperature change on land,Togo,Meteorological year,2014,TGO,855.5852849,34.46431677,1.032
Temperature change on land,Togo,Meteorological year,2015,TGO,751.0524051,34.64753997,1.182
Temperature change on land,Togo,Meteorological year,2016,TGO,772.5817871,34.81120113,1.227
Temperature change on land,Togo,Meteorological year,2017,TGO,792.7654872,35.00268858,1.32
Temperature change on land,Togo,Meteorological year,2018,TGO,851.1308069,35.21298605,1.175
Temperature change on land,Togo,Meteorological year,2019,TGO,826.2606541,35.42878584,1.285
Temperature change on land,Togo,Meteorological year,2020,TGO,853.5782203,35.968157,1.205
Temperature change on land,Togo,Meteorological year,2021,TGO,939.6133738,35.61422329,1.61
Temperature change on land,Tonga,Meteorological year,1990,TON,1139.055382,34.09593384,0.372
Temperature change on land,Tonga,Meteorological year,1991,TON,1323.400986,34.33692694,0.335
Temperature change on land,Tonga,Meteorological year,1992,TON,1370.361426,34.5582728,0.214
Temperature change on land,Tonga,Meteorological year,1993,TON,1383.473866,34.7486227,-0.116
Temperature change on land,Tonga,Meteorological year,1994,TON,1956.661611,34.89663123,0.154
Temperature change on land,Tonga,Meteorological year,1995,TON,2084.027813,34.99088947,0.528
Temperature change on land,Tonga,Meteorological year,1996,TON,2214.914442,35.01719515,0.362
Temperature change on land,Tonga,Meteorological year,1997,TON,2135.521364,34.99597079,0.263
Temperature change on land,Tonga,Meteorological year,1998,TON,1888.832008,34.96485593,0.298
Temperature change on land,Tonga,Meteorological year,1999,TON,1952.146144,34.96259785,0.215
Temperature change on land,Tonga,Meteorological year,2000,TON,1995.076503,35.02662522,0.368
Temperature change on land,Tonga,Meteorological year,2001,TON,1753.516595,35.20264312,0.659
Temperature change on land,Tonga,Meteorological year,2002,TON,1759.480333,35.47366009,0.794
Temperature change on land,Tonga,Meteorological year,2003,TON,1936.041237,35.78111024,0.425
Temperature change on land,Tonga,Meteorological year,2004,TON,2195.448741,36.06485886,0.571
Temperature change on land,Tonga,Meteorological year,2005,TON,2477.726409,36.26408267,0.754
Temperature change on land,Tonga,Meteorological year,2006,TON,2750.347582,36.33913327,0.535
Temperature change on land,Tonga,Meteorological year,2007,TON,2797.065552,36.33086109,0.913
Temperature change on land,Tonga,Meteorological year,2008,TON,3218.452996,36.30001729,0.463
Temperature change on land,Tonga,Meteorological year,2009,TON,2914.237908,36.30828467,0.519
Temperature change on land,Tonga,Meteorological year,2010,TON,3416.083581,36.41509467,0.981
Temperature change on land,Tonga,Meteorological year,2011,TON,3849.993708,36.62656551,0.606
Temperature change on land,Tonga,Meteorological year,2012,TON,4384.170583,36.89457511,0.698
Temperature change on land,Tonga,Meteorological year,2013,TON,4219.246595,37.19616451,0.931
Temperature change on land,Tonga,Meteorological year,2014,TON,4136.590138,37.5078423,0.607
Temperature change on land,Tonga,Meteorological year,2015,TON,4123.90324,37.8058421,0.653
Temperature change on land,Tonga,Meteorological year,2016,TON,3987.986262,38.16507368,1.177
Temperature change on land,Tonga,Meteorological year,2017,TON,4365.929328,38.60932737,0.971
Temperature change on land,Tonga,Meteorological year,2018,TON,4638.897743,39.03903977,0.914
Temperature change on land,Tonga,Meteorological year,2019,TON,4676.847903,39.35472118,1.49
Temperature change on land,Tonga,Meteorological year,2020,TON,4700.449328,39.59068048,1.415
Temperature change on land,Tonga,Meteorological year,2021,TON,4912.579506,40.65344182,1.153
Temperature change on land,Trinidad and Tobago,Meteorological year,1990,TTO,4047.250936,43.27579103,0.056
Temperature change on land,Trinidad and Tobago,Meteorological year,1991,TTO,4205.377783,43.01437308,0.219
Temperature change on land,Trinidad and Tobago,Meteorological year,1992,TTO,4277.474369,42.72109042,0.253
Temperature change on land,Trinidad and Tobago,Meteorological year,1993,TTO,3646.712317,42.40670262,0.566
Temperature change on land,Trinidad and Tobago,Meteorological year,1994,TTO,3839.962902,42.08219395,0.447
Temperature change on land,Trinidad and Tobago,Meteorological year,1995,TTO,4114.689085,41.75872499,0.823
Temperature change on land,Trinidad and Tobago,Meteorological year,1996,TTO,4427.278324,41.32643994,0.512
Temperature change on land,Trinidad and Tobago,Meteorological year,1997,TTO,4393.944969,40.72997332,0.794
Temperature change on land,Trinidad and Tobago,Meteorological year,1998,TTO,4612.709003,40.06383956,1.339
Temperature change on land,Trinidad and Tobago,Meteorological year,1999,TTO,5179.083508,39.42249791,0.825
Temperature change on land,Trinidad and Tobago,Meteorological year,2000,TTO,6178.589756,38.90130554,0.649
Temperature change on land,Trinidad and Tobago,Meteorological year,2001,TTO,6657.414669,38.4495974,0.778
Temperature change on land,Trinidad and Tobago,Meteorological year,2002,TTO,6762.930808,37.97593022,0.573
Temperature change on land,Trinidad and Tobago,Meteorological year,2003,TTO,8445.046535,37.51408114,0.896
Temperature change on land,Trinidad and Tobago,Meteorological year,2004,TTO,9871.034198,37.09788779,0.502
Temperature change on land,Trinidad and Tobago,Meteorological year,2005,TTO,12346.43731,36.76134758,1.29
Temperature change on land,Trinidad and Tobago,Meteorological year,2006,TTO,14152.66074,36.45975222,0.859
Temperature change on land,Trinidad and Tobago,Meteorological year,2007,TTO,16606.67536,36.14438248,0.759
Temperature change on land,Trinidad and Tobago,Meteorological year,2008,TTO,21298.99453,35.84527907,0.589
Temperature change on land,Trinidad and Tobago,Meteorological year,2009,TTO,14634.0565,35.59297021,0.706
Temperature change on land,Trinidad and Tobago,Meteorological year,2010,TTO,16815.42474,35.4177573,1.399
Temperature change on land,Trinidad and Tobago,Meteorological year,2011,TTO,19151.08702,35.25394606,0.73
Temperature change on land,Trinidad and Tobago,Meteorological year,2012,TTO,20472.35743,35.03115333,0.792
Temperature change on land,Trinidad and Tobago,Meteorological year,2013,TTO,21416.36608,34.77090338,0.936
Temperature change on land,Trinidad and Tobago,Meteorological year,2014,TTO,22074.42631,34.49498759,0.848
Temperature change on land,Trinidad and Tobago,Meteorological year,2015,TTO,20024.75466,34.22555946,1.068
Temperature change on land,Trinidad and Tobago,Meteorological year,2016,TTO,17521.80075,33.80509451,1.161
Temperature change on land,Trinidad and Tobago,Meteorological year,2017,TTO,17720.49724,33.21008209,1.4
Temperature change on land,Trinidad and Tobago,Meteorological year,2018,TTO,18076.35656,32.66364711,0.905
Temperature change on land,Trinidad and Tobago,Meteorological year,2019,TTO,17431.02693,32.38881462,1.461
Temperature change on land,Trinidad and Tobago,Meteorological year,2020,TTO,15224.50835,32.50824558,1.697
Temperature change on land,Trinidad and Tobago,Meteorological year,2021,TTO,17912.51062,32.53618476,1.286
Temperature change on land,Tunisia,Meteorological year,1990,TUN,1476.431605,28.95992198,1.466
Temperature change on land,Tunisia,Meteorological year,1991,TUN,1537.879165,29.1131177,0.012
Temperature change on land,Tunisia,Meteorological year,1992,TUN,1784.818502,29.28026249,0.063
Temperature change on land,Tunisia,Meteorological year,1993,TUN,1649.185373,29.45433493,0.734
Temperature change on land,Tunisia,Meteorological year,1994,TUN,1733.466147,29.62849409,1.404
Temperature change on land,Tunisia,Meteorological year,1995,TUN,1968.166009,29.79640065,0.728
Temperature change on land,Tunisia,Meteorological year,1996,TUN,2107.408156,30.00285021,0.698
Temperature change on land,Tunisia,Meteorological year,1997,TUN,2202.060906,30.26747989,1.324
Temperature change on land,Tunisia,Meteorological year,1998,TUN,2285.019335,30.54300935,1.065
Temperature change on land,Tunisia,Meteorological year,1999,TUN,2376.065668,30.78209787,1.828
Temperature change on land,Tunisia,Meteorological year,2000,TUN,2199.044659,30.93761179,1.096
Temperature change on land,Tunisia,Meteorological year,2001,TUN,2235.719816,31.0009151,2.073
Temperature change on land,Tunisia,Meteorological year,2002,TUN,2320.772381,31.00988512,1.332
Temperature change on land,Tunisia,Meteorological year,2003,TUN,2725.864315,30.98691471,1.78
Temperature change on land,Tunisia,Meteorological year,2004,TUN,3067.419364,30.95432482,1.003
Temperature change on land,Tunisia,Meteorological year,2005,TUN,3146.826074,30.93448198,1.131
Temperature change on land,Tunisia,Meteorological year,2006,TUN,3322.569336,30.92089996,1.358
Temperature change on land,Tunisia,Meteorological year,2007,TUN,3726.916729,30.8952776,1.471
Temperature change on land,Tunisia,Meteorological year,2008,TUN,4255.05008,30.86279951,1.47
Temperature change on land,Tunisia,Meteorological year,2009,TUN,4080.090324,30.8286563,0.961
Temperature change on land,Tunisia,Meteorological year,2010,TUN,4291.861209,30.79794015,1.859
Temperature change on land,Tunisia,Meteorological year,2011,TUN,4420.647722,30.74424866,1.134
Temperature change on land,Tunisia,Meteorological year,2012,TUN,4297.267825,30.66011498,1.707
Temperature change on land,Tunisia,Meteorological year,2013,TUN,4369.793458,30.57931638,1.571
Temperature change on land,Tunisia,Meteorological year,2014,TUN,4458.978955,30.53562684,2.014
Temperature change on land,Tunisia,Meteorological year,2015,TUN,4014.947737,30.56277663,1.288
Temperature change on land,Tunisia,Meteorological year,2016,TUN,3847.803544,30.77217096,1.985
Temperature change on land,Tunisia,Meteorological year,2017,TUN,3619.032473,31.16306341,1.465
Temperature change on land,Tunisia,Meteorological year,2018,TUN,3628.103665,31.60111874,1.597
Temperature change on land,Tunisia,Meteorological year,2019,TUN,3528.872133,31.95177544,1.409
Temperature change on land,Tunisia,Meteorological year,2020,TUN,3548.653637,32.2984898,2.069
Temperature change on land,Tunisia,Meteorological year,2021,TUN,3885.281665,34.30221033,2.589
Temperature change on land,Türkiye,Meteorological year,1990,TUR,2689.526219,29.83808088,-0.051
Temperature change on land,Türkiye,Meteorological year,1991,TUR,2649.2726,30.00432112,0.23
Temperature change on land,Türkiye,Meteorological year,1992,TUR,2743.653203,30.11367683,-1.241
Temperature change on land,Türkiye,Meteorological year,1993,TUR,3057.937375,30.17150947,-0.818
Temperature change on land,Türkiye,Meteorological year,1994,TUR,2176.280181,30.184159,1.206
Temperature change on land,Türkiye,Meteorological year,1995,TUR,2774.616272,30.15783407,0.158
Temperature change on land,Türkiye,Meteorological year,1996,TUR,2929.153949,30.02357565,0.284
Temperature change on land,Türkiye,Meteorological year,1997,TUR,3020.993471,29.74705671,0.021
Temperature change on land,Türkiye,Meteorological year,1998,TUR,4329.56244,29.3915041,1.02
Temperature change on land,Türkiye,Meteorological year,1999,TUR,3969.473594,29.0214093,1.252
Temperature change on land,Türkiye,Meteorological year,2000,TUR,4192.443167,28.70145029,0.536
Temperature change on land,Türkiye,Meteorological year,2001,TUR,3045.55414,28.39337146,1.526
Temperature change on land,Türkiye,Meteorological year,2002,TUR,3583.197459,28.04325306,0.796
Temperature change on land,Türkiye,Meteorological year,2003,TUR,4637.882185,27.69453201,0.305
Temperature change on land,Türkiye,Meteorological year,2004,TUR,5960.778989,27.39086202,0.597
Temperature change on land,Türkiye,Meteorological year,2005,TUR,7303.013889,27.17571071,0.441
Temperature change on land,Türkiye,Meteorological year,2006,TUR,7953.07848,27.04463985,0.893
Temperature change on land,Türkiye,Meteorological year,2007,TUR,9711.223761,26.95951648,0.993
Temperature change on land,Türkiye,Meteorological year,2008,TUR,10843.50369,26.91318191,0.87
Temperature change on land,Türkiye,Meteorological year,2009,TUR,9012.999458,26.89844148,0.692
Temperature change on land,Türkiye,Meteorological year,2010,TUR,10622.70204,26.90839181,2.39
Temperature change on land,Türkiye,Meteorological year,2011,TUR,11300.78522,26.9124934,0.412
Temperature change on land,Türkiye,Meteorological year,2012,TUR,11713.28498,26.89681247,0.997
Temperature change on land,Türkiye,Meteorological year,2013,TUR,12578.18786,26.87960598,1.374
Temperature change on land,Türkiye,Meteorological year,2014,TUR,12165.22014,26.87954147,1.334
Temperature change on land,Türkiye,Meteorological year,2015,TUR,11049.99511,26.91780459,0.823
Temperature change on land,Türkiye,Meteorological year,2016,TUR,10970.04589,27.20386206,1.605
Temperature change on land,Türkiye,Meteorological year,2017,TUR,10695.5502,27.78449835,0.774
Temperature change on land,Türkiye,Meteorological year,2018,TUR,9568.835063,28.43735948,2.638
Temperature change on land,Türkiye,Meteorological year,2019,TUR,9215.440499,28.94405051,1.698
Temperature change on land,Türkiye,Meteorological year,2020,TUR,8638.739038,29.40633193,1.87
Temperature change on land,Türkiye,Meteorological year,2021,TUR,9743.212778,31.89568132,1.912
Temperature change on land,Turkmenistan,Meteorological year,1992,TKM,811.3541565,50.63792332,-0.059
Temperature change on land,Turkmenistan,Meteorological year,1993,TKM,788.4189142,51.66098494,-0.144
Temperature change on land,Turkmenistan,Meteorological year,1994,TKM,622.1347802,52.80321368,0.299
Temperature change on land,Turkmenistan,Meteorological year,1995,TKM,592.2472473,54.0401428,1.417
Temperature change on land,Turkmenistan,Meteorological year,1996,TKM,557.8942201,55.67373678,-0.021
Temperature change on land,Turkmenistan,Meteorological year,1997,TKM,565.022638,57.78160306,1.401
Temperature change on land,Turkmenistan,Meteorological year,1998,TKM,590.7912933,59.98461524,0.995
Temperature change on land,Turkmenistan,Meteorological year,1999,TKM,545.5190031,61.90326439,1.33
Temperature change on land,Turkmenistan,Meteorological year,2000,TKM,633.8354876,63.15554102,1.339
Temperature change on land,Turkmenistan,Meteorological year,2001,TKM,756.0349763,63.90274142,1.565
Temperature change on land,Turkmenistan,Meteorological year,2002,TKM,935.5408015,64.55262207,1.835
Temperature change on land,Turkmenistan,Meteorological year,2003,TKM,1228.948703,65.09161211,0.112
Temperature change on land,Turkmenistan,Meteorological year,2004,TKM,1379.230097,65.50643412,1.693
Temperature change on land,Turkmenistan,Meteorological year,2005,TKM,1604.016185,65.78311366,1.343
Temperature change on land,Turkmenistan,Meteorological year,2006,TKM,1996.593107,65.90346634,1.762
Temperature change on land,Turkmenistan,Meteorological year,2007,TKM,2414.96072,65.86413185,1.169
Temperature change on land,Turkmenistan,Meteorological year,2008,TKM,3605.503951,65.67152555,0.771
Temperature change on land,Turkmenistan,Meteorological year,2009,TKM,3707.978507,65.33263898,1.137
Temperature change on land,Turkmenistan,Meteorological year,2010,TKM,4058.53937,64.85456489,1.978
Temperature change on land,Turkmenistan,Meteorological year,2011,TKM,5143.619293,63.99740599,1.182
Temperature change on land,Turkmenistan,Meteorological year,2012,TKM,6053.874847,62.73488107,0.874
Temperature change on land,Turkmenistan,Meteorological year,2013,TKM,6599.645291,61.40172909,1.726
Temperature change on land,Turkmenistan,Meteorological year,2014,TKM,7164.145362,60.33320853,0.801
Temperature change on land,Turkmenistan,Meteorological year,2015,TKM,5759.497904,59.86496455,1.482
Temperature change on land,Turkmenistan,Meteorological year,2016,TKM,5686.98041,59.9895026,2.057
Temperature change on land,Turkmenistan,Meteorological year,2017,TKM,5828.481662,60.35699125,1.741
Temperature change on land,Turkmenistan,Meteorological year,2018,TKM,6125.051697,60.79944463,1.596
Temperature change on land,Turkmenistan,Meteorological year,2019,TKM,6648.034896,61.14850662,1.861
Temperature change on land,Turkmenistan,Meteorological year,2020,TKM,6592.60146,61.53458018,1.574
Temperature change on land,Turkmenistan,Meteorological year,2021,TKM,7051.202111,61.48693728,1.717
Temperature change on land,Tuvalu,Meteorological year,1990,TUV,1084.667072,97.61056728,0.189
Temperature change on land,Tuvalu,Meteorological year,1991,TUV,1134.331756,99.23802029,0.512
Temperature change on land,Tuvalu,Meteorological year,1992,TUV,1165.637104,100.5018012,0.199
Temperature change on land,Tuvalu,Meteorological year,1993,TUV,1141.179044,101.4129593,0.017
Temperature change on land,Tuvalu,Meteorological year,1995,TUV,1284.764461,102.2150894,0.422
Temperature change on land,Tuvalu,Meteorological year,1996,TUV,1427.809605,101.890079,0.386
Temperature change on land,Tuvalu,Meteorological year,1997,TUV,1461.08618,100.960102,0.433
Temperature change on land,Tuvalu,Meteorological year,1998,TUV,1459.649371,99.71534055,0.214
Temperature change on land,Tuvalu,Meteorological year,1999,TUV,1558.603966,98.4355516,0.415
Temperature change on land,Tuvalu,Meteorological year,2000,TUV,1579.419063,97.40844362,0.523
Temperature change on land,Tuvalu,Meteorological year,2001,TUV,1456.784094,96.61978678,0.784
Temperature change on land,Tuvalu,Meteorological year,2002,TUV,1750.251751,95.88752084,0.816
Temperature change on land,Tuvalu,Meteorological year,2003,TUV,2006.842499,95.18786461,0.569
Temperature change on land,Tuvalu,Meteorological year,2004,TUV,2322.562651,94.48950186,0.657
Temperature change on land,Tuvalu,Meteorological year,2005,TUV,2304.826943,93.76408533,0.805
Temperature change on land,Tuvalu,Meteorological year,2006,TUV,2396.268443,92.91677034,0.662
Temperature change on land,Tuvalu,Meteorological year,2007,TUV,2794.163101,91.96404644,0.753
Temperature change on land,Tuvalu,Meteorological year,2008,TUV,3088.308774,91.02278171,0.37
Temperature change on land,Tuvalu,Meteorological year,2009,TUV,2683.967495,90.20902881,0.68
Temperature change on land,Tuvalu,Meteorological year,2010,TUV,3024.817079,89.63597967,0.94
Temperature change on land,Tuvalu,Meteorological year,2011,TUV,3636.0814,89.2730036,0.83
Temperature change on land,Tuvalu,Meteorological year,2012,TUV,3598.461631,88.98870395,0.637
Temperature change on land,Tuvalu,Meteorological year,2013,TUV,3510.216401,88.73833355,0.708
Temperature change on land,Tuvalu,Meteorological year,2014,TUV,3528.858581,88.4790522,0.671
Temperature change on land,Tuvalu,Meteorological year,2015,TUV,3357.834177,88.16580542,0.822
Temperature change on land,Tuvalu,Meteorological year,2016,TUV,3808.69755,87.59507568,0.945
Temperature change on land,Tuvalu,Meteorological year,2017,TUV,4165.663387,86.80098382,1.037
Temperature change on land,Tuvalu,Meteorological year,2018,TUV,4466.120349,86.10003878,0.999
Temperature change on land,Tuvalu,Meteorological year,2019,TUV,5115.13076,85.81122868,1.102
Temperature change on land,Tuvalu,Meteorological year,2020,TUV,4976.112541,86.64952075,1.22
Temperature change on land,Tuvalu,Meteorological year,2021,TUV,5905.081981,79.85797316,0.714
Temperature change on land,Uganda,Meteorological year,1990,UGA,244.9871681,26.15400784,0.378
Temperature change on land,Uganda,Meteorological year,1991,UGA,182.9558973,26.36968812,0.31
Temperature change on land,Uganda,Meteorological year,1992,UGA,152.1135424,26.63295208,0.366
Temperature change on land,Uganda,Meteorological year,1993,UGA,165.6164762,26.93380782,0.316
Temperature change on land,Uganda,Meteorological year,1994,UGA,198.441988,27.2626951,0.346
Temperature change on land,Uganda,Meteorological year,1995,UGA,278.5208357,27.60897689,0.49
Temperature change on land,Uganda,Meteorological year,1996,UGA,284.6982593,28.11719207,0.358
Temperature change on land,Uganda,Meteorological year,1997,UGA,286.8466379,28.82785372,0.629
Temperature change on land,Uganda,Meteorological year,1998,UGA,292.4530371,29.57896914,0.484
Temperature change on land,Uganda,Meteorological year,1999,UGA,257.9219496,30.20757446,0.112
Temperature change on land,Uganda,Meteorological year,2000,UGA,258.0503387,30.55094869,0.394
Temperature change on land,Uganda,Meteorological year,2001,UGA,236.0211889,30.67179674,0.254
Temperature change on land,Uganda,Meteorological year,2002,UGA,241.9846884,30.73630683,0.732
Temperature change on land,Uganda,Meteorological year,2003,UGA,250.7154366,30.74197456,0.87
Temperature change on land,Uganda,Meteorological year,2004,UGA,292.381858,30.68541613,0.71
Temperature change on land,Uganda,Meteorological year,2005,UGA,330.4054027,30.56355296,1.351
Temperature change on land,Uganda,Meteorological year,2006,UGA,346.5182553,30.29874118,1.134
Temperature change on land,Uganda,Meteorological year,2007,UGA,401.3891309,29.86334216,0.581
Temperature change on land,Uganda,Meteorological year,2008,UGA,472.8426815,29.33280355,0.717
Temperature change on land,Uganda,Meteorological year,2009,UGA,798.9470899,28.78288358,1.287
Temperature change on land,Uganda,Meteorological year,2010,UGA,823.4881443,28.28966989,1.284
Temperature change on land,Uganda,Meteorological year,2011,UGA,835.6200606,27.76110443,0.872
Temperature change on land,Uganda,Meteorological year,2012,UGA,795.2228676,27.13473466,0.916
Temperature change on land,Uganda,Meteorological year,2013,UGA,818.2854274,26.5321122,0.871
Temperature change on land,Uganda,Meteorological year,2014,UGA,896.0547955,26.07506277,0.904
Temperature change on land,Uganda,Meteorological year,2015,UGA,862.9346104,25.88618042,0.978
Temperature change on land,Uganda,Meteorological year,2016,UGA,752.6965717,26.0069709,1.047
Temperature change on land,Uganda,Meteorological year,2017,UGA,765.2183323,26.31460341,1.455
Temperature change on land,Uganda,Meteorological year,2018,UGA,792.1657002,26.68641736,0.791
Temperature change on land,Uganda,Meteorological year,2019,UGA,822.0570582,26.99883462,1.312
Temperature change on land,Uganda,Meteorological year,2020,UGA,845.7664639,27.5390037,0.903
Temperature change on land,Uganda,Meteorological year,2021,UGA,882.7917175,28.31323639,1.187
Temperature change on land,Ukraine,Meteorological year,1992,UKR,1413.240112,148.2429505,0.477
Temperature change on land,Ukraine,Meteorological year,1993,UKR,1254.028687,149.9766354,-0.725
Temperature change on land,Ukraine,Meteorological year,1994,UKR,1009.093567,151.6680001,1.161
Temperature change on land,Ukraine,Meteorological year,1995,UKR,933.1917725,153.2529726,0.957
Temperature change on land,Ukraine,Meteorological year,1996,UKR,869.8460693,155.3564818,-0.402
Temperature change on land,Ukraine,Meteorological year,1997,UKR,987.4898071,158.1601587,-0.325
Temperature change on land,Ukraine,Meteorological year,1998,UKR,831.336792,160.9589335,0.742
Temperature change on land,Ukraine,Meteorological year,1999,UKR,631.9104614,163.0506907,1.169
Temperature change on land,Ukraine,Meteorological year,2000,UKR,653.2943115,163.7058199,1.434
Temperature change on land,Ukraine,Meteorological year,2001,UKR,800.4907227,161.8314868,1.804
Temperature change on land,Ukraine,Meteorological year,2002,UKR,903.0119019,157.6972284,1.55
Temperature change on land,Ukraine,Meteorological year,2003,UKR,1076.481567,152.66838,-0.252
Temperature change on land,Ukraine,Meteorological year,2004,UKR,1401.018066,148.1266116,0.933
Temperature change on land,Ukraine,Meteorological year,2005,UKR,1875.335083,145.434143,1.027
Temperature change on land,Ukraine,Meteorological year,2006,UKR,2366.494141,145.3192256,0.275
Temperature change on land,Ukraine,Meteorological year,2007,UKR,3160.327637,147.0199736,2.381
Temperature change on land,Ukraine,Meteorological year,2008,UKR,4017.806641,149.7053671,1.622
Temperature change on land,Ukraine,Meteorological year,2009,UKR,2607.087646,152.576416,1.601
Temperature change on land,Ukraine,Meteorological year,2010,UKR,3039.632324,154.8054148,1.631
Temperature change on land,Ukraine,Meteorological year,2011,UKR,3656.697998,156.136038,0.567
Temperature change on land,Ukraine,Meteorological year,2012,UKR,3951.342285,157.1394219,1.943
Temperature change on land,Ukraine,Meteorological year,2013,UKR,4129.896973,158.2336788,1.501
Temperature change on land,Ukraine,Meteorological year,2014,UKR,3054.908203,159.8429328,1.694
Temperature change on land,Ukraine,Meteorological year,2015,UKR,2094.473877,162.3941702,2.06
Temperature change on land,Ukraine,Meteorological year,2016,UKR,2158.461182,169.0493057,2.098
Temperature change on land,Ukraine,Meteorological year,2017,UKR,2604.287598,179.7032436,1.401
Temperature change on land,Ukraine,Meteorological year,2018,UKR,3059.051758,189.9103988,2.22
Temperature change on land,Ukraine,Meteorological year,2019,UKR,3619.861572,195.2116971,2.353
Temperature change on land,Ukraine,Meteorological year,2020,UKR,3709.769287,194.7293038,3.096
Temperature change on land,Ukraine,Meteorological year,2021,UKR,4775.945801,189.7863902,1.418
Temperature change on land,United Arab Emirates,Meteorological year,1990,ARE,26709.99344,31.09822677,0.249
Temperature change on land,United Arab Emirates,Meteorological year,1991,ARE,25690.96863,31.39122642,-0.253
Temperature change on land,United Arab Emirates,Meteorological year,1992,ARE,25648.27278,31.61996355,-0.673
Temperature change on land,United Arab Emirates,Meteorological year,1993,ARE,25032.78227,31.78037237,-0.005
Temperature change on land,United Arab Emirates,Meteorological year,1994,ARE,25472.63966,31.87233675,0.392
Temperature change on land,United Arab Emirates,Meteorological year,1995,ARE,27003.20068,31.90019249,-0.194
Temperature change on land,United Arab Emirates,Meteorological year,1996,ARE,28323.16509,31.80179866,0.326
Temperature change on land,United Arab Emirates,Meteorological year,1997,ARE,27982.7957,31.54836516,-0.303
Temperature change on land,United Arab Emirates,Meteorological year,1998,ARE,24889.42692,31.21144477,1.007
Temperature change on land,United Arab Emirates,Meteorological year,1999,ARE,25855.8605,30.87403454,1.346
Temperature change on land,United Arab Emirates,Meteorological year,2000,ARE,29865.50235,30.62431176,0.732
Temperature change on land,United Arab Emirates,Meteorological year,2001,ARE,27745.17081,30.40691973,0.598
Temperature change on land,United Arab Emirates,Meteorological year,2002,ARE,27753.60895,30.1303266,1.192
Temperature change on land,United Arab Emirates,Meteorological year,2003,ARE,29659.54286,29.83097051,1.052
Temperature change on land,United Arab Emirates,Meteorological year,2004,ARE,33376.71523,29.54458947,1.045
Temperature change on land,United Arab Emirates,Meteorological year,2005,ARE,38719.31383,29.3169215,0.7
Temperature change on land,United Arab Emirates,Meteorological year,2006,ARE,44342.60483,29.1367525,1.218
Temperature change on land,United Arab Emirates,Meteorological year,2007,ARE,45854.73252,28.97925628,0.772
Temperature change on land,United Arab Emirates,Meteorological year,2008,ARE,50054.17007,28.86061788,0.771
Temperature change on land,United Arab Emirates,Meteorological year,2009,ARE,37803.06637,28.80614805,0.9
Temperature change on land,United Arab Emirates,Meteorological year,2010,ARE,43696.67126,28.84358354,1.514
Temperature change on land,United Arab Emirates,Meteorological year,2011,ARE,50789.05054,29.01823875,1.187
Temperature change on land,United Arab Emirates,Meteorological year,2012,ARE,52034.47625,29.3543819,1.162
Temperature change on land,United Arab Emirates,Meteorological year,2013,ARE,52023.5171,29.7873576,0.811
Temperature change on land,United Arab Emirates,Meteorological year,2014,ARE,51381.40699,30.2519634,0.928
Temperature change on land,United Arab Emirates,Meteorological year,2015,ARE,43534.99727,30.69227501,1.597
Temperature change on land,United Arab Emirates,Meteorological year,2016,ARE,41326.40182,31.26621783,1.17
Temperature change on land,United Arab Emirates,Meteorological year,2017,ARE,42340.59171,32.03127917,1.705
Temperature change on land,United Arab Emirates,Meteorological year,2018,ARE,45689.857,32.76881303,1.574
Temperature change on land,United Arab Emirates,Meteorological year,2019,ARE,44251.45414,33.24984307,1.268
Temperature change on land,United Arab Emirates,Meteorological year,2020,ARE,37173.87541,33.51324413,1.275
Temperature change on land,United Arab Emirates,Meteorological year,2021,ARE,43360.0211,35.8364505,1.77
Temperature change on land,United Kingdom of Great Britain and Northern Ireland,Meteorological year,1990,GBR,19095.467,84.48410625,1.008
Temperature change on land,United Kingdom of Great Britain and Northern Ireland,Meteorological year,1991,GBR,19900.72665,84.58804636,0.199
Temperature change on land,United Kingdom of Great Britain and Northern Ireland,Meteorological year,1992,GBR,20487.17079,84.56823796,0.509
Temperature change on land,United Kingdom of Great Britain and Northern Ireland,Meteorological year,1993,GBR,18389.01957,84.43848,-0.026
Temperature change on land,United Kingdom of Great Britain and Northern Ireland,Meteorological year,1994,GBR,19709.2381,84.21231833,0.402
Temperature change on land,United Kingdom of Great Britain and Northern Ireland,Meteorological year,1995,GBR,23168.95296,83.90660467,1.111
Temperature change on land,United Kingdom of Great Britain and Northern Ireland,Meteorological year,1996,GBR,24406.4003,83.33529996,-0.148
Temperature change on land,United Kingdom of Great Britain and Northern Ireland,Meteorological year,1997,GBR,26766.00562,82.41934545,0.873
Temperature change on land,United Kingdom of Great Britain and Northern Ireland,Meteorological year,1998,GBR,28274.50451,81.33077301,0.851
Temperature change on land,United Kingdom of Great Britain and Northern Ireland,Meteorological year,1999,GBR,28762.09136,80.24389748,1.123
Temperature change on land,United Kingdom of Great Britain and Northern Ireland,Meteorological year,2000,GBR,28280.92679,79.33754215,0.709
Temperature change on land,United Kingdom of Great Britain and Northern Ireland,Meteorological year,2001,GBR,27906.5695,78.56118868,0.617
Temperature change on land,United Kingdom of Great Britain and Northern Ireland,Meteorological year,2002,GBR,30077.74143,77.74909306,0.996
Temperature change on land,United Kingdom of Great Britain and Northern Ireland,Meteorological year,2003,GBR,34442.68754,76.90280788,1.179
Temperature change on land,United Kingdom of Great Britain and Northern Ireland,Meteorological year,2004,GBR,40366.88867,76.02820743,1.023
Temperature change on land,United Kingdom of Great Britain and Northern Ireland,Meteorological year,2005,GBR,42104.78844,75.12744009,1.113
Temperature change on land,United Kingdom of Great Britain and Northern Ireland,Meteorological year,2006,GBR,44512.45903,74.02033209,1.239
Temperature change on land,United Kingdom of Great Britain and Northern Ireland,Meteorological year,2007,GBR,50397.6855,72.66451817,1.327
Temperature change on land,United Kingdom of Great Britain and Northern Ireland,Meteorological year,2008,GBR,47396.12021,71.27140587,0.825
Temperature change on land,United Kingdom of Great Britain and Northern Ireland,Meteorological year,2009,GBR,38744.13169,70.05436829,0.937
Temperature change on land,United Kingdom of Great Britain and Northern Ireland,Meteorological year,2010,GBR,39598.95712,69.22582355,-0.065
Temperature change on land,United Kingdom of Great Britain and Northern Ireland,Meteorological year,2011,GBR,42109.64188,68.71971587,0.837
Temperature change on land,United Kingdom of Great Britain and Northern Ireland,Meteorological year,2012,GBR,42497.3405,68.3122083,0.562
Temperature change on land,United Kingdom of Great Britain and Northern Ireland,Meteorological year,2013,GBR,43426.29814,67.98757123,0.359
Temperature change on land,United Kingdom of Great Britain and Northern Ireland,Meteorological year,2014,GBR,47439.61659,67.73047091,1.704
Temperature change on land,United Kingdom of Great Britain and Northern Ireland,Meteorological year,2015,GBR,44964.39114,67.52666252,0.594
Temperature change on land,United Kingdom of Great Britain and Northern Ireland,Meteorological year,2016,GBR,40985.23514,67.35464563,1.149
Temperature change on land,United Kingdom of Great Britain and Northern Ireland,Meteorological year,2017,GBR,40572.12148,67.2013758,1.412
Temperature change on land,United Kingdom of Great Britain and Northern Ireland,Meteorological year,2018,GBR,43203.81411,67.07178391,0.988
Temperature change on land,United Kingdom of Great Britain and Northern Ireland,Meteorological year,2019,GBR,42662.53537,66.97113129,1.222
Temperature change on land,United Kingdom of Great Britain and Northern Ireland,Meteorological year,2020,GBR,40201.68124,66.78549113,1.369
Temperature change on land,United Kingdom of Great Britain and Northern Ireland,Meteorological year,2021,GBR,46896.86624,70.21705245,0.927
Temperature change on land,United Republic of Tanzania,Meteorological year,1990,TZA,243.611557,29.70809766,0.114
Temperature change on land,United Republic of Tanzania,Meteorological year,1991,TZA,276.4524536,29.55539617,0.248
Temperature change on land,United Republic of Tanzania,Meteorological year,1992,TZA,250.3299255,29.39458322,0.253
Temperature change on land,United Republic of Tanzania,Meteorological year,1993,TZA,224.4915466,29.23211652,-0.03
Temperature change on land,United Republic of Tanzania,Meteorological year,1994,TZA,228.8900299,29.07123947,0.361
Temperature change on land,United Republic of Tanzania,Meteorological year,1995,TZA,258.418335,28.91803681,0.293
Temperature change on land,United Republic of Tanzania,Meteorological year,1996,TZA,313.6583862,28.74583872,0.163
Temperature change on land,United Republic of Tanzania,Meteorological year,1997,TZA,363.5976868,28.53553458,0.526
Temperature change on land,United Republic of Tanzania,Meteorological year,1998,TZA,386.3784485,28.30709757,0.442
Temperature change on land,United Republic of Tanzania,Meteorological year,1999,TZA,392.6217651,28.07857375,-0.298
Temperature change on land,United Republic of Tanzania,Meteorological year,2000,TZA,401.6981506,27.86876631,0.487
Temperature change on land,United Republic of Tanzania,Meteorological year,2001,TZA,396.6387329,27.66500599,0.379
Temperature change on land,United Republic of Tanzania,Meteorological year,2002,TZA,402.6490479,27.45363252,0.608
Temperature change on land,United Republic of Tanzania,Meteorological year,2003,TZA,422.1835938,27.24885111,0.978
Temperature change on land,United Republic of Tanzania,Meteorological year,2004,TZA,450.3852844,27.06394132,0.82
Temperature change on land,United Republic of Tanzania,Meteorological year,2005,TZA,483.3348694,26.91219134,1.07
Temperature change on land,United Republic of Tanzania,Meteorological year,2006,TZA,475.7467346,26.75229536,0.9
Temperature change on land,United Republic of Tanzania,Meteorological year,2007,TZA,543.1983032,26.55854545,0.82
Temperature change on land,United Republic of Tanzania,Meteorological year,2008,TZA,675.9772339,26.36676312,0.509
Temperature change on land,United Republic of Tanzania,Meteorological year,2009,TZA,693.8235474,26.21268487,0.959
Temperature change on land,United Republic of Tanzania,Meteorological year,2010,TZA,736.5301514,26.13209045,1.102
Temperature change on land,United Republic of Tanzania,Meteorological year,2011,TZA,775.3927612,26.11267281,0.802
Temperature change on land,United Republic of Tanzania,Meteorological year,2012,TZA,861.9699097,26.11952828,0.891
Temperature change on land,United Republic of Tanzania,Meteorological year,2013,TZA,963.0571289,26.15165581,0.949
Temperature change on land,United Republic of Tanzania,Meteorological year,2014,TZA,1022.748413,26.20742486,0.924
Temperature change on land,United Republic of Tanzania,Meteorological year,2015,TZA,939.1273193,26.28549706,1.153
Temperature change on land,United Republic of Tanzania,Meteorological year,2016,TZA,953.0107422,26.47049306,0.985
Temperature change on land,United Republic of Tanzania,Meteorological year,2017,TZA,986.6740112,26.78885992,1.446
Temperature change on land,United Republic of Tanzania,Meteorological year,2018,TZA,1023.106262,27.14882819,1.03
Temperature change on land,United Republic of Tanzania,Meteorological year,2019,TZA,1063.32251,27.45767799,1.377
Temperature change on land,United Republic of Tanzania,Meteorological year,2020,TZA,1117.415283,27.89522662,1.035
Temperature change on land,United Republic of Tanzania,Meteorological year,2021,TZA,1159.856567,28.70735057,1.13
Temperature change on land,United States of America,Meteorological year,1990,USA,23888.60001,144.7944338,0.676
Temperature change on land,United States of America,Meteorological year,1991,USA,24342.2589,143.5162136,0.531
Temperature change on land,United States of America,Meteorological year,1992,USA,25418.99078,142.6863005,0.399
Temperature change on land,United States of America,Meteorological year,1993,USA,26387.29373,142.23465,0.011
Temperature change on land,United States of America,Meteorological year,1994,USA,27694.85342,142.0932548,0.472
Temperature change on land,United States of America,Meteorological year,1995,USA,28690.8757,142.1914836,0.641
Temperature change on land,United States of America,Meteorological year,1996,USA,29967.71272,143.3943442,-0.001
Temperature change on land,United States of America,Meteorological year,1997,USA,31459.12997,146.0977248,0.393
Temperature change on land,United States of America,Meteorological year,1998,USA,32853.67259,149.5377312,1.276
Temperature change on land,United States of America,Meteorological year,1999,USA,34515.38131,152.954344,0.76
Temperature change on land,United States of America,Meteorological year,2000,USA,36329.97026,155.5925727,1.005
Temperature change on land,United States of America,Meteorological year,2001,USA,37133.6204,157.6222712,0.792
Temperature change on land,United States of America,Meteorological year,2002,USA,37997.74243,159.644949,0.954
Temperature change on land,United States of America,Meteorological year,2003,USA,39490.30239,161.5528346,0.991
Temperature change on land,United States of America,Meteorological year,2004,USA,41724.6412,163.2371339,0.866
Temperature change on land,United States of America,Meteorological year,2005,USA,44123.39965,164.5952012,1.155
Temperature change on land,United States of America,Meteorological year,2006,USA,46301.98765,165.885283,1.029
Temperature change on land,United States of America,Meteorological year,2007,USA,48050.22741,167.2973732,1.143
Temperature change on land,United States of America,Meteorological year,2008,USA,48570.05943,168.6218219,0.211
Temperature change on land,United States of America,Meteorological year,2009,USA,47194.95009,169.6468929,0.401
Temperature change on land,United States of America,Meteorological year,2010,USA,48650.66432,170.1681439,0.701
Temperature change on land,United States of America,Meteorological year,2011,USA,50065.97895,169.6167832,0.541
Temperature change on land,United States of America,Meteorological year,2012,USA,51784.41147,167.9912695,1.458
Temperature change on land,United States of America,Meteorological year,2013,USA,53409.75078,165.93511,0.616
Temperature change on land,United States of America,Meteorological year,2014,USA,55304.31553,164.0879455,0.509
Temperature change on land,United States of America,Meteorological year,2015,USA,57040.20821,163.0967549,1.533
Temperature change on land,United States of America,Meteorological year,2016,USA,58206.61419,163.0651161,2.216
Temperature change on land,United States of America,Meteorological year,2017,USA,60322.26142,163.4302903,1.421
Temperature change on land,United States of America,Meteorological year,2018,USA,63201.04585,163.8356237,1.267
Temperature change on land,United States of America,Meteorological year,2019,USA,65604.68152,163.9202506,1.023
Temperature change on land,United States of America,Meteorological year,2020,USA,64411.37318,163.1368881,1.315
Temperature change on land,United States of America,Meteorological year,2021,USA,71318.30736,175.4543136,1.155
Temperature change on land,United States Virgin Islands,Meteorological year,2002,VIR,30062.02251,23.53115715,0.96
Temperature change on land,United States Virgin Islands,Meteorological year,2003,VIR,31731.25662,23.05293929,0.931
Temperature change on land,United States Virgin Islands,Meteorological year,2004,VIR,35006.36144,22.54499877,0.486
Temperature change on land,United States Virgin Islands,Meteorological year,2005,VIR,40828.74609,22.06066037,0.875
Temperature change on land,United States Virgin Islands,Meteorological year,2006,VIR,41377.1466,21.56577861,0.693
Temperature change on land,United States Virgin Islands,Meteorological year,2007,VIR,44158.5054,21.02014199,1.007
Temperature change on land,United States Virgin Islands,Meteorological year,2008,VIR,39152.37507,20.46779315,0.516
Temperature change on land,United States Virgin Islands,Meteorological year,2009,VIR,38753.18254,19.95258412,0.667
Temperature change on land,United States Virgin Islands,Meteorological year,2010,VIR,39905.12842,19.51840575,1.209
Temperature change on land,United States Virgin Islands,Meteorological year,2011,VIR,38997.13732,19.11243431,0.532
Temperature change on land,United States Virgin Islands,Meteorological year,2012,VIR,37795.31926,18.69268439,0.876
Temperature change on land,United States Virgin Islands,Meteorological year,2013,VIR,34597.97669,18.32180962,0.83
Temperature change on land,United States Virgin Islands,Meteorological year,2014,VIR,33045.36438,18.06456302,1.02
Temperature change on land,United States Virgin Islands,Meteorological year,2015,VIR,34007.35294,17.98778131,1.269
Temperature change on land,United States Virgin Islands,Meteorological year,2016,VIR,35324.97489,18.16347401,1.164
Temperature change on land,United States Virgin Islands,Meteorological year,2017,VIR,35365.0693,18.5170697,1.098
Temperature change on land,United States Virgin Islands,Meteorological year,2018,VIR,36663.20876,18.89810803,0.836
Temperature change on land,United States Virgin Islands,Meteorological year,2019,VIR,38633.52989,19.15699533,0.992
Temperature change on land,United States Virgin Islands,Meteorological year,2020,VIR,39787.37417,19.27200845,1.353
Temperature change on land,United States Virgin Islands,Meteorological year,2021,VIR,42571.07774,21.99551327,0.809
Temperature change on land,Uruguay,Meteorological year,1990,URY,2995.361057,78.17291785,0.568
Temperature change on land,Uruguay,Meteorological year,1991,URY,3589.015419,80.05874356,0.313
Temperature change on land,Uruguay,Meteorological year,1992,URY,4101.710542,82.15478601,0.153
Temperature change on land,Uruguay,Meteorological year,1993,URY,4753.009247,84.42317832,0.277
Temperature change on land,Uruguay,Meteorological year,1994,URY,5507.564813,86.82583716,0.44
Temperature change on land,Uruguay,Meteorological year,1995,URY,6050.486323,89.31931218,0.3
Temperature change on land,Uruguay,Meteorological year,1996,URY,6398.435752,92.21835087,0.464
Temperature change on land,Uruguay,Meteorological year,1997,URY,7436.293426,95.61293105,1.109
Temperature change on land,Uruguay,Meteorological year,1998,URY,7836.891833,99.1450497,0.102
Temperature change on land,Uruguay,Meteorological year,1999,URY,7370.569955,102.4536673,0.062
Temperature change on land,Uruguay,Meteorological year,2000,URY,6987.700988,105.1739659,0.341
Temperature change on land,Uruguay,Meteorological year,2001,URY,6382.761047,107.4130892,1.218
Temperature change on land,Uruguay,Meteorological year,2002,URY,4149.761403,109.5074141,0.617
Temperature change on land,Uruguay,Meteorological year,2003,URY,3671.123293,111.4446309,0.323
Temperature change on land,Uruguay,Meteorological year,2004,URY,4168.660654,113.2154861,0.479
Temperature change on land,Uruguay,Meteorological year,2005,URY,5284.25678,114.8133071,0.818
Temperature change on land,Uruguay,Meteorological year,2006,URY,6001.332948,116.3135169,0.587
Temperature change on land,Uruguay,Meteorological year,2007,URY,7222.054036,117.7873093,0.168
Temperature change on land,Uruguay,Meteorological year,2008,URY,9423.965626,119.1908303,0.728
Temperature change on land,Uruguay,Meteorological year,2009,URY,9881.395731,120.4913223,0.543
Temperature change on land,Uruguay,Meteorological year,2010,URY,12641.05768,121.667152,0.29
Temperature change on land,Uruguay,Meteorological year,2011,URY,15132.26757,122.7423675,0.473
Temperature change on land,Uruguay,Meteorological year,2012,URY,16259.59408,123.802874,0.875
Temperature change on land,Uruguay,Meteorological year,2013,URY,18335.25948,124.870693,0.187
Temperature change on land,Uruguay,Meteorological year,2014,URY,18322.42768,125.9641118,1.183
Temperature change on land,Uruguay,Meteorological year,2015,URY,17125.90168,127.1101701,1.094
Temperature change on land,Uruguay,Meteorological year,2016,URY,17009.75869,128.5339302,0.337
Temperature change on land,Uruguay,Meteorological year,2017,URY,19184.66267,130.2195534,1.591
Temperature change on land,Uruguay,Meteorological year,2018,URY,19249.94015,131.798207,1.283
Temperature change on land,Uruguay,Meteorological year,2019,URY,18315.73529,132.8993272,0.864
Temperature change on land,Uruguay,Meteorological year,2020,URY,15789.68574,133.0780039,0.916
Temperature change on land,Uruguay,Meteorological year,2021,URY,17888.21151,131.780474,0.887
Temperature change on land,Uzbekistan,Meteorological year,1992,UZB,602.9205258,52.23860674,0.124
Temperature change on land,Uzbekistan,Meteorological year,1993,UZB,595.7774812,53.08034319,-0.209
Temperature change on land,Uzbekistan,Meteorological year,1994,UZB,574.2290799,53.97839782,-0.02
Temperature change on land,Uzbekistan,Meteorological year,1995,UZB,582.5421367,54.91079038,1.398
Temperature change on land,Uzbekistan,Meteorological year,1996,UZB,597.332287,56.02649919,-0.44
Temperature change on land,Uzbekistan,Meteorological year,1997,UZB,620.5912958,57.38241086,1.551
Temperature change on land,Uzbekistan,Meteorological year,1998,UZB,621.0489043,58.81289716,0.503
Temperature change on land,Uzbekistan,Meteorological year,1999,UZB,697.7635398,60.1535826,1.316
Temperature change on land,Uzbekistan,Meteorological year,2000,UZB,555.1492311,61.2327298,1.399
Temperature change on land,Uzbekistan,Meteorological year,2001,UZB,454.4158123,62.18799584,1.567
Temperature change on land,Uzbekistan,Meteorological year,2002,UZB,381.4092969,63.25596827,1.836
Temperature change on land,Uzbekistan,Meteorological year,2003,UZB,394.1640289,64.41208558,0.148
Temperature change on land,Uzbekistan,Meteorological year,2004,UZB,462.1714929,65.63216191,1.931
Temperature change on land,Uzbekistan,Meteorological year,2005,UZB,542.8358087,66.88935215,1.373
Temperature change on land,Uzbekistan,Meteorological year,2006,UZB,649.118167,68.2895528,1.57
Temperature change on land,Uzbekistan,Meteorological year,2007,UZB,824.0281923,69.86311912,1.377
Temperature change on land,Uzbekistan,Meteorological year,2008,UZB,1074.729288,71.47496321,0.707
Temperature change on land,Uzbekistan,Meteorological year,2009,UZB,1205.799355,72.99073493,1.065
Temperature change on land,Uzbekistan,Meteorological year,2010,UZB,1753.207302,74.27483207,1.787
Temperature change on land,Uzbekistan,Meteorological year,2011,UZB,2087.863861,75.30039257,1.052
Temperature change on land,Uzbekistan,Meteorological year,2012,UZB,2307.346491,76.20000468,0.686
Temperature change on land,Uzbekistan,Meteorological year,2013,UZB,2461.979474,77.07610647,1.541
Temperature change on land,Uzbekistan,Meteorological year,2014,UZB,2674.962838,78.03120059,0.178
Temperature change on land,Uzbekistan,Meteorological year,2015,UZB,2803.19018,79.16861206,1.393
Temperature change on land,Uzbekistan,Meteorological year,2016,UZB,2753.379514,80.90002046,2.276
Temperature change on land,Uzbekistan,Meteorological year,2017,UZB,2190.604116,83.18485037,1.761
Temperature change on land,Uzbekistan,Meteorological year,2018,UZB,1813.085308,85.45124199,1.016
Temperature change on land,Uzbekistan,Meteorological year,2019,UZB,2041.384807,87.12705282,1.912
Temperature change on land,Uzbekistan,Meteorological year,2020,UZB,1978.280519,88.00270972,1.694
Temperature change on land,Uzbekistan,Meteorological year,2021,UZB,2258.519641,85.15036859,1.508
Temperature change on land,Vanuatu,Meteorological year,1990,VUT,1140.590203,88.94748623,0.24
Temperature change on land,Vanuatu,Meteorological year,1991,VUT,1326.373213,90.3332336,-0.102
Temperature change on land,Vanuatu,Meteorological year,1992,VUT,1343.689429,91.60430005,-0.108
Temperature change on land,Vanuatu,Meteorological year,1993,VUT,1257.293875,92.7304432,-0.447
Temperature change on land,Vanuatu,Meteorological year,1994,VUT,1430.993678,93.66931736,-0.172
Temperature change on land,Vanuatu,Meteorological year,1995,VUT,1491.78967,94.39078706,0.241
Temperature change on land,Vanuatu,Meteorological year,1996,VUT,1529.275731,94.99130852,0.32
Temperature change on land,Vanuatu,Meteorological year,1997,VUT,1562.030907,95.53677144,0.008
Temperature change on land,Vanuatu,Meteorological year,1998,VUT,1470.97189,95.98862324,0.743
Temperature change on land,Vanuatu,Meteorological year,1999,VUT,1472.177517,96.27969713,0.931
Temperature change on land,Vanuatu,Meteorological year,2000,VUT,1460.238177,96.36092497,0.659
Temperature change on land,Vanuatu,Meteorological year,2001,VUT,1350.183382,96.04212347,0.481
Temperature change on land,Vanuatu,Meteorological year,2002,VUT,1340.715375,95.31507274,0.48
Temperature change on land,Vanuatu,Meteorological year,2003,VUT,1566.513968,94.40988703,0.217
Temperature change on land,Vanuatu,Meteorological year,2004,VUT,1774.318676,93.55083947,0.33
Temperature change on land,Vanuatu,Meteorological year,2005,VUT,1873.991426,92.96690262,0.423
Temperature change on land,Vanuatu,Meteorological year,2006,VUT,2034.792896,92.57137906,0.304
Temperature change on land,Vanuatu,Meteorological year,2007,VUT,2333.705067,92.15884343,0.763
Temperature change on land,Vanuatu,Meteorological year,2008,VUT,2603.608831,91.78225959,0.61
Temperature change on land,Vanuatu,Meteorological year,2009,VUT,2546.383246,91.49278044,0.318
Temperature change on land,Vanuatu,Meteorological year,2010,VUT,2815.18829,91.34298049,0.792
Temperature change on land,Vanuatu,Meteorological year,2011,VUT,3163.186165,91.37300047,0.509
Temperature change on land,Vanuatu,Meteorological year,2012,VUT,3004.784167,91.53122997,0.196
Temperature change on land,Vanuatu,Meteorological year,2013,VUT,2979.796081,91.72610891,0.52
Temperature change on land,Vanuatu,Meteorological year,2014,VUT,2967.70667,91.87026224,0.455
Temperature change on land,Vanuatu,Meteorological year,2015,VUT,2746.591719,91.87633747,0.461
Temperature change on land,Vanuatu,Meteorological year,2016,VUT,2869.999691,91.45990882,0.97
Temperature change on land,Vanuatu,Meteorological year,2017,VUT,3159.927161,90.65863524,0.89
Temperature change on land,Vanuatu,Meteorological year,2018,VUT,3206.689308,89.86677049,0.261
Temperature change on land,Vanuatu,Meteorological year,2019,VUT,3207.446505,89.47567787,0.653
Temperature change on land,Vanuatu,Meteorological year,2020,VUT,3042.987116,90.23238659,0.991
Temperature change on land,Vanuatu,Meteorological year,2021,VUT,3107.203129,83.37116649,0.903
Temperature change on land,Venezuela (Bolivarian Republic of),Meteorological year,1990,VEN,2451.552311,19.86207537,0.248
Temperature change on land,Venezuela (Bolivarian Republic of),Meteorological year,1991,VEN,2632.539698,20.60143932,0.387
Temperature change on land,Venezuela (Bolivarian Republic of),Meteorological year,1992,VEN,2907.303344,21.28494758,0.421
Temperature change on land,Venezuela (Bolivarian Republic of),Meteorological year,1993,VEN,2824.691444,21.89471536,0.472
Temperature change on land,Venezuela (Bolivarian Republic of),Meteorological year,1994,VEN,2688.983251,22.41272996,0.288
Temperature change on land,Venezuela (Bolivarian Republic of),Meteorological year,1995,VEN,3486.983506,22.82062641,0.71
Temperature change on land,Venezuela (Bolivarian Republic of),Meteorological year,1996,VEN,3112.825848,23.18132043,0.527
Temperature change on land,Venezuela (Bolivarian Republic of),Meteorological year,1997,VEN,3710.826884,23.54034997,0.629
Temperature change on land,Venezuela (Bolivarian Republic of),Meteorological year,1998,VEN,3869.982588,23.85207252,1.087
Temperature change on land,Venezuela (Bolivarian Republic of),Meteorological year,1999,VEN,4070.906192,24.07052451,0.359
Temperature change on land,Venezuela (Bolivarian Republic of),Meteorological year,2000,VEN,4776.281676,24.14801217,0.307
Temperature change on land,Venezuela (Bolivarian Republic of),Meteorological year,2001,VEN,4920.393136,23.97338475,0.601
Temperature change on land,Venezuela (Bolivarian Republic of),Meteorological year,2002,VEN,3652.098965,23.56746823,0.728
Temperature change on land,Venezuela (Bolivarian Republic of),Meteorological year,2003,VEN,3229.505571,23.07533637,0.994
Temperature change on land,Venezuela (Bolivarian Republic of),Meteorological year,2004,VEN,4269.089709,22.64345175,0.732
Temperature change on land,Venezuela (Bolivarian Republic of),Meteorological year,2005,VEN,5432.485418,22.41985084,0.913
Temperature change on land,Venezuela (Bolivarian Republic of),Meteorological year,2006,VEN,6739.380653,22.52409812,0.726
Temperature change on land,Venezuela (Bolivarian Republic of),Meteorological year,2007,VEN,8331.62097,22.88660018,0.774
Temperature change on land,Venezuela (Bolivarian Republic of),Meteorological year,2008,VEN,11262.45143,23.37104187,0.626
Temperature change on land,Venezuela (Bolivarian Republic of),Meteorological year,2009,VEN,11596.60219,23.84229629,0.907
Temperature change on land,Venezuela (Bolivarian Republic of),Meteorological year,2010,VEN,13646.30466,24.16576141,1.268
Temperature change on land,Venezuela (Bolivarian Republic of),Meteorological year,2011,VEN,10843.92297,24.39346071,0.674
Temperature change on land,Venezuela (Bolivarian Republic of),Meteorological year,2012,VEN,12901.41716,24.64820633,0.667
Temperature change on land,Venezuela (Bolivarian Republic of),Meteorological year,2013,VEN,12403.1467,24.90172983,1.007
Temperature change on land,Venezuela (Bolivarian Republic of),Meteorological year,2014,VEN,15943.61272,25.12535992,1.065
Temperature change on land,Viet Nam,Meteorological year,1990,VNM,98.79833703,54.77849123,0.303
Temperature change on land,Viet Nam,Meteorological year,1991,VNM,143.7152702,54.61028837,0.528
Temperature change on land,Viet Nam,Meteorological year,1992,VNM,144.5493924,54.40137558,0.013
Temperature change on land,Viet Nam,Meteorological year,1993,VNM,189.4185736,54.16387958,0.245
Temperature change on land,Viet Nam,Meteorological year,1994,VNM,229.8577873,53.90945639,0.282
Temperature change on land,Viet Nam,Meteorological year,1995,VNM,287.802661,53.6509725,0.293
Temperature change on land,Viet Nam,Meteorological year,1996,VNM,337.0512318,53.30921466,-0.054
Temperature change on land,Viet Nam,Meteorological year,1997,VNM,361.6438841,52.85026634,0.267
Temperature change on land,Viet Nam,Meteorological year,1998,VNM,361.3509284,52.35483574,1.273
Temperature change on land,Viet Nam,Meteorological year,1999,VNM,375.9944559,51.90089499,0.723
Temperature change on land,Viet Nam,Meteorological year,2000,VNM,404.0297841,51.5676663,0.112
Temperature change on land,Viet Nam,Meteorological year,2001,VNM,419.2056776,51.33043488,0.65
Temperature change on land,Viet Nam,Meteorological year,2002,VNM,445.1328618,51.12304589,0.659
Temperature change on land,Viet Nam,Meteorological year,2003,VNM,497.1170892,50.96353498,1.001
Temperature change on land,Viet Nam,Meteorological year,2004,VNM,565.4522846,50.8693925,0.354
Temperature change on land,Viet Nam,Meteorological year,2005,VNM,710.74676,50.86015391,0.814
Temperature change on land,Viet Nam,Meteorological year,2006,VNM,807.7566451,50.99806752,0.895
Temperature change on land,Viet Nam,Meteorological year,2007,VNM,925.6403383,51.2896463,0.553
Temperature change on land,Viet Nam,Meteorological year,2008,VNM,1163.831958,51.67120441,0.248
Temperature change on land,Viet Nam,Meteorological year,2009,VNM,1226.169761,52.0792993,0.739
Temperature change on land,Viet Nam,Meteorological year,2010,VNM,1683.161824,52.45182229,1.154
Temperature change on land,Viet Nam,Meteorological year,2011,VNM,1950.925042,52.78305914,0.177
Temperature change on land,Viet Nam,Meteorological year,2012,VNM,2185.117677,53.11977837,0.81
Temperature change on land,Viet Nam,Meteorological year,2013,VNM,2359.517365,53.47932071,0.96
Temperature change on land,Viet Nam,Meteorological year,2014,VNM,2546.384645,53.87874921,0.609
Temperature change on land,Viet Nam,Meteorological year,2015,VNM,2577.568853,54.33654729,1.256
Temperature change on land,Viet Nam,Meteorological year,2016,VNM,2735.060438,55.0170286,1.217
Temperature change on land,Viet Nam,Meteorological year,2017,VNM,2956.109921,55.93220822,1.186
Temperature change on land,Viet Nam,Meteorological year,2018,VNM,3222.310031,56.87250961,0.877
Temperature change on land,Viet Nam,Meteorological year,2019,VNM,3440.900254,57.62906845,1.856
Temperature change on land,Viet Nam,Meteorological year,2020,VNM,3534.039535,58.25277564,1.575
Temperature change on land,Viet Nam,Meteorological year,2021,VNM,3704.193559,61.3588469,1.199
Temperature change on land,Yemen,Meteorological year,1990,YEM,910.422466,32.48906347,0.335
Temperature change on land,Yemen,Meteorological year,1997,YEM,382.5849287,33.26354194,0.004
Temperature change on land,Zambia,Meteorological year,1990,ZMB,422.3362988,34.81760908,0.8
Temperature change on land,Zambia,Meteorological year,1991,ZMB,423.0712568,34.90166303,0.02
Temperature change on land,Zambia,Meteorological year,1992,ZMB,389.2546658,34.99247968,0.686
Temperature change on land,Zambia,Meteorological year,1993,ZMB,390.9169616,35.08953559,-0.052
Temperature change on land,Zambia,Meteorological year,1994,ZMB,426.3868394,35.19205546,0.253
Temperature change on land,Zambia,Meteorological year,1995,ZMB,433.3126991,35.29901427,0.644
Temperature change on land,Zambia,Meteorological year,1996,ZMB,399.5113047,35.43083776,0.654
Temperature change on land,Zambia,Meteorological year,1997,ZMB,465.8719422,35.58315496,0.537
Temperature change on land,Zambia,Meteorological year,1998,ZMB,373.0847631,35.71886336,1.079
Temperature change on land,Zambia,Meteorological year,1999,ZMB,349.5157231,35.80088018,0.279
Temperature change on land,Zambia,Meteorological year,2000,ZMB,359.429501,35.79149426,0.173
Temperature change on land,Zambia,Meteorological year,2001,ZMB,396.548953,35.68850058,0.388
Temperature change on land,Zambia,Meteorological year,2002,ZMB,393.8646255,35.53003775,0.78
Temperature change on land,Zambia,Meteorological year,2003,ZMB,446.2901048,35.33894412,0.988
Temperature change on land,Zambia,Meteorological year,2004,ZMB,548.6859746,35.13860881,0.422
Temperature change on land,Zambia,Meteorological year,2005,ZMB,710.9820682,34.95268255,1.22
Temperature change on land,Zambia,Meteorological year,2006,ZMB,1051.717149,34.76445965,0.634
Temperature change on land,Zambia,Meteorological year,2007,ZMB,1118.731626,34.56101727,0.867
Temperature change on land,Zambia,Meteorological year,2008,ZMB,1375.50211,34.37370424,0.31
Temperature change on land,Zambia,Meteorological year,2009,ZMB,1136.241683,34.23390372,0.396
Temperature change on land,Zambia,Meteorological year,2010,ZMB,1451.10616,34.17253801,1.441
Temperature change on land,Zambia,Meteorological year,2011,ZMB,1624.868178,34.19789777,0.972
Temperature change on land,Zambia,Meteorological year,2012,ZMB,1710.050613,34.28297736,1.021
Temperature change on land,Zambia,Meteorological year,2013,ZMB,1820.718548,34.40634584,0.949
Temperature change on land,Zambia,Meteorological year,2014,ZMB,1707.485731,34.5466835,0.763
Temperature change on land,Zambia,Meteorological year,2015,ZMB,1295.877887,34.68231243,1.874
Temperature change on land,Zambia,Meteorological year,2016,ZMB,1239.085279,34.84164021,1.428
Temperature change on land,Zambia,Meteorological year,2017,ZMB,1483.465773,35.05070635,0.568
Temperature change on land,Zambia,Meteorological year,2018,ZMB,1463.899979,35.28447447,0.825
Temperature change on land,Zambia,Meteorological year,2019,ZMB,1258.986198,35.51751285,1.287
Temperature change on land,Zambia,Meteorological year,2020,ZMB,951.6443167,36.12846189,1.217
Temperature change on land,Zambia,Meteorological year,2021,ZMB,1127.160779,35.58235126,1.183
Temperature change on land,Zimbabwe,Meteorological year,1990,ZWE,866.4864573,57.59534095,0.596
Temperature change on land,Zimbabwe,Meteorological year,1991,ZWE,830.527104,58.14126018,0.329
Temperature change on land,Zimbabwe,Meteorological year,1992,ZWE,630.8195315,58.75967779,1.107
Temperature change on land,Zimbabwe,Meteorological year,1993,ZWE,604.38667,59.43976059,0.441
Temperature change on land,Zimbabwe,Meteorological year,1994,ZWE,633.7332114,60.17245004,0.102
Temperature change on land,Zimbabwe,Meteorological year,1995,ZWE,647.9754477,60.94684096,0.829
Temperature change on land,Zimbabwe,Meteorological year,1996,ZWE,766.5236289,61.92949433,-0.151
Temperature change on land,Zimbabwe,Meteorological year,1997,ZWE,750.1936133,63.16600743,0.258
Temperature change on land,Zimbabwe,Meteorological year,1998,ZWE,552.1652757,64.45916387,1.09
Temperature change on land,Zimbabwe,Meteorological year,1999,ZWE,582.0034408,65.62238187,0.313
Temperature change on land,Zimbabwe,Meteorological year,2000,ZWE,562.5569004,66.46593152,-0.132
Temperature change on land,Zimbabwe,Meteorological year,2001,ZWE,566.1076466,67.28365832,0.253
Temperature change on land,Zimbabwe,Meteorological year,2002,ZWE,524.6772388,68.36813661,0.674
Temperature change on land,Zimbabwe,Meteorological year,2003,ZWE,468.2341858,69.52060699,0.565
Temperature change on land,Zimbabwe,Meteorological year,2004,ZWE,469.4846536,70.53476852,0.156
Temperature change on land,Zimbabwe,Meteorological year,2005,ZWE,461.0282813,71.20579783,1.283
Temperature change on land,Zimbabwe,Meteorological year,2006,ZWE,430.8091793,71.33847166,-0.028
Temperature change on land,Zimbabwe,Meteorological year,2007,ZWE,413.3025717,71.05719337,0.404
Temperature change on land,Zimbabwe,Meteorological year,2008,ZWE,340.7401829,70.63632425,0.323
Temperature change on land,Zimbabwe,Meteorological year,2009,ZWE,735.4445517,70.34679216,-0.019
Temperature change on land,Zimbabwe,Meteorological year,2010,ZWE,901.5544436,70.46157392,1.052
Temperature change on land,Zimbabwe,Meteorological year,2011,ZWE,1037.25491,71.07259102,0.488
Temperature change on land,Zimbabwe,Meteorological year,2012,ZWE,1238.60109,71.95928743,0.595
Temperature change on land,Zimbabwe,Meteorological year,2013,ZWE,1362.300668,72.92329895,0.382
Temperature change on land,Zimbabwe,Meteorological year,2014,ZWE,1372.212781,73.76955663,0.315
Temperature change on land,Zimbabwe,Meteorological year,2015,ZWE,1386.422847,74.30214983,1.202
Temperature change on land,Zimbabwe,Meteorological year,2016,ZWE,1407.415364,74.5866147,1.499
Temperature change on land,Zimbabwe,Meteorological year,2017,ZWE,3448.082537,74.83500712,0.338
Temperature change on land,Zimbabwe,Meteorological year,2018,ZWE,2271.853335,75.06771422,0.67
Temperature change on land,Zimbabwe,Meteorological year,2019,ZWE,1684.027904,75.30787707,1.235
Temperature change on land,Zimbabwe,Meteorological year,2020,ZWE,1730.413489,76.03639596,0.669
Temperature change on land,Zimbabwe,Meteorological year,2021,ZWE,1724.387731,75.07067082,0.233
