Country.Code,Years,TotalGHGEmission.percapita,GDP,SelfHarm.inc.rate
AFG,2000,1.15978245162138e-06,174.9309914,37.91253706
AFG,2001,1.0667162550833e-06,138.7068217,37.84270604
AFG,2002,1.13144202550674e-06,178.9540884,37.63791964
AFG,2003,1.08952389096597e-06,198.8711157,37.2965987
AFG,2004,1.04957188370068e-06,221.7636539,36.95969164
AFG,2005,1.02450086494057e-06,254.1842491,36.67794579
AFG,2006,9.91048097918455e-07,274.2185536,36.35059048
AFG,2007,1.01459861677326e-06,376.223152,35.98862648
AFG,2008,1.11575809978332e-06,381.733238,35.62931576
AFG,2009,1.18306926782218e-06,452.0537055,35.24537401
AFG,2010,1.28581479148931e-06,560.6215055,34.89970154
AFG,2011,1.37822687890993e-06,606.6946763,34.56734941
AFG,2012,1.25406601314645e-06,651.4171345,34.20682081
AFG,2013,1.16010003445626e-06,637.0870991,33.87631739
AFG,2014,1.12376836634375e-06,625.0549418,33.61218681
AFG,2015,1.0888997688681e-06,565.5697304,33.45445196
AFG,2016,1.0393217272364e-06,522.0822156,33.41336167
AFG,2017,1.04018234223016e-06,525.4697709,33.43873572
AFG,2018,1.00656889050467e-06,491.3372214,33.49578695
AFG,2019,9.61902567883276e-07,496.6025043,33.55618494
AFG,2020,9.23428277969588e-07,510.7870634,34.03134365
ALB,2000,2.77747653225433e-06,1126.68334,51.68325156
ALB,2001,2.86500142312216e-06,1281.659826,53.05031414
ALB,2002,3.07747270575973e-06,1425.124219,54.34470161
ALB,2003,3.15118751842338e-06,1846.120121,55.54672931
ALB,2004,3.23333241931866e-06,2373.581292,56.62930214
ALB,2005,3.11387696510063e-06,2673.787816,57.56642628
ALB,2006,3.14872247620505e-06,2972.743621,58.47277659
ALB,2007,3.15722098560379e-06,3595.038295,59.40453609
ALB,2008,3.10842346624757e-06,4370.539716,60.24875146
ALB,2009,3.12230253672137e-06,4114.134033,60.89344803
ALB,2010,3.27776559111658e-06,4094.349686,61.22623065
ALB,2011,4.39874087625788e-06,4437.141161,61.1075312
ALB,2012,4.64053074040452e-06,4247.631343,60.62217545
ALB,2013,3.35896061334148e-06,4413.063383,59.9948256
ALB,2014,3.49578969812094e-06,4578.633208,59.45350541
ALB,2015,3.48522565498769e-06,3952.803574,59.22547891
ALB,2016,3.35749683338659e-06,4124.05539,59.65937225
ALB,2017,3.64164140963307e-06,4531.032207,60.63104635
ALB,2018,3.64669533934138e-06,5365.489347,61.67347031
ALB,2019,3.47510029987482e-06,5460.428237,62.30542836
ALB,2020,3.26564239323516e-06,5370.778623,62.7092877
DZA,2000,4.85976637312328e-06,1772.928691,41.27253154
DZA,2001,4.45460775371633e-06,1896.300209,40.75608401
DZA,2002,4.3818249189352e-06,1937.464114,40.19263216
DZA,2003,4.75357922524301e-06,2283.772993,39.5997183
DZA,2004,4.63121476868261e-06,2816.99385,38.99453674
DZA,2005,4.72195548742286e-06,3233.133396,38.39473876
DZA,2006,4.89812097524868e-06,3660.661047,37.74421489
DZA,2007,4.81082508107187e-06,4167.451699,37.02586404
DZA,2008,4.95801457226551e-06,5180.918815,36.31476716
DZA,2009,4.75662111309114e-06,4235.429905,35.68585446
DZA,2010,4.88480289561503e-06,4912.785855,35.21352784
DZA,2011,4.97204916970198e-06,5916.313644,34.8366023
DZA,2012,5.30736649251347e-06,6033.648847,34.47028146
DZA,2013,5.33119665656718e-06,5979.60139,34.15341666
DZA,2014,5.55383567991567e-06,6094.693923,33.92623416
DZA,2015,5.69810804120158e-06,4685.059027,33.82743569
DZA,2016,5.53128548208488e-06,4424.98529,33.9306246
DZA,2017,5.54156355567408e-06,4554.66754,34.21206503
DZA,2018,5.64063292736966e-06,4577.210292,34.56565272
DZA,2019,5.68793122348482e-06,4468.453419,34.88634876
DZA,2020,5.29003039387935e-06,3743.541952,35.36358232
AGO,2000,6.61232888021509e-06,563.7337956,32.4299684
AGO,2001,6.26386798324831e-06,533.5862024,32.26920753
AGO,2002,5.94819889242074e-06,882.1478472,32.05865983
AGO,2003,5.7539878036384e-06,992.6989793,31.8273755
AGO,2004,5.83032439638604e-06,1266.210864,31.60461132
AGO,2005,5.52123845734324e-06,1916.468422,31.41941102
AGO,2006,4.95350576926757e-06,2617.05196,31.24936192
AGO,2007,4.7045558159682e-06,3141.04598,31.0645822
AGO,2008,4.68732180017707e-06,4103.0669,30.88412429
AGO,2009,4.58688116092008e-06,3136.64547,30.72720959
AGO,2010,4.7131025882358e-06,3597.342932,30.61229721
AGO,2011,5.74277308381677e-06,4615.910598,30.53575554
AGO,2012,5.60060346197863e-06,5086.027401,30.48391763
AGO,2013,5.5653601940256e-06,5057.747878,30.46357597
AGO,2014,5.43902862249592e-06,5005.999741,30.48183514
AGO,2015,5.40295800119029e-06,3213.902611,30.54593656
AGO,2016,5.11621635420811e-06,1807.952941,30.68366523
AGO,2017,4.7571313344847e-06,2437.259712,30.89445097
AGO,2018,4.47050858137105e-06,2538.591391,31.14369727
AGO,2019,4.33413624172649e-06,2189.855714,31.39628582
AGO,2020,3.94873632378121e-06,1449.922867,31.85300333
ATG,2000,2.47623878684323e-06,12021.46321,12.1055528
ATG,2001,2.4057106048456e-06,11535.77429,12.22909144
ATG,2002,2.60541073839443e-06,11657.34875,12.37059183
ATG,2003,2.76179959940424e-06,12171.37738,12.51709318
ATG,2004,2.77823651215081e-06,13036.00759,12.655576
ATG,2005,2.82749871248948e-06,14366.29128,12.77298962
ATG,2006,3.08545481613816e-06,16172.25135,12.87934689
ATG,2007,3.26911779105062e-06,18203.51513,12.98522465
ATG,2008,3.43376109610189e-06,18785.46822,13.07776904
ATG,2009,3.76842930630962e-06,16471.36783,13.14385545
ATG,2010,3.60173464603844e-06,15216.30984,13.17086117
ATG,2011,2.77069916137701e-06,14841.97096,13.15078805
ATG,2012,2.90396516158606e-06,15208.65697,13.10046087
ATG,2013,3.26012899709302e-06,15050.71228,13.04426455
ATG,2014,3.46758294372782e-06,15533.48313,13.00688818
ATG,2015,3.57122884720777e-06,16080.65805,13.01322987
ATG,2016,3.82576220698241e-06,16557.84317,13.27996284
ATG,2017,3.38351682362824e-06,16924.78945,13.83947112
ATG,2018,3.56223742383917e-06,18273.42707,14.44264443
ATG,2019,4.02346657326737e-06,18884.37297,14.84255856
ATG,2020,3.28484637327701e-06,15360.45442,15.01917956
ARG,2000,1.00292809283736e-05,7637.014892,82.04869785
ARG,2001,9.76985806578502e-06,7141.475077,83.91113292
ARG,2002,1.00173631686411e-05,2569.699635,85.79294796
ARG,2003,1.05071215123812e-05,3320.477751,87.51470222
ARG,2004,1.10463012131415e-05,4242.020991,88.89677037
ARG,2005,1.07448113612769e-05,5067.653423,89.75954216
ARG,2006,1.13736987538399e-05,5869.38029,90.12486855
ARG,2007,1.15957405150437e-05,7185.251551,90.23185282
ARG,2008,1.09361068042795e-05,8944.110266,90.22924072
ARG,2009,9.6838927078171e-06,8150.23527,90.26707448
ARG,2010,9.70968226798358e-06,10260.13131,90.4964628
ARG,2011,9.46441057965534e-06,12704.28318,91.03278376
ARG,2012,1.03922892521394e-05,12949.71749,91.78608045
ARG,2013,1.03947435628124e-05,12963.67577,92.60302097
ARG,2014,9.6257371832619e-06,12233.14441,93.33123308
ARG,2015,9.16065483064936e-06,13679.6265,93.81891153
ARG,2016,8.94305696635922e-06,12699.96231,94.10039092
ARG,2017,9.15553231019948e-06,14532.50093,94.3270295
ARG,2018,9.02705330180919e-06,11752.79989,94.52342836
ARG,2019,8.89878509472197e-06,9955.974787,94.7124553
ARG,2020,8.55451627297021e-06,8535.59938,94.78805239
ARM,2000,1.22315358107479e-06,593.4505817,28.44647785
ARM,2001,1.26713992153932e-06,659.5889885,29.62637466
ARM,2002,1.11985124070254e-06,742.6511183,31.16718781
ARM,2003,1.26070699135899e-06,882.0301677,32.8750913
ARM,2004,1.39723214003602e-06,1130.087914,34.55575435
ARM,2005,1.62398296465802e-06,1557.484589,36.01377512
ARM,2006,1.65610309871766e-06,2041.652671,37.34263916
ARM,2007,1.93483297933964e-06,2962.702346,38.71405641
ARM,2008,2.135110621619e-06,3777.668593,40.05877837
ARM,2009,1.76474233529028e-06,2820.592655,41.30679758
ARM,2010,1.7261232264845e-06,3041.344507,42.38697159
ARM,2011,1.92902671818752e-06,3349.553098,43.397991
ARM,2012,2.22281009225885e-06,3511.563997,44.42012597
ARM,2013,2.1379219060225e-06,3680.166922,45.36568311
ARM,2014,2.37756320923751e-06,3852.118006,46.1460757
ARM,2015,2.35768488317913e-06,3512.393503,46.67041744
ARM,2016,2.19653778030278e-06,3524.424769,47.07823794
ARM,2017,2.27740484661341e-06,3869.053739,47.50926417
ARM,2018,2.32815762883126e-06,4196.005623,47.88864899
ARM,2019,2.49407594936709e-06,4597.228874,48.14124052
ARM,2020,2.67121391186899e-06,4268.680933,48.24483431
AUS,2000,3.07898153546398e-05,21870.41597,113.3499978
AUS,2001,3.14846181012095e-05,19695.72974,112.9880216
AUS,2002,3.13225453842251e-05,20301.84317,112.5639685
AUS,2003,3.10194137267791e-05,23718.13385,112.118001
AUS,2004,3.06899880508041e-05,30836.73068,111.6908341
AUS,2005,3.16793895021441e-05,34479.76793,111.3234793
AUS,2006,3.17166729434688e-05,36595.70715,110.9112551
AUS,2007,3.19303903249252e-05,41051.61207,110.3970627
AUS,2008,3.0593120239497e-05,49701.28178,109.8965122
AUS,2009,3.02350908895694e-05,42816.5674,109.5288866
AUS,2010,2.93248924847096e-05,52144.66547,109.4140031
AUS,2011,2.81262320935734e-05,62605.60046,109.5400134
AUS,2012,2.70505178159159e-05,68072.87323,109.785676
AUS,2013,2.61002478842971e-05,68190.701,110.1003017
AUS,2014,2.54293399562424e-05,62544.08738,110.4363524
AUS,2015,2.43820256092597e-05,56739.02653,110.7476813
AUS,2016,2.27425908420879e-05,49888.04108,111.1713875
AUS,2017,2.23982892731745e-05,53901.71454,111.7565809
AUS,2018,2.23263205467812e-05,57196.42208,112.3233902
AUS,2019,2.1728631568261e-05,54972.70179,112.6896725
AUS,2020,2.0583457261593e-05,51791.54018,112.8566903
AUT,2000,8.33919361083713e-06,24487.29747,123.5785292
AUT,2001,8.56407494728183e-06,24430.49598,121.2188327
AUT,2002,9.37432604504082e-06,26334.86222,118.399444
AUT,2003,1.11644350996125e-05,32110.11597,115.3770911
AUT,2004,1.05480982177361e-05,36614.25065,112.4044653
AUT,2005,1.03666349896188e-05,38157.37023,109.730242
AUT,2006,1.07131147669853e-05,40382.20783,107.1589103
AUT,2007,1.02735258339866e-05,46622.96229,104.4626964
AUT,2008,1.03500260049395e-05,51581.39824,101.8449305
AUT,2009,9.60584889258153e-06,47857.44466,99.51166307
AUT,2010,1.01642704334264e-05,46611.13934,97.66172066
AUT,2011,9.87744593043341e-06,51116.89535,96.10494091
AUT,2012,9.51024740121312e-06,48250.40591,94.59178134
AUT,2013,9.6648715427197e-06,50305.35458,93.23577868
AUT,2014,9.18228774930508e-06,51314.97226,92.15070796
AUT,2015,9.23345820559064e-06,43915.22802,91.44847079
AUT,2016,9.21457699891995e-06,45061.49939,91.00546171
AUT,2017,9.34386851999746e-06,47163.74258,90.63779442
AUT,2018,8.9245758253388e-06,51194.07498,90.3562208
AUT,2019,9.08309984774638e-06,49885.99474,90.16351436
AUT,2020,8.50603979156798e-06,48716.40989,90.07902779
AZE,2000,4.54349824814253e-06,655.0972496,21.84119517
AZE,2001,4.43061445901963e-06,703.6709986,22.00272283
AZE,2002,4.38072920172052e-06,763.1088955,22.20262459
AZE,2003,4.68992361035207e-06,883.6925807,22.43775212
AZE,2004,4.65005718413291e-06,1045.013633,22.70380489
AZE,2005,4.94722856104435e-06,1578.36733,22.99746692
AZE,2006,5.10128409874419e-06,2472.957257,23.50900241
AZE,2007,5.09675690163495e-06,3851.330152,24.29645126
AZE,2008,5.50804482278568e-06,5574.468104,25.16180323
AZE,2009,4.76619445789055e-06,4950.39949,25.90380769
AZE,2010,4.59348077804083e-06,5843.533768,26.32036372
AZE,2011,4.79606527010224e-06,7189.818692,26.47180158
AZE,2012,5.06487672260887e-06,7495.865277,26.56948743
AZE,2013,5.13226306895516e-06,7875.345367,26.64254492
AZE,2014,5.25773305076969e-06,7890.840281,26.71819633
AZE,2015,5.18133829035579e-06,5500.503646,26.82539071
AZE,2016,5.09973957276488e-06,3880.685228,27.23469617
AZE,2017,5.0256174299396e-06,4147.198142,27.98547393
AZE,2018,5.05393937144025e-06,4739.794312,28.7635585
AZE,2019,5.28858772243361e-06,4805.753718,29.25769456
AZE,2020,5.08846569856836e-06,4229.910649,29.3500832
BHS,2000,-8.96E-06,24940.07751,11.67839054
BHS,2001,-8.85E-06,25371.92377,11.70419727
BHS,2002,-8.44E-06,26781.61959,11.71655577
BHS,2003,-9.17E-06,26429.12478,11.72033541
BHS,2004,-8.84E-06,26650.29342,11.7203906
BHS,2005,-8.77E-06,28602.41819,11.72156272
BHS,2006,-7.95E-06,29184.78651,11.7108547
BHS,2007,-7.20E-06,30051.84896,11.68103664
BHS,2008,-6.94E-06,29392.38244,11.645239
BHS,2009,-7.51E-06,27512.9131,11.61655638
BHS,2010,-6.99E-06,27473.10043,11.60796743
BHS,2011,-8.04E-06,27090.83768,11.60991829
BHS,2012,-7.52E-06,28552.02427,11.60764042
BHS,2013,-7.23E-06,27432.95343,11.6063908
BHS,2014,-7.05E-06,28705.61708,11.61140413
BHS,2015,-7.02E-06,30289.40225,11.62775711
BHS,2016,-6.64E-06,30266.58592,11.83702582
BHS,2017,-6.25E-06,31337.18325,12.28057317
BHS,2018,-5.78E-06,32124.40511,12.75295116
BHS,2019,-5.15E-06,32979.54013,13.04827817
BHS,2020,-5.98E-06,25155.67254,13.1406035
BHR,2000,5.89212054292624e-05,14214.48368,42.20955499
BHR,2001,5.83536463657314e-05,13573.23399,42.94465667
BHR,2002,5.36112014163616e-05,13501.47088,43.61308221
BHR,2003,4.9364762327064e-05,14486.0269,44.17614747
BHR,2004,4.57369488710651e-05,15963.94932,44.62059582
BHR,2005,4.62778824106514e-05,17966.16578,44.9389687
BHR,2006,4.45116948347813e-05,19267.28262,45.01431657
BHR,2007,4.22018772340866e-05,20908.40425,44.78067637
BHR,2008,4.2908628576814e-05,23299.49928,44.33882908
BHR,2009,4.06753138749931e-05,19465.31407,43.82807006
BHR,2010,3.92940255245441e-05,21819.32911,43.39638758
BHR,2011,4.07045070375391e-05,25032.78677,42.88094897
BHR,2012,4.33476927352675e-05,26438.67332,42.14917402
BHR,2013,4.54639396548491e-05,26989.76011,41.38024752
BHR,2014,4.47358892163321e-05,26451.79656,40.77011977
BHR,2015,4.30495898044401e-05,23734.05511,40.50616257
BHR,2016,4.15980322056351e-05,23800.00144,40.58223608
BHR,2017,3.93438615003771e-05,24784.76935,40.78594629
BHR,2018,3.9331484254779e-05,26324.40665,41.04286299
BHR,2019,4.2460687606318e-05,27259.74386,41.27426967
BHR,2020,4.29053989800327e-05,24342.84446,41.69900278
BGD,2000,1.08801558778735e-06,396.6707302,44.58987318
BGD,2001,1.11658415676937e-06,394.65641,43.49721559
BGD,2002,1.12763604050503e-06,393.8864223,42.39445266
BGD,2003,1.13370576767593e-06,426.7488075,41.3334037
BGD,2004,1.12489774172183e-06,455.6140169,40.36485626
BGD,2005,1.14973220682366e-06,480.0858508,39.53771687
BGD,2006,1.1714617681616e-06,490.3880265,38.80354698
BGD,2007,1.1915532150917e-06,537.9554928,38.09527346
BGD,2008,1.25021923506511e-06,613.062041,37.43403124
BGD,2009,1.27343720059811e-06,679.2114774,36.84158935
BGD,2010,1.31734619144018e-06,757.3852804,36.34010523
BGD,2011,1.33766235220593e-06,837.3369447,35.89247927
BGD,2012,1.35668512913395e-06,859.6805364,35.45505855
BGD,2013,1.36229721664639e-06,958.2629898,35.03959977
BGD,2014,1.39241413516541e-06,1094.461997,34.65856948
BGD,2015,1.43640691217484e-06,1224.386477,34.32450036
BGD,2016,1.46750988602015e-06,1649.283809,33.95485577
BGD,2017,1.52876558563291e-06,1811.082217,33.55227184
BGD,2018,1.54680528536692e-06,1965.243727,33.25590177
BGD,2019,1.55367505622887e-06,2129.79897,33.20496951
BGD,2020,1.51495245668102e-06,2248.850788,33.6566961
BRB,2000,3.03285851112137e-06,11674.67365,16.93247439
BRB,2001,2.8796799085453e-06,11639.51605,16.78865029
BRB,2002,2.96311158895771e-06,11760.45247,16.57684124
BRB,2003,3.05219432905906e-06,12075.9587,16.3388635
BRB,2004,3.01161998967445e-06,12886.36653,16.11719039
BRB,2005,3.04198640893765e-06,14214.42022,15.95484027
BRB,2006,3.16293953378123e-06,15619.6006,15.82443119
BRB,2007,3.02409247736723e-06,17235.43964,15.68001484
BRB,2008,3.50770404159669e-06,17565.693,15.53671311
BRB,2009,3.46194956278751e-06,16294.90995,15.40976585
BRB,2010,3.50817277823596e-06,18860.38337,15.31401094
BRB,2011,2.98617725131184e-06,19345.99531,15.23992301
BRB,2012,2.83095855390015e-06,19034.0708,15.172459
BRB,2013,3.1275097689662e-06,19308.00911,15.11802403
BRB,2014,2.89529653527239e-06,19277.94236,15.08304381
BRB,2015,3.07358686691279e-06,18954.29137,15.07383392
BRB,2016,3.26289887624375e-06,19065.80698,15.20597498
BRB,2017,2.93535019684407e-06,19692.76067,15.49779785
BRB,2018,3.13489674433848e-06,20055.91587,15.8099906
BRB,2019,3.4732421312414e-06,20583.72658,16.00348225
BRB,2020,2.87435480550093e-06,18347.11091,16.06288182
BLR,2000,4.54404530838379e-06,1276.280381,164.2174517
BLR,2001,4.5202476212788e-06,1244.373185,165.4934955
BLR,2002,4.69237998740668e-06,1479.380663,166.4218406
BLR,2003,5.06118917612363e-06,1819.526531,166.9788102
BLR,2004,5.24666330803258e-06,2378.337005,167.1541723
BLR,2005,5.08467841449351e-06,3126.071767,166.9314803
BLR,2006,5.13375222958558e-06,3848.223503,165.992264
BLR,2007,4.76717122236664e-06,4735.481076,164.3145389
BLR,2008,5.54501292770717e-06,6376.175692,162.2657876
BLR,2009,4.94125833821431e-06,5352.488092,160.2283823
BLR,2010,5.14098936337575e-06,6034.678852,158.5899133
BLR,2011,4.96923208791539e-06,6527.659343,157.0944234
BLR,2012,5.33902568013248e-06,6953.215917,155.2667532
BLR,2013,5.12647657666444e-06,7998.080205,153.1125919
BLR,2014,5.10578646485718e-06,8341.290143,150.6306942
BLR,2015,4.7912415036091e-06,5967.06856,147.8322186
BLR,2016,5.10233036400803e-06,5039.775609,142.5518904
BLR,2017,5.62494575265919e-06,5785.533977,134.657685
BLR,2018,5.67373872802485e-06,6360.053101,127.1957409
BLR,2019,5.90800740316259e-06,6837.768321,123.2286255
BLR,2020,5.36875881667625e-06,6542.86454,123.1632972
BEL,2000,1.45806511401049e-05,23098.88651,150.8122185
BEL,2001,1.45641064028145e-05,23015.07126,150.6652225
BEL,2002,1.3680774350768e-05,25006.1914,150.3005548
BEL,2003,1.39893253103059e-05,30655.20927,149.7397849
BEL,2004,1.38481722291915e-05,35429.40779,149.0155086
BEL,2005,1.34767593853273e-05,36809.70134,148.1479206
BEL,2006,1.3058537017307e-05,38705.1068,146.6461772
BEL,2007,1.27349633435915e-05,44319.16545,144.3651665
BEL,2008,1.28113861724955e-05,48303.39796,141.8315125
BEL,2009,1.20342040697845e-05,44923.34001,139.583775
BEL,2010,1.27717774886087e-05,44197.39367,138.1564544
BEL,2011,1.16746890634252e-05,47760.82988,137.4334661
BEL,2012,1.14356421737344e-05,44874.17092,136.8893246
BEL,2013,1.14509489617145e-05,46964.59468,136.4104922
BEL,2014,1.07947706930208e-05,47995.7787,135.8925772
BEL,2015,1.11557400634156e-05,40893.80454,135.2342219
BEL,2016,1.10203203093133e-05,41854.54983,133.9360836
BEL,2017,1.08112432372368e-05,44035.32394,132.0085322
BEL,2018,1.08046745906688e-05,47487.21004,130.1028645
BEL,2019,1.07166258449401e-05,46716.62275,128.8634418
BEL,2020,9.99815922272746e-06,45906.28758,128.514835
BLZ,2000,-3.05E-05,4729.670804,19.22948381
BLZ,2001,-2.46E-05,4721.816257,19.31905433
BLZ,2002,-3.40E-05,4861.743142,19.44039752
BLZ,2003,-4.29E-05,4962.08962,19.56191572
BLZ,2004,-3.99E-05,5156.098171,19.65193833
BLZ,2005,-3.83E-05,5272.744172,19.67897124
BLZ,2006,-3.65E-05,5527.167759,19.63838613
BLZ,2007,-3.21E-05,5765.281999,19.55944399
BLZ,2008,-3.09E-05,5713.281268,19.46149776
BLZ,2009,-2.97E-05,5401.229631,19.36440296
BLZ,2010,-2.35E-05,5451.138972,19.28821106
BLZ,2011,-2.23E-05,5582.221706,19.20561916
BLZ,2012,-2.11E-05,5709.689188,19.09514096
BLZ,2013,-1.95E-05,5950.202999,18.98582276
BLZ,2014,-1.83E-05,6128.142885,18.90690567
BLZ,2015,-1.54E-05,6154.495935,18.88730972
BLZ,2016,-1.13E-05,6142.498732,19.00377217
BLZ,2017,-1.63E-05,6072.582676,19.24819721
BLZ,2018,-1.61E-05,6031.281396,19.52223734
BLZ,2019,-1.58E-05,6190.047923,19.72715542
BLZ,2020,-1.57E-05,5227.193638,19.85844363
BEN,2000,4.51366930324073e-07,487.4241414,31.08158294
BEN,2001,5.81162340798507e-07,492.4014995,31.29056087
BEN,2002,6.92052792900355e-07,546.4638297,31.54394388
BEN,2003,7.83412758891303e-07,676.0028781,31.79440231
BEN,2004,8.63980731193929e-07,758.6958038,31.99893801
BEN,2005,8.30451034304659e-07,779.4377778,32.1036613
BEN,2006,1.00663250833233e-06,809.1470725,32.11371932
BEN,2007,1.11246755489102e-06,912.3382472,32.08288814
BEN,2008,1.1462793491356e-06,1060.602545,32.03081143
BEN,2009,1.22085220102208e-06,1024.102779,31.98131312
BEN,2010,6.98709995341661e-07,973.2442545,31.95326889
BEN,2011,7.9084586376963e-07,1059.413589,31.93069746
BEN,2012,7.35136771678466e-07,1071.525836,31.89575732
BEN,2013,8.23675107859549e-07,1168.926993,31.86017693
BEN,2014,8.12420376275476e-07,1204.399187,31.83751086
BEN,2015,8.48839959505949e-07,1002.418869,31.84076892
BEN,2016,9.69871195046061e-07,1010.533896,31.89036699
BEN,2017,9.70433014556744e-07,1054.974081,31.99601719
BEN,2018,1.06497863622815e-06,1151.74097,32.14758005
BEN,2019,1.03778221549798e-06,1130.821353,32.33912781
BEN,2020,1.04765286508537e-06,1197.501364,32.94977998
BTN,2000,-9.32E-06,771.9249114,31.88697191
BTN,2001,-1.01E-05,812.2382108,31.49840879
BTN,2002,-1.06E-05,895.7994899,31.09331302
BTN,2003,-1.12E-05,1022.382403,30.70428582
BTN,2004,-1.12E-05,1130.359346,30.36418958
BTN,2005,-1.03E-05,1299.949386,30.10676463
BTN,2006,-8.93E-06,1405.607162,29.92951703
BTN,2007,-5.55E-06,1850.415704,29.80086941
BTN,2008,-9.39E-06,1919.597749,29.71317274
BTN,2009,-9.51E-06,1918.395992,29.661705
BTN,2010,-8.76E-06,2435.579807,29.64100017
BTN,2011,-8.23E-06,2787.979677,29.62309952
BTN,2012,-8.28E-06,2751.212887,29.5970687
BTN,2013,-8.01E-06,2679.952172,29.58628876
BTN,2014,-5.31E-06,2849.499987,29.61472522
BTN,2015,-7.28E-06,2954.04082,29.70258769
BTN,2016,-7.00E-06,3152.309051,30.25338982
BTN,2017,-6.73E-06,3435.288048,31.35899282
BTN,2018,-6.33E-06,3400.204172,32.57318966
BTN,2019,-6.08E-06,3576.879871,33.44815651
BTN,2020,-6.38E-06,3191.66907,33.99488145
BOL,2000,8.14378865034859e-06,975.7770604,21.40962908
BOL,2001,7.83520718550177e-06,930.1682272,21.46981309
BOL,2002,7.83919293106848e-06,888.221329,21.5210244
BOL,2003,7.81374921276807e-06,893.0137602,21.55639415
BOL,2004,7.83162237335711e-06,953.1918932,21.56848689
BOL,2005,7.76092395975794e-06,1020.123262,21.54945184
BOL,2006,7.73943572406114e-06,1202.711504,21.46752818
BOL,2007,8.09263098340278e-06,1354.549059,21.31770653
BOL,2008,7.34020325945212e-06,1692.672485,21.1329758
BOL,2009,7.35875362846967e-06,1731.181721,20.94572445
BOL,2010,7.56835483378338e-06,1929.783731,20.78819103
BOL,2011,7.52121306465626e-06,2315.521219,20.64766669
BOL,2012,7.56811151060494e-06,2575.598571,20.50030936
BOL,2013,7.61870135083118e-06,2870.02377,20.36133103
BOL,2014,7.59656657898948e-06,3041.435031,20.24619504
BOL,2015,7.56969887073689e-06,2996.012898,20.17047353
BOL,2016,7.61420820356314e-06,3035.873478,20.13884397
BOL,2017,7.55978159451728e-06,3306.303012,20.1405407
BOL,2018,7.50881445570736e-06,3500.726422,20.16729756
BOL,2019,7.48143365320965e-06,3503.896011,20.2110897
BOL,2020,7.12169690357362e-06,3099.94219,20.4093934
BIH,2000,3.02230579519882e-06,1338.480596,63.50475618
BIH,2001,2.9018016297885e-06,1387.893651,63.41173036
BIH,2002,3.75343660294336e-06,1606.546722,62.83435981
BIH,2003,3.7972508467705e-06,2033.947009,62.07225767
BIH,2004,3.63659678236131e-06,2452.686168,61.42562303
BIH,2005,3.83225358861836e-06,2739.610769,61.19194616
BIH,2006,4.47809056346708e-06,3166.128653,61.37335267
BIH,2007,4.70927068757251e-06,3931.489487,61.71698233
BIH,2008,5.22101843576664e-06,4841.693119,62.12487941
BIH,2009,5.10112134819529e-06,4539.918638,62.45906827
BIH,2010,5.94300574686105e-06,4506.478285,62.58477159
BIH,2011,6.87370082511135e-06,4982.693758,62.43664738
BIH,2012,5.98523805670289e-06,4693.788991,62.10795561
BIH,2013,6.42168525550292e-06,5034.56616,61.7302106
BIH,2014,6.02132668916237e-06,5206.065583,61.42482581
BIH,2015,6.08803478487248e-06,4662.258837,61.31304139
BIH,2016,7.14908682773957e-06,4928.566525,61.67516179
BIH,2017,7.41725246027482e-06,5345.019855,62.48380366
BIH,2018,7.62739887806318e-06,6047.845843,63.40386608
BIH,2019,7.2119450024854e-06,6122.375345,64.09936199
BIH,2020,7.28834688297601e-06,6130.311332,64.47610426
BWA,2000,4.61707589565168e-06,3450.811806,73.94336112
BWA,2001,4.18465951897324e-06,3206.071237,74.27674603
BWA,2002,3.85720008963968e-06,3117.250872,74.58208421
BWA,2003,3.6602287727455e-06,4230.123269,74.82772033
BWA,2004,3.56479221933369e-06,4956.692877,74.98422293
BWA,2005,3.85835574878103e-06,5391.070766,75.02020304
BWA,2006,3.68553802688267e-06,5291.583791,74.63932787
BWA,2007,3.73681261154635e-06,5529.125746,73.76281514
BWA,2008,3.80759703995446e-06,5503.073953,72.67390376
BWA,2009,3.63701120173931e-06,5082.933883,71.656855
BWA,2010,3.4850040160129e-06,6215.732161,70.99570982
BWA,2011,3.61185125884058e-06,7287.382953,70.65261742
BWA,2012,3.1555280072199e-06,6595.53845,70.40540109
BWA,2013,4.0205411172701e-06,6666.912196,70.26064189
BWA,2014,4.49562716040743e-06,7122.364234,70.2261952
BWA,2015,4.63383339241211e-06,6141.203947,70.30948936
BWA,2016,4.1735726533666e-06,6749.059943,70.56073026
BWA,2017,4.23942327926319e-06,7104.964011,70.95979142
BWA,2018,4.61589785054505e-06,7407.959401,71.41166569
BWA,2019,4.00886246329998e-06,7172.089565,71.82346234
BWA,2020,3.24769410632936e-06,6323.314192,72.84556908
BRA,2000,1.15472746708303e-05,3766.548115,19.09922916
BRA,2001,1.11747490458134e-05,3176.289357,18.86175399
BRA,2002,1.22845910391306e-05,2855.940189,18.60416907
BRA,2003,1.80659037695198e-05,3090.60701,18.34198085
BRA,2004,1.91516160466342e-05,3663.823188,18.09079505
BRA,2005,1.35642441848487e-05,4827.781731,17.86686787
BRA,2006,1.16017297885201e-05,5934.144711,17.61519148
BRA,2007,9.77011049240868e-06,7409.691307,17.30928288
BRA,2008,1.03770021387391e-05,8908.331766,17.00894399
BRA,2009,6.95266576780832e-06,8678.659225,16.77383001
BRA,2010,6.969142780194e-06,11403.28213,16.66339496
BRA,2011,7.50647411077202e-06,13396.62436,16.68863065
BRA,2012,6.88244141514965e-06,12521.72135,16.79428418
BRA,2013,8.01063999445098e-06,12458.89121,16.94028567
BRA,2014,7.40879255857933e-06,12274.99397,17.08635691
BRA,2015,7.86957785240899e-06,8936.196618,17.19278285
BRA,2016,7.84003191762718e-06,8836.286526,17.33652777
BRA,2017,7.83789398366012e-06,10080.50928,17.56148688
BRA,2018,7.67316635196079e-06,9300.661649,17.77666984
BRA,2019,7.64408277152157e-06,9029.833267,17.89000984
BRA,2020,7.57882065864567e-06,7074.193783,17.90081557
BRN,2000,1.8224762885082e-05,20130.25715,31.07971611
BRN,2001,1.85813496527622e-05,18287.82717,31.16753176
BRN,2002,1.57662915798047e-05,18621.29227,31.39017728
BRN,2003,1.83993630224125e-05,20677.90012,31.70138161
BRN,2004,1.66512236796246e-05,24423.09477,32.04866415
BRN,2005,1.54874678197684e-05,29386.27036,32.3917551
BRN,2006,2.4109108958134e-05,34674.7996,32.76583909
BRN,2007,2.23197698403497e-05,36217.3291,33.19959569
BRN,2008,2.74743047118396e-05,42156.56852,33.6541733
BRN,2009,2.20562563644299e-05,30946.46743,34.0761087
BRN,2010,1.89897841623931e-05,34937.55552,34.41153666
BRN,2011,2.02797272834254e-05,46382.82745,34.65574839
BRN,2012,1.91107538521096e-05,46968.59711,34.84593039
BRN,2013,1.8643148622818e-05,44003.06443,35.03565828
BRN,2014,1.8846550689862e-05,41026.50839,35.26349472
BRN,2015,1.69192254128258e-05,30625.12873,35.57529199
BRN,2016,1.76640222282512e-05,26663.29732,36.27123382
BRN,2017,1.74454447145379e-05,28024.38246,37.35967441
BRN,2018,1.77663826774171e-05,30988.11905,38.41905053
BRN,2019,1.68227613626096e-05,30426.57303,39.02663816
BRN,2020,2.21151353139444e-05,26834.35925,38.88296901
BGR,2000,5.4171442167925e-06,1621.262107,95.61300144
BGR,2001,6.12633662881742e-06,1770.907049,93.4156343
BGR,2002,5.80030192055516e-06,2092.982886,90.72366852
BGR,2003,6.68204694156271e-06,2719.494369,87.78450362
BGR,2004,6.41758435425808e-06,3389.687434,84.8502836
BGR,2005,6.39495744337491e-06,3899.825963,82.16735058
BGR,2006,7.05384091770817e-06,4523.146558,79.42801235
BGR,2007,7.45615372035024e-06,5888.776852,76.40217693
BGR,2008,7.3168706934785e-06,7271.303389,73.45193418
BGR,2009,6.23834449400714e-06,6988.273163,70.93616887
BGR,2010,6.7346674691259e-06,6863.667068,69.21247579
BGR,2011,7.99530178837961e-06,7857.16707,68.07037976
BGR,2012,7.38086869111599e-06,7430.73738,67.0712114
BGR,2013,6.84728321575089e-06,7687.713682,66.23023843
BGR,2014,7.07823073786071e-06,7912.274844,65.56241556
BGR,2015,7.7297533529925e-06,7078.860323,65.08616797
BGR,2016,7.18087516775812e-06,7570.931655,64.75342497
BGR,2017,7.57680915360163e-06,8381.881346,64.50819239
BGR,2018,7.07802677765256e-06,9436.144799,64.3551293
BGR,2019,6.90294578613e-06,9838.60059,64.30002248
BGR,2020,6.29907780701369e-06,10198.53883,64.47252318
BFA,2000,4.01126288054232e-06,248.9085269,31.94267144
BFA,2001,4.02099194623896e-06,259.4852234,31.94041399
BFA,2002,3.93058945278083e-06,285.6540876,31.92347716
BFA,2003,4.06192012371917e-06,362.3739,31.9032061
BFA,2004,3.95859926419201e-06,403.8128374,31.89512853
BFA,2005,3.87981070795887e-06,441.164148,31.9156943
BFA,2006,3.79250808437935e-06,455.5136556,31.97278406
BFA,2007,3.7403585117398e-06,514.6844512,32.05805191
BFA,2008,3.69944658221706e-06,619.4375333,32.15303059
BFA,2009,3.84046126859047e-06,601.5695207,32.2409478
BFA,2010,3.77536596610713e-06,624.9572522,32.30563534
BFA,2011,3.70538596179981e-06,725.0247677,32.33451891
BFA,2012,3.69891325482739e-06,731.4701389,32.34166737
BFA,2013,3.64350436884505e-06,759.7620652,32.34668175
BFA,2014,3.54702752868009e-06,764.8616751,32.36956941
BFA,2015,3.85121821679333e-06,630.1247508,32.43032294
BFA,2016,3.77755593318099e-06,663.7423648,32.6012738
BFA,2017,3.72509720948204e-06,709.0915359,32.89206602
BFA,2018,3.68057735559847e-06,777.4656185,33.2301028
BFA,2019,3.65276573479416e-06,764.8530778,33.54276871
BFA,2020,3.39642222128072e-06,825.2370388,34.01055326
BDI,2000,-1.53E-07,134.5378618,40.50188243
BDI,2001,-1.57E-07,132.1595545,39.93467165
BDI,2002,-1.57E-07,120.9523086,39.26283354
BDI,2003,-1.46E-07,111.4066828,38.54286953
BDI,2004,-1.20E-07,125.1949652,37.82778334
BDI,2005,-1.01E-07,147.2346193,37.17407533
BDI,2006,-7.10E-08,161.8927556,36.54381672
BDI,2007,1.21724496114495e-07,166.1627449,35.88284474
BDI,2008,2.69985657746739e-07,189.5020746,35.2220229
BDI,2009,2.79391920511831e-07,199.097633,34.59381578
BDI,2010,2.98780646479625e-07,216.7277053,34.03053268
BDI,2011,3.13738104778587e-07,230.0705774,33.46042151
BDI,2012,3.23373145224102e-07,231.6884964,32.84339701
BDI,2013,4.31186221429111e-07,234.8430454,32.26623894
BDI,2014,4.10434096604701e-07,250.5404811,31.82335766
BDI,2015,3.99969948169644e-07,280.9668313,31.6027829
BDI,2016,4.20643321457605e-07,235.2862054,31.60634593
BDI,2017,4.65847820611915e-07,236.6944726,31.7231962
BDI,2018,4.70140004853515e-07,224.8993924,31.88243613
BDI,2019,4.26189865377824e-07,210.2364945,32.01572584
BDI,2020,4.08146572618165e-07,210.0081399,32.29052443
CPV,2000,6.59141395535574e-07,1189.514793,59.39643117
CPV,2001,7.02378702261386e-07,1223.330553,60.09304653
CPV,2002,7.78510039696304e-07,1328.578743,60.77556408
CPV,2003,6.41341155047815e-07,1717.975654,61.4086231
CPV,2004,7.15522456557565e-07,1929.490815,61.95490019
CPV,2005,1.16735207115839e-06,2004.146804,62.3749142
CPV,2006,1.27321041391565e-06,2256.996662,62.68480503
CPV,2007,1.41679598540882e-06,3324.576752,62.93435021
CPV,2008,1.3637043611812e-06,3908.648858,63.14909315
CPV,2009,1.32966900527719e-06,3659.720464,63.35576506
CPV,2010,1.41373601368423e-06,3579.460061,63.57948567
CPV,2011,1.65960500305995e-06,4002.013869,63.90797269
CPV,2012,1.42063267279351e-06,3736.81517,64.340041
CPV,2013,1.38864756698716e-06,3960.975968,64.76845804
CPV,2014,1.46235014424409e-06,3985.607065,65.08419876
CPV,2015,1.48186746917411e-06,3415.062667,65.17710978
CPV,2016,1.56588378980556e-06,3608.966066,64.70905012
CPV,2017,1.62762993450876e-06,3893.095723,63.75915589
CPV,2018,1.63551902457077e-06,4294.965105,62.85245898
CPV,2019,1.74536669623267e-06,4380.781192,62.50869413
CPV,2020,1.85299963666674e-06,3539.22662,63.51143942
KHM,2000,7.55950569780818e-06,296.4266875,32.94706421
KHM,2001,7.49851246010186e-06,327.5009843,32.53363919
KHM,2002,7.39831326382757e-06,350.1472766,32.10821816
KHM,2003,7.43777779548613e-06,386.6911239,31.68934983
KHM,2004,7.2987967819052e-06,444.1990675,31.29753039
KHM,2005,7.35531023344987e-06,525.7973251,30.95150537
KHM,2006,7.35952737981035e-06,612.2526486,30.63009647
KHM,2007,7.33047868878041e-06,731.6922951,30.31191105
KHM,2008,7.27318125284138e-06,866.2839998,30.01411574
KHM,2009,7.25871535728219e-06,875.7489362,29.75563953
KHM,2010,7.18284725882001e-06,952.2746163,29.55274139
KHM,2011,7.16291379285049e-06,1088.981528,29.37845188
KHM,2012,7.03416541291e-06,1192.80263,29.21115916
KHM,2013,6.91947664791412e-06,1305.660097,29.07381849
KHM,2014,5.95782024959518e-06,1431.563965,28.99063064
KHM,2015,5.97658579510756e-06,1547.320104,28.98456493
KHM,2016,5.03907731648466e-06,1675.195557,29.09445635
KHM,2017,5.08887618602991e-06,1826.353917,29.29844702
KHM,2018,5.07858848327465e-06,2036.673776,29.52855604
KHM,2019,5.22809966978341e-06,2225.877055,29.71623019
KHM,2020,5.19585274533923e-06,2081.739142,29.97704526
CMR,2000,-3.10E-06,708.5657316,36.47301432
CMR,2001,-3.01E-06,715.4702965,36.82129386
CMR,2002,-3.01E-06,789.6238111,37.2161452
CMR,2003,-2.88E-06,988.2412768,37.60015106
CMR,2004,-2.82E-06,1133.393267,37.92651983
CMR,2005,-2.73E-06,1142.624663,38.14420259
CMR,2006,-2.70E-06,1191.45459,38.27214425
CMR,2007,-2.58E-06,1325.672482,38.3720233
CMR,2008,-2.52E-06,1492.142698,38.44214526
CMR,2009,-2.40E-06,1461.389992,38.48841199
CMR,2010,-2.35E-06,1398.58702,38.51378953
CMR,2011,-2.31E-06,1513.96057,38.49415723
CMR,2012,-2.21E-06,1449.098744,38.42829952
CMR,2013,-2.05E-06,1575.928821,38.35102387
CMR,2014,-1.89E-06,1649.443391,38.30285704
CMR,2015,-1.70E-06,1415.000097,38.32234008
CMR,2016,-1.64E-06,1441.720173,38.45707317
CMR,2017,-1.64E-06,1496.089518,38.69985683
CMR,2018,-1.58E-06,1610.696416,39.00168971
CMR,2019,-1.51E-06,1555.226605,39.31846821
CMR,2020,-1.44E-06,1555.603707,40.02966181
CAN,2000,2.19113998591528e-05,24271.00206,181.7208474
CAN,2001,2.11063299190174e-05,23822.09621,181.2052226
CAN,2002,2.27131917495724e-05,24256.01923,180.2157973
CAN,2003,2.30941581945854e-05,28301.86459,179.0645871
CAN,2004,2.24949854889696e-05,32145.54126,178.0656361
CAN,2005,2.31101787528427e-05,36383.66001,177.5369323
CAN,2006,2.23861005029813e-05,40504.0371,177.55587
CAN,2007,2.28927607946344e-05,44660.08389,177.899942
CAN,2008,2.17039892986191e-05,46710.25269,178.445307
CAN,2009,1.9439633026028e-05,40874.88319,179.0587195
CAN,2010,2.07356005436939e-05,47560.6666,179.6095094
CAN,2011,2.12521361506716e-05,52223.85884,180.036403
CAN,2012,2.05596571582814e-05,52670.34473,180.3927276
CAN,2013,2.07421586025846e-05,52638.11872,180.7401549
CAN,2014,2.0314211188747e-05,50960.84312,181.1302224
CAN,2015,2.11321609955138e-05,43594.1941,181.613491
CAN,2016,2.04576591664273e-05,42314.06158,182.6216282
CAN,2017,2.05873732643865e-05,45129.62812,184.164064
CAN,2018,2.11663971955583e-05,46539.17616,185.658622
CAN,2019,2.05008201417946e-05,46352.86934,186.5254017
CAN,2020,1.85208868116707e-05,43537.8393,186.5029248
CAF,2000,-5.73E-05,239.1541337,40.33093716
CAF,2001,-5.60E-05,237.9517025,40.23092973
CAF,2002,-5.50E-05,248.639291,40.11904251
CAF,2003,-5.34E-05,278.4039922,40.00600549
CAF,2004,-5.24E-05,303.4613212,39.89986965
CAF,2005,-5.11E-05,311.9500231,39.80501226
CAF,2006,-5.01E-05,333.9425199,39.66092411
CAF,2007,-4.89E-05,380.8870488,39.4346298
CAF,2008,-4.78E-05,437.2482747,39.17427568
CAF,2009,-4.83E-05,456.4716739,38.9282926
CAF,2010,-4.85E-05,476.873787,38.74250439
CAF,2011,-4.76E-05,534.0572815,38.57136823
CAF,2012,-4.72E-05,544.3958491,38.36450148
CAF,2013,-4.69E-05,364.3669626,38.15613024
CAF,2014,-4.71E-05,409.850486,37.97657583
CAF,2015,-4.69E-05,366.3228539,37.87397392
CAF,2016,-4.59E-05,387.1762034,37.86315982
CAF,2017,-4.53E-05,432.3240257,37.90056539
CAF,2018,-4.44E-05,455.2439629,37.96630417
CAF,2019,-4.39E-05,449.2284676,38.05196617
CAF,2020,-4.31E-05,462.8790713,38.46697062
TCD,2000,2.52920168987815e-06,163.1216637,30.06405105
TCD,2001,2.59064956377261e-06,194.3229533,30.54380362
TCD,2002,2.66898722624534e-06,219.061392,31.14099306
TCD,2003,2.78977296501741e-06,289.0876211,31.7343022
TCD,2004,2.99667259272043e-06,445.8507672,32.20527514
TCD,2005,3.0650288552813e-06,643.8079293,32.42464207
TCD,2006,3.10957234647161e-06,693.8545918,32.4419887
TCD,2007,3.17314373478342e-06,780.581406,32.40135004
TCD,2008,3.21969736577028e-06,905.6784319,32.33096068
TCD,2009,3.28378239536483e-06,781.143474,32.26146372
TCD,2010,3.38053575308171e-06,866.4396809,32.21827588
TCD,2011,3.4849557393075e-06,954.3168729,32.19336679
TCD,2012,3.64568975031258e-06,936.141445,32.16114513
TCD,2013,3.75834512385766e-06,946.1295831,32.12669277
TCD,2014,3.87217188239806e-06,982.5275631,32.09277757
TCD,2015,4.12464249313933e-06,747.5884485,32.07208675
TCD,2016,4.25214469003758e-06,668.0786361,32.02983611
TCD,2017,4.39448627479948e-06,640.1170485,31.960854
TCD,2018,4.5297780816934e-06,695.6423937,31.90833259
TCD,2019,4.63211669391533e-06,678.1420357,31.91163552
TCD,2020,4.72152195114928e-06,622.0955434,32.34893704
CHL,2000,7.13735843239344e-07,5052.992458,99.95356014
CHL,2001,4.80940616043932e-07,4563.595299,100.3947342
CHL,2002,1.32442296202057e-06,4430.847412,101.5378987
CHL,2003,4.19444868787985e-07,4773.401775,102.9242579
CHL,2004,1.07635469288867e-06,6120.591521,104.0852314
CHL,2005,1.13498391133576e-06,7480.32331,104.5540208
CHL,2006,9.52935621633883e-07,9318.656553,104.5165907
CHL,2007,2.22427614993443e-06,10346.41382,104.4759678
CHL,2008,2.45337190097172e-06,10683.21888,104.4421412
CHL,2009,2.00275360027739e-06,10098.80172,104.4215889
CHL,2010,1.49740441210365e-06,12632.87047,104.4213714
CHL,2011,2.11047074265887e-06,14487.39278,104.5203216
CHL,2012,2.77970028059059e-06,15241.907,104.7252079
CHL,2013,2.3319322671118e-06,15683.54864,104.9355241
CHL,2014,2.51933546403854e-06,14529.67672,105.0506937
CHL,2015,3.30880656042e-06,13433.9203,104.9695818
CHL,2016,2.55598812758657e-06,13649.85205,103.9302147
CHL,2017,6.02489332862328e-06,14879.90862,101.8978927
CHL,2018,3.0273393202874e-06,15659.48087,99.86211053
CHL,2019,3.2589662618691e-06,14495.71672,98.81537469
CHL,2020,2.8458866374155e-06,13114.81547,99.37395834
CHN,2000,3.51621786012696e-06,959.3604314,90.80391719
CHN,2001,3.64277941581161e-06,1053.112314,86.95826741
CHN,2002,3.87658809746954e-06,1148.514257,82.72945164
CHN,2003,4.40133009934803e-06,1288.637491,78.51344721
CHN,2004,5.03887537372451e-06,1508.667916,74.70128881
CHN,2005,5.66692625717179e-06,1753.414192,71.68364178
CHN,2006,6.19990114567284e-06,2099.21943,69.25783375
CHN,2007,6.5893412551171e-06,2693.958732,67.00020108
CHN,2008,6.68520958287252e-06,3468.327063,64.97981831
CHN,2009,7.079587834082e-06,3832.227457,63.25970628
CHN,2010,7.64980941238913e-06,4550.473944,61.8969932
CHN,2011,8.51024181526875e-06,5614.386022,60.61447329
CHN,2012,8.88039898389443e-06,6300.58218,59.182512
CHN,2013,9.00726951967372e-06,7020.386074,57.73180844
CHN,2014,8.85264531366174e-06,7636.07434,56.38576659
CHN,2015,8.67333323670517e-06,8016.445595,55.26487832
CHN,2016,8.61427543072079e-06,8094.390167,54.16432891
CHN,2017,8.74608008078985e-06,8817.045608,52.99069138
CHN,2018,9.12827796629502e-06,9905.406383,52.02401014
CHN,2019,9.32315248855439e-06,10143.86022,51.53624776
CHN,2020,9.45857040606619e-06,10408.71955,52.3927231
COL,2000,6.56220345626575e-06,2555.00751,21.94681887
COL,2001,6.40951977400134e-06,2472.99084,22.20645329
COL,2002,6.20955206588124e-06,2428.929698,22.42086695
COL,2003,6.0649558622746e-06,2311.942188,22.59323581
COL,2004,5.92287719201791e-06,2818.571954,22.72620189
COL,2005,5.85985270897985e-06,3456.066109,22.82228983
COL,2006,5.68904738984843e-06,3789.853612,22.86810348
COL,2007,5.66188464103491e-06,4769.926147,22.86357508
COL,2008,5.55353564475522e-06,5541.836297,22.83059194
COL,2009,5.53579781647989e-06,5250.972924,22.79034858
COL,2010,5.52616158193839e-06,6398.295845,22.76441564
COL,2011,5.51994323239257e-06,7400.99407,22.75855882
COL,2012,5.39285643194335e-06,8108.598382,22.75758167
COL,2013,5.53435175702745e-06,8279.102556,22.75165588
COL,2014,5.45718369737343e-06,8187.208249,22.73129448
COL,2015,5.59496988925257e-06,6248.514905,22.68640584
COL,2016,5.76593266527132e-06,5959.842504,22.59012617
COL,2017,5.74901729813739e-06,6479.532313,22.45984125
COL,2018,5.94891142616243e-06,6816.968183,22.35278391
COL,2019,5.94183475850608e-06,6472.545449,22.3253186
COL,2020,5.81579927804459e-06,5339.687114,22.57163826
COM,2000,-3.70E-06,655.0077967,25.34351767
COM,2001,-3.54E-06,691.6999088,25.04041088
COM,2002,-3.38E-06,762.1169303,24.62507307
COM,2003,-3.20E-06,959.7878945,24.19856938
COM,2004,-3.04E-06,1091.272164,23.86105223
COM,2005,-2.90E-06,1103.206585,23.71337667
COM,2006,-2.76E-06,1154.904223,23.74838703
COM,2007,-2.76E-06,1289.736311,23.86372138
COM,2008,-2.66E-06,1455.027686,24.0129829
COM,2009,-2.53E-06,1410.30517,24.15073436
COM,2010,-2.40E-06,1386.574243,24.23031882
COM,2011,-2.31E-06,1531.437894,24.21881613
COM,2012,-2.19E-06,1490.315114,24.14837653
COM,2013,-2.03E-06,1603.327971,24.06747487
COM,2014,-1.95E-06,1615.717237,24.02549098
COM,2015,-1.83E-06,1329.370482,24.0713645
COM,2016,-1.77E-06,1365.484034,24.56211903
COM,2017,-1.68E-06,1423.924803,25.54473478
COM,2018,-1.64E-06,1540.711323,26.60857379
COM,2019,-1.56E-06,1519.263864,27.34231746
COM,2020,-1.53E-06,1527.16991,27.72790717
COD,2000,7.34021928887232e-06,377.9254215,29.78255289
COD,2001,7.06473252863474e-06,142.6781426,29.65750157
COD,2002,6.83978634329221e-06,162.3805291,29.50132057
COD,2003,6.66263345855468e-06,161.4915535,29.34281557
COD,2004,6.47787778115627e-06,180.664765,29.21073404
COD,2005,6.29342141323516e-06,203.5616689,29.13556486
COD,2006,6.11043391447671e-06,238.4176394,29.11387666
COD,2007,5.94300351907668e-06,267.8885088,29.12407285
COD,2008,5.7756323183746e-06,307.3196386,29.15526186
COD,2009,5.60052631417277e-06,280.7980515,29.19674051
COD,2010,5.46963657007147e-06,314.5385863,29.24013892
COD,2011,7.33013762123953e-06,364.7141918,29.29023523
COD,2012,7.18036916116333e-06,400.0599018,29.36722703
COD,2013,6.98797107431719e-06,431.1915282,29.4701764
COD,2014,6.8036523285606e-06,458.0045418,29.59814007
COD,2015,4.54479652882141e-07,467.9145805,29.75135586
COD,2016,4.44315065144218e-07,442.3104721,29.97587133
COD,2017,4.58640807746156e-07,436.5845347,30.2870222
COD,2018,4.3684096832117e-07,528.2560198,30.63016955
COD,2019,4.40411259515889e-07,557.0441613,30.95087293
COD,2020,4.39296810903153e-07,507.5212301,31.44495618
COG,2000,2.31037858438222e-06,1024.301591,39.64668885
COG,2001,1.63255602610452e-06,854.5983144,39.13276253
COG,2002,-6.28E-07,905.5381355,38.60169353
COG,2003,-2.51E-07,1016.823634,38.07921902
COG,2004,-4.45E-08,1306.101363,37.59434058
COG,2005,8.00564225719506e-07,1799.051584,37.17575844
COG,2006,1.16479635087112e-06,2103.582138,36.74327325
COG,2007,2.33391869722618e-07,2206.471019,36.24774531
COG,2008,6.34736649927544e-08,2832.091778,35.75297409
COG,2009,3.38875446455788e-07,2271.152192,35.324365
COG,2010,6.19412902343864e-07,2946.557981,35.02734939
COG,2011,3.02490995122485e-07,3396.165058,34.81466843
COG,2012,2.80775031906254e-08,3732.327373,34.61004513
COG,2013,-1.93E-07,3697.417059,34.42891917
COG,2014,-2.00E-07,3601.236581,34.28511685
COG,2015,-3.23E-07,2439.351894,34.19329168
COG,2016,-1.16E-06,2093.107286,34.1692988
COG,2017,-1.59E-06,2211.633099,34.21520265
COG,2018,-8.18E-07,2694.434132,34.32798267
COG,2019,-5.93E-07,2488.424667,34.50290707
COG,2020,-7.74E-07,1993.586672,35.12900275
CRI,2000,7.60631926087534e-06,3812.753883,23.79504546
CRI,2001,4.02462292467324e-06,3985.129845,23.94922263
CRI,2002,3.96777980741982e-06,4067.718514,24.1071976
CRI,2003,3.77079354709016e-06,4173.148564,24.25671972
CRI,2004,4.01692539995686e-06,4431.011721,24.38583913
CRI,2005,3.96020876552365e-06,4703.007218,24.48298922
CRI,2006,4.0031564283301e-06,5256.596409,24.55468632
CRI,2007,4.43888108618507e-06,6137.711999,24.61789915
CRI,2008,3.51513584513348e-06,6937.242616,24.67703271
CRI,2009,3.42669248416204e-06,6832.698299,24.73652641
CRI,2010,3.41493190680695e-06,8265.788203,24.80047021
CRI,2011,3.52231848745931e-06,9276.391075,24.88011875
CRI,2012,4.05290898198817e-06,10126.9991,24.97982926
CRI,2013,4.08541124778341e-06,10803.2402,25.09328134
CRI,2014,2.77261801100413e-06,10911.49788,25.21428965
CRI,2015,2.98123427004934e-06,11714.7106,25.33676574
CRI,2016,2.88913206867971e-06,12091.03016,25.45806404
CRI,2017,2.53453111907021e-06,12317.09028,25.57838921
CRI,2018,2.61483983478216e-06,12590.24938,25.69480957
CRI,2019,2.57134987867915e-06,12884.686,25.80447291
CRI,2020,2.25891480875272e-06,12394.0494,26.00908775
CIV,2000,3.25585552723758e-06,936.6365413,35.3056636
CIV,2001,3.10293580259722e-06,924.727295,35.41446748
CIV,2002,2.98826503954404e-06,967.8158644,35.54698102
CIV,2003,2.76231125894367e-06,1111.171351,35.6800723
CIV,2004,2.66243939780556e-06,1199.825245,35.79043859
CIV,2005,2.57296300493042e-06,1197.74617,35.8550625
CIV,2006,2.44868763518527e-06,1230.430568,35.87210294
CIV,2007,2.32812652902505e-06,1367.538177,35.85811117
CIV,2008,2.2398027668767e-06,1583.970667,35.81748743
CIV,2009,2.0975691360191e-06,1540.453936,35.75468619
CIV,2010,2.04665007860836e-06,1553.54887,35.67508314
CIV,2011,1.96596031676965e-06,1596.628266,35.51602002
CIV,2012,1.97324950298456e-06,1546.946018,35.25927718
CIV,2013,1.92727792972156e-06,1786.15862,34.97782144
CIV,2014,1.85906819700992e-06,1991.365394,34.74588016
CIV,2015,1.84870346761523e-06,1814.718551,34.63778175
CIV,2016,1.83797589825546e-06,1862.595971,34.73985167
CIV,2017,1.82048489805177e-06,1964.299303,35.0298454
CIV,2018,1.7518459412559e-06,2130.866194,35.41914953
CIV,2019,1.7732268308076e-06,2141.768362,35.8193131
CIV,2020,1.73161412779722e-06,2179.729348,36.55258789
HRV,2000,4.12409456657137e-06,4953.651588,110.760992
HRV,2001,4.27612345399919e-06,5364.838247,108.4687135
HRV,2002,4.37611310002803e-06,6219.581641,105.4760226
HRV,2003,4.9112805947113e-06,8190.111352,102.2474262
HRV,2004,4.97834874320494e-06,9718.973228,99.24468666
HRV,2005,4.90951000488383e-06,10443.52784,96.92648622
HRV,2006,5.05219130168941e-06,11502.75312,95.16077796
HRV,2007,5.65679175781637e-06,13757.60565,93.51842414
HRV,2008,5.33623531076953e-06,15889.43471,92.00039133
HRV,2009,4.89879519583497e-06,14475.96329,90.61575787
HRV,2010,4.77449622586998e-06,13731.28652,89.36861331
HRV,2011,5.0193406472237e-06,14694.99932,88.05948004
HRV,2012,4.72797185595235e-06,13508.6837,86.59472249
HRV,2013,4.53373963903917e-06,14136.39677,85.13487905
HRV,2014,4.43521726733495e-06,14187.96945,83.84824958
HRV,2015,4.74128223810585e-06,12285.30326,82.90069023
HRV,2016,4.9351488616505e-06,12821.17381,82.11686916
HRV,2017,5.27808755713047e-06,13902.63105,81.31113403
HRV,2018,5.02241916377835e-06,15460.41833,80.65415668
HRV,2019,5.10559858611077e-06,15563.81674,80.32203744
HRV,2020,4.99659445619367e-06,14808.46202,80.27597759
CUB,2000,6.03037561338177e-06,2751.381771,61.77831668
CUB,2001,5.86459313296002e-06,2842.967043,58.92819096
CUB,2002,5.72906909270101e-06,3005.211042,55.68818918
CUB,2003,5.63598371114628e-06,3202.781099,52.35701212
CUB,2004,5.53338821485225e-06,3399.219629,49.23142514
CUB,2005,5.53446403009477e-06,3786.337992,46.61012812
CUB,2006,5.65020326194413e-06,4329.98266,44.29039072
CUB,2007,5.74018239305299e-06,4807.43889,41.99175635
CUB,2008,5.6976758808767e-06,4986.124365,39.89356299
CUB,2009,5.75892149242491e-06,5089.235198,38.17556642
CUB,2010,2.10512870694511e-06,5272.267558,37.01727318
CUB,2011,2.09972578148649e-06,6104.461052,36.22474895
CUB,2012,2.19030493644485e-06,6470.836734,35.51760843
CUB,2013,2.22548489502766e-06,6828.364282,34.94396601
CUB,2014,1.8242876541487e-06,7146.704591,34.55225559
CUB,2015,1.99546521461295e-06,7727.919972,34.39094829
CUB,2016,1.8282628586889e-06,8110.55874,34.4762067
CUB,2017,1.6735140621359e-06,8610.608295,34.71784404
CUB,2018,1.70898711494793e-06,8911.46206,35.0044464
CUB,2019,1.4957449205318e-06,9232.261159,35.22466631
CUB,2020,1.15074200405606e-06,9605.261251,35.39664301
CYP,2000,8.49359532409591e-06,14388.35254,44.82910555
CYP,2001,8.12496693900285e-06,14821.44922,44.83798209
CYP,2002,8.12520378219759e-06,16093.21582,44.88298028
CYP,2003,8.64914614992147e-06,20252.24609,44.93875711
CYP,2004,8.44936755495518e-06,23792.61914,44.98068697
CYP,2005,8.39182705995555e-06,24959.26172,44.98535813
CYP,2006,8.36470925192855e-06,26729.28125,44.95115313
CYP,2007,8.6327763038424e-06,31244.87891,44.88814413
CYP,2008,8.51730389559919e-06,35397.29688,44.79140529
CYP,2009,8.18454782034144e-06,32236.44922,44.65597497
CYP,2010,8.12464089887003e-06,31105.02734,44.47720784
CYP,2011,7.74300410033031e-06,32485.79688,44.17269183
CYP,2012,7.1067627598149e-06,28991.93555,43.74454138
CYP,2013,6.36711870562846e-06,27797.45703,43.31543381
CYP,2014,6.59634997807457e-06,27244.35156,43.00768126
CYP,2015,6.56669689758606e-06,23487.22852,42.9430087
CYP,2016,7.11229056059597e-06,24715.1543,43.21767871
CYP,2017,6.88541189133165e-06,26696.99023,43.70655733
CYP,2018,6.99019545350454e-06,29599.98633,44.19891545
CYP,2019,7.3062189168793e-06,29703.05273,44.48482324
CYP,2020,6.89638755167031e-06,28649.01563,44.40967447
CZE,2000,1.45361759357305e-05,6062.921528,106.62044
CZE,2001,1.4602786346345e-05,6669.074948,105.5826142
CZE,2002,1.4089956218135e-05,8101.260186,104.6433001
CZE,2003,1.44512486661269e-05,9852.456779,103.7903179
CZE,2004,1.45406522893124e-05,11782.55467,103.0090836
CZE,2005,1.42024906730011e-05,13442.49163,102.2882202
CZE,2006,1.44432925200498e-05,15259.07882,101.491878
CZE,2007,1.45875045199318e-05,18452.65328,100.5438035
CZE,2008,1.37355371216406e-05,22774.70451,99.528808
CZE,2009,1.29917877704344e-05,19817.42158,98.53907719
CZE,2010,1.31939841957685e-05,20160.43551,97.66542966
CZE,2011,1.29052652759771e-05,22049.10808,96.82503637
CZE,2012,1.24671278120521e-05,20014.0354,95.91341459
CZE,2013,1.20846407625749e-05,20260.4955,94.99644328
CZE,2014,1.18892137237851e-05,20038.41632,94.14175775
CZE,2015,1.20202627351127e-05,17931.59877,93.41947045
CZE,2016,1.21920738436006e-05,18753.96867,92.63980153
CZE,2017,1.23978827380933e-05,20913.19763,91.72467708
CZE,2018,1.2733049555933e-05,23705.93298,90.90297671
CZE,2019,1.27479345231904e-05,24062.719,90.40192086
CZE,2020,1.22168007838579e-05,23472.89155,90.2967836
DNK,2000,1.39412085063795e-05,30722.02518,100.4907056
DNK,2001,1.41083152648652e-05,30768.47755,96.33459463
DNK,2002,1.40988416704009e-05,33257.16226,92.24973271
DNK,2003,1.50401979455249e-05,40519.09749,88.42081414
DNK,2004,1.38178892013227e-05,46625.0501,85.04311652
DNK,2005,1.30889362575266e-05,48925.80767,82.30709974
DNK,2006,1.44083834687689e-05,52119.1788,79.97357145
DNK,2007,1.35733665748838e-05,58631.65664,77.73421482
DNK,2008,1.25589843201779e-05,64616.66576,75.68116784
DNK,2009,1.19504734211525e-05,58412.74724,73.90559343
DNK,2010,1.17948339874503e-05,58104.54456,72.50382328
DNK,2011,1.06957059346868e-05,61809.7379,71.36995026
DNK,2012,9.70356815578875e-06,58443.77471,70.33111764
DNK,2013,9.99431515822453e-06,61377.59406,69.39405025
DNK,2014,9.33520570216046e-06,62520.45097,68.55414215
DNK,2015,8.74541192434287e-06,53094.01336,67.81606631
DNK,2016,9.20932400606843e-06,54500.92604,67.0700522
DNK,2017,8.75997835204979e-06,57521.5515,66.29328401
DNK,2018,9.08788539701148e-06,61324.7665,65.63350653
DNK,2019,8.33983154301494e-06,59404.26632,65.23294056
DNK,2020,7.959438241631e-06,60985.48856,65.16023964
DJI,2000,4.8975135083057e-07,737.6121836,25.01842547
DJI,2001,4.78923601702551e-07,742.1337911,25.10484204
DJI,2002,5.07935151224148e-07,743.0132704,25.22593789
DJI,2003,5.67534378422631e-07,764.6344652,25.35404076
DJI,2004,5.43017755203819e-07,806.2616529,25.45865644
DJI,2005,5.07407941446697e-07,844.4483574,25.51581024
DJI,2006,4.80506307813837e-07,898.4646281,25.51284568
DJI,2007,5.01642028614293e-07,969.5732202,25.47911612
DJI,2008,5.9771443677512e-07,1119.152333,25.43116207
DJI,2009,4.67457354527074e-07,1150.937586,25.385071
DJI,2010,-5.37E-06,1213.233526,25.36170577
DJI,2011,-5.45E-06,1306.345528,25.35075225
DJI,2012,-5.14E-06,1400.193579,25.34524004
DJI,2013,-4.95E-06,2074.296689,25.35199247
DJI,2014,-4.85E-06,2208.678103,25.37651191
DJI,2015,-4.84E-06,2376.125547,25.43111575
DJI,2016,-4.78E-06,2510.430008,25.58747299
DJI,2017,-4.76E-06,2618.955211,25.87164758
DJI,2018,-4.63E-06,2718.085323,26.20679877
DJI,2019,-4.56E-06,2837.171033,26.51615378
DJI,2020,-4.45E-06,2881.999245,27.01452938
DMA,2000,-3.28E-07,4867.398963,15.6504013
DMA,2001,-3.24E-07,4981.895849,15.7508627
DMA,2002,-3.25E-07,4873.6422,15.84096283
DMA,2003,-2.01E-07,5009.573932,15.91067123
DMA,2004,-1.11E-07,5348.949001,15.95028483
DMA,2005,-9.31E-08,5299.495964,15.95020766
DMA,2006,-3.34E-08,5671.770657,15.88169825
DMA,2007,1.61227068717591e-07,6120.442054,15.74425302
DMA,2008,1.1909257269004e-07,6654.499214,15.57167689
DMA,2009,1.43761617100372e-07,7102.02826,15.39776062
DMA,2010,1.85887102630012e-07,7171.552389,15.25587031
DMA,2011,-1.91E-05,7255.672106,15.10346848
DMA,2012,-1.92E-05,7031.399871,14.90328687
DMA,2013,-1.89E-05,7147.619541,14.69636466
DMA,2014,-1.86E-05,7395.302597,14.52374356
DMA,2015,-1.85E-05,7679.832936,14.42640872
DMA,2016,-1.87E-05,8278.447686,14.49404869
DMA,2017,-3.83E-05,7614.34028,14.71253751
DMA,2018,-3.84E-05,8137.565206,14.96720254
DMA,2019,-3.85E-05,9009.090115,15.14358074
DMA,2020,-3.89E-05,7461.779332,15.22065825
DOM,2000,3.53686253449656e-06,2831.458836,16.58780087
DOM,2001,3.56241878847281e-06,2935.893673,16.81273756
DOM,2002,3.78147439601411e-06,3065.603295,17.0114078
DOM,2003,3.46285668472778e-06,2383.261718,17.19065201
DOM,2004,3.35707441669819e-06,2451.691616,17.35681096
DOM,2005,3.45245340017175e-06,3878.312067,17.5168549
DOM,2006,3.64626193491767e-06,4055.142703,17.70598963
DOM,2007,3.72018531127078e-06,4649.645589,17.927405
DOM,2008,3.70650978311169e-06,5026.840911,18.13838274
DOM,2009,3.62360389324067e-06,4977.798844,18.29614903
DOM,2010,3.71718426606451e-06,5484.646379,18.35815344
DOM,2011,3.70460527301412e-06,5834.705907,18.23728823
DOM,2012,3.74302498676568e-06,6025.725827,17.94939854
DOM,2013,3.66718779874067e-06,6149.027489,17.60617818
DOM,2014,3.67404363596318e-06,6512.507714,17.31853718
DOM,2015,3.86158699869447e-06,6819.932252,17.19846613
DOM,2016,3.95190983591798e-06,7174.823496,17.41399716
DOM,2017,3.84138024718279e-06,7499.692862,17.91422229
DOM,2018,4.02586594593812e-06,7934.981412,18.48222233
DOM,2019,4.26757081829033e-06,8164.220809,18.90070335
DOM,2020,4.10685573612638e-06,7162.291752,19.183284
ECU,2000,6.83302012750049e-06,1382.234218,29.6310477
ECU,2001,6.91512647609664e-06,1791.303597,30.56434271
ECU,2002,6.70625929712374e-06,2059.158554,31.4667192
ECU,2003,6.6265758501189e-06,2315.622152,32.30852955
ECU,2004,6.66516223701292e-06,2586.209147,33.05947599
ECU,2005,6.49645681623133e-06,2909.02606,33.69047123
ECU,2006,6.55164998820471e-06,3243.670104,34.28033288
ECU,2007,6.29376290628653e-06,3478.924888,34.89522008
ECU,2008,6.09914703068952e-06,4194.757507,35.48726599
ECU,2009,6.12688397657244e-06,4053.363311,36.00804036
ECU,2010,6.04586084682352e-06,4520.30959,36.40963209
ECU,2011,5.74229391225903e-06,5153.691642,36.67676522
ECU,2012,5.66627926674944e-06,5634.083932,36.82912657
ECU,2013,5.78597832572748e-06,6109.290315,36.871358
ECU,2014,5.80195076757748e-06,6405.799793,36.80880705
ECU,2015,5.63016926176787e-06,5976.159681,36.64602995
ECU,2016,5.49182288013448e-06,5917.637713,36.24630001
ECU,2017,5.30842800440753e-06,6233.322448,35.63730633
ECU,2018,5.27789975886163e-06,6303.918925,35.0674468
ECU,2019,5.18452659313388e-06,6205.057595,34.7875479
ECU,2020,4.80779023672829e-06,5463.645096,34.99318304
SLV,2000,2.10205799205366e-06,1982.870935,35.79155156
SLV,2001,2.18856713907032e-06,2058.044591,35.60945756
SLV,2002,2.20942296259783e-06,2115.411874,35.21795932
SLV,2003,2.28091592720233e-06,2207.830895,34.70014403
SLV,2004,2.34675638348879e-06,2285.689074,34.13801897
SLV,2005,2.39180974753804e-06,2447.391408,33.61347144
SLV,2006,2.47496009459011e-06,2665.618072,33.06368705
SLV,2007,2.51393385230582e-06,2830.656938,32.42053035
SLV,2008,2.36838556800237e-06,2983.248296,31.75899123
SLV,2009,2.31568351922919e-06,2910.186518,31.15246632
SLV,2010,2.25002302970758e-06,3040.07301,30.67466165
SLV,2011,1.82088156782281e-06,3330.600495,30.29683623
SLV,2012,1.85569944267028e-06,3497.912569,29.94025595
SLV,2013,1.71431438420196e-06,3582.26694,29.60169641
SLV,2014,1.78552334067018e-06,3666.012489,29.27742409
SLV,2015,1.85886194554825e-06,3790.340891,28.96423009
SLV,2016,1.84543929815508e-06,3901.34015,28.58900181
SLV,2017,1.73582404728518e-06,4020.126714,28.17759419
SLV,2018,1.78370486415414e-06,4183.54621,27.87351427
SLV,2019,1.93763803135745e-06,4320.116715,27.81944155
SLV,2020,1.74378030732326e-06,3997.192796,28.16046806
GNQ,2000,2.92396047656762e-05,1487.316551,32.77418058
GNQ,2001,2.94468390421372e-05,1948.611459,32.49121936
GNQ,2002,2.42095752026738e-05,2264.210656,32.16250675
GNQ,2003,2.41487411866554e-05,2930.601837,31.83283065
GNQ,2004,2.72628475737207e-05,4901.301274,31.54749023
GNQ,2005,2.55007826956185e-05,8673.902609,31.35221199
GNQ,2006,2.57369416454703e-05,10184.88412,31.21514274
GNQ,2007,2.57518985680145e-05,12616.95329,31.0873768
GNQ,2008,2.35451301485436e-05,18210.5553,30.98460297
GNQ,2009,2.01579151745265e-05,13232.50194,30.92334896
GNQ,2010,1.97948843017951e-05,13720.16587,30.91999946
GNQ,2011,1.88534708717342e-05,17198.21367,30.97313938
GNQ,2012,1.80746094073134e-05,17308.57239,31.07576489
GNQ,2013,1.67419392698657e-05,16304.07132,31.22849266
GNQ,2014,1.6155199067314e-05,15548.66247,31.43065927
GNQ,2015,1.5703101195868e-05,9068.910032,31.68038499
GNQ,2016,1.44034621724376e-05,7453.197979,32.07547167
GNQ,2017,1.30104019723553e-05,7809.104657,32.63408573
GNQ,2018,1.14861094441922e-05,8102.470848,33.23128406
GNQ,2019,1.07674216565071e-05,6804.149231,33.74166244
GNQ,2020,1.04227984442471e-05,5764.055029,34.24884133
ERI,2000,2.31407577376547e-06,314.3573968,34.38109338
ERI,2001,2.21277041139165e-06,325.4091615,34.49360039
ERI,2002,2.11928400511831e-06,304.7757565,34.59958044
ERI,2003,2.08091493534432e-06,348.9503271,34.68624615
ERI,2004,2.02487487895857e-06,426.8409479,34.74197925
ERI,2005,1.96643262569916e-06,412.7530792,34.75474221
ERI,2006,1.88093073354486e-06,447.9974047,34.68048596
ERI,2007,1.93265437503782e-06,480.4476237,34.51852539
ERI,2008,1.86345548652553e-06,490.066956,34.32198503
ERI,2009,1.83926991552641e-06,642.9257229,34.14417853
ERI,2010,1.80348541654076e-06,539.6995121,34.03714974
ERI,2011,1.86587560051159e-06,688.6816596,33.97666279
EST,2000,1.15529515349127e-05,4070.609024,158.2180933
EST,2001,1.17451363899965e-05,4502.66615,154.0692285
EST,2002,1.1375285460543e-05,5343.183108,147.9252261
EST,2003,1.15435683436442e-05,7205.407033,140.8670876
EST,2004,1.32097170746028e-05,8916.072827,134.019613
EST,2005,1.54438928973446e-05,10414.63812,128.4867086
EST,2006,1.3759624594412e-05,12641.4801,124.092312
EST,2007,1.64517259897962e-05,16745.4308,119.9631138
EST,2008,1.52602293039362e-05,18205.90641,116.1212243
EST,2009,1.19557292349655e-05,14712.44942,112.6147495
EST,2010,1.49521395444901e-05,14663.7041,109.466121
EST,2011,1.51514306872105e-05,17555.54552,106.1817135
EST,2012,1.53802536637292e-05,17568.2138,102.5850739
EST,2013,1.82741690610828e-05,19310.38749,99.13380855
EST,2014,1.80578831458794e-05,20581.7899,96.2966102
EST,2015,1.62920677782618e-05,17722.15577,94.52544668
EST,2016,1.62072215171114e-05,18666.37365,93.62472534
EST,2017,1.78747426718406e-05,20851.52235,93.03110809
EST,2018,1.8676346108896e-05,23618.13613,92.66195775
EST,2019,1.36274981196746e-05,24021.25014,92.44751306
EST,2020,1.16156784167543e-05,23933.99394,92.43235604
SWZ,2000,-3.19E-07,1668.974913,68.40199206
SWZ,2001,-4.39E-07,1467.538902,70.34486786
SWZ,2002,-4.02E-07,1351.865502,72.56678445
SWZ,2003,-3.53E-07,2060.184181,74.71364549
SWZ,2004,-3.10E-07,2581.241728,76.43023469
SWZ,2005,-3.25E-07,2945.363949,77.36325927
SWZ,2006,-3.85E-07,3035.061561,77.70339406
SWZ,2007,-3.03E-07,3180.861215,77.90076262
SWZ,2008,-3.52E-07,2999.828169,77.98760422
SWZ,2009,-3.74E-07,3239.757801,78.00488051
SWZ,2010,-6.29E-07,3992.951996,77.99731072
SWZ,2011,-7.37E-07,4312.342434,77.83601593
SWZ,2012,-7.22E-07,4347.995693,77.46385511
SWZ,2013,-5.33E-07,3910.063976,77.02419594
SWZ,2014,-5.21E-07,3740.692776,76.66036809
SWZ,2015,-4.85E-07,3393.533678,76.51070224
SWZ,2016,-4.14E-07,3223.920041,76.46849195
SWZ,2017,-4.59E-07,3831.425953,76.39536803
SWZ,2018,-4.49E-07,3986.105572,76.37765334
SWZ,2019,-3.76E-07,3894.329516,76.50399258
SWZ,2020,-3.84E-07,3442.321653,77.5699001
ETH,2000,2.58792217244139e-06,122.2692026,40.41968053
ETH,2001,2.81518924152428e-06,118.4572043,39.49192295
ETH,2002,2.70243320781785e-06,109.5938136,38.4552437
ETH,2003,2.65050577953554e-06,116.8004911,37.38036476
ETH,2004,1.94319307678045e-06,133.1698125,36.33354089
ETH,2005,1.92670887550664e-06,158.2434581,35.37760547
ETH,2006,1.95151411667575e-06,189.3457375,34.46928486
ETH,2007,2.00861177251417e-06,237.146256,33.52594907
ETH,2008,2.18004563470437e-06,316.4104751,32.60000164
ETH,2009,2.11481990040046e-06,368.5747123,31.74171877
ETH,2010,2.17054810508597e-06,330.6194128,30.99967324
ETH,2011,2.37631531174943e-06,343.0249424,30.30030431
ETH,2012,1.61380678312906e-06,452.1010319,29.5710516
ETH,2013,1.64258483937896e-06,484.0398331,28.89221961
ETH,2014,1.65671156016366e-06,549.9865771,28.34181518
ETH,2015,1.653677075044e-06,621.8456738,27.99736227
ETH,2016,1.66854073067713e-06,696.1958847,27.80677102
ETH,2017,1.65377605213757e-06,745.6324492,27.66873074
ETH,2018,1.64990812694352e-06,747.9681436,27.60921935
ETH,2019,1.70329927021073e-06,828.7089723,27.65631485
ETH,2020,1.70360971835716e-06,905.3131758,28.07109775
FJI,2000,3.76449770427002e-06,1995.720712,69.13854446
FJI,2001,3.89961817146032e-06,1944.997415,68.71490182
FJI,2002,3.50224754064162e-06,2136.567941,68.2324745
FJI,2003,3.718979644136e-06,2655.580796,67.70789112
FJI,2004,4.25199515992159e-06,3097.190967,67.15891764
FJI,2005,3.93266385532747e-06,3377.69127,66.60391587
FJI,2006,4.05777405895335e-06,3455.105999,65.87069822
FJI,2007,3.89761113437703e-06,3762.746928,64.8997571
FJI,2008,3.66106227702267e-06,3899.922315,63.87322481
FJI,2009,2.47101370201237e-06,3164.132754,62.97201152
FJI,2010,4.27297760701391e-06,3449.144529,62.3799183
FJI,2011,3.54155416987499e-06,4139.602886,62.02204605
FJI,2012,3.49473941927036e-06,4341.403387,61.7131343
FJI,2013,3.70130692135773e-06,4572.443775,61.46644934
FJI,2014,3.37418331816671e-06,5293.356791,61.29589958
FJI,2015,3.44195049304468e-06,5097.531088,61.21602146
FJI,2016,3.43724637334279e-06,5363.790256,61.25571838
FJI,2017,3.67985510890233e-06,5826.848141,61.40376177
FJI,2018,3.81942475849888e-06,6085.419792,61.61627488
FJI,2019,4.03541811719108e-06,5950.828686,61.84891937
FJI,2020,3.99130893817564e-06,4844.42129,62.51224743
FIN,2000,1.06609682877952e-05,24335.92251,180.8371856
FIN,2001,1.1497553588969e-05,24965.203,179.2826405
FIN,2002,1.16647162499389e-05,26989.38926,177.8460885
FIN,2003,1.31106304337567e-05,32920.08572,176.3149214
FIN,2004,1.21394437673435e-05,37768.13342,174.4675814
FIN,2005,9.51137760345979e-06,39049.87038,172.1116615
FIN,2006,1.07932980243315e-05,41214.01878,168.5973951
FIN,2007,1.21030230377104e-05,48473.02401,163.908967
FIN,2008,9.79152892526987e-06,53769.47262,158.7667221
FIN,2009,6.57275667458532e-06,47478.34953,153.8895703
FIN,2010,1.05547985662698e-05,46506.2919,150.0104434
FIN,2011,8.94464867400903e-06,51060.32426,147.0547692
FIN,2012,7.30369630720224e-06,47551.67408,144.3653884
FIN,2013,8.58934372157091e-06,49691.01452,141.7839432
FIN,2014,7.36570751835755e-06,50073.77608,139.1601924
FIN,2015,7.05239189266381e-06,42560.34568,136.339943
FIN,2016,7.74847174032078e-06,43451.25624,132.4324684
FIN,2017,7.42353147499353e-06,46085.01747,127.5911794
FIN,2018,9.27142928370373e-06,49654.2497,123.2524327
FIN,2019,7.50825031702733e-06,48358.18078,120.8452782
FIN,2020,5.88764749636634e-06,48828.68469,120.5926142
FRA,2000,8.44872805067071e-06,22340.59395,129.0166148
FRA,2001,8.27135261228188e-06,22331.79483,127.5939704
FRA,2002,8.00397274697259e-06,24144.5727,126.0777575
FRA,2003,7.93008112227731e-06,29479.52221,124.5249783
FRA,2004,7.86214740072605e-06,33644.92822,122.9936372
FRA,2005,7.77784516809475e-06,34696.37183,121.542263
FRA,2006,7.47838078642248e-06,36431.56589,119.9266128
FRA,2007,7.34041281917944e-06,41486.19078,117.9992322
FRA,2008,7.18214938828227e-06,45464.81814,115.9639398
FRA,2009,7.09324803486318e-06,41728.08842,114.0262994
FRA,2010,7.19447577839035e-06,40694.82117,112.3915566
FRA,2011,6.89481140658911e-06,43929.78409,111.0390208
FRA,2012,6.84616702523616e-06,40863.58144,109.7736391
FRA,2013,6.68733529408164e-06,42669.17951,108.5395792
FRA,2014,6.24188505540025e-06,43148.04593,107.2817442
FRA,2015,6.34075817926572e-06,36702.43237,105.9468839
FRA,2016,6.48394769002818e-06,37024.21571,103.9625832
FRA,2017,6.66620889261218e-06,38687.16264,101.344826
FRA,2018,6.45520941045185e-06,41418.17665,98.92453933
FRA,2019,6.34066684306376e-06,40408.28486,97.53211015
FRA,2020,5.61725095934076e-06,39169.8606,97.36749208
GAB,2000,-5.46E-05,3982.906201,39.79941934
GAB,2001,-5.43E-05,3835.757183,39.56094999
GAB,2002,-5.47E-05,3966.480019,39.24022802
GAB,2003,-5.21E-05,4710.748628,38.88527787
GAB,2004,-5.33E-05,5465.791936,38.54242769
GAB,2005,-5.40E-05,6547.87614,38.25813977
GAB,2006,-5.69E-05,6847.009857,37.94210525
GAB,2007,-5.92E-05,8003.542897,37.51934148
GAB,2008,-5.84E-05,9688.645197,37.06919845
GAB,2009,-5.88E-05,7290.575261,36.67057907
GAB,2010,-5.84E-05,8356.74662,36.40355464
GAB,2011,-5.40E-05,10219.11393,36.29586935
GAB,2012,-5.26E-05,9296.965879,36.29362511
GAB,2013,-4.93E-05,9197.701063,36.35914998
GAB,2014,-4.72E-05,9201.362766,36.45619896
GAB,2015,-4.57E-05,7047.126546,36.5515681
GAB,2016,-4.35E-05,6677.070039,36.66070263
GAB,2017,-4.14E-05,6921.733731,36.80854288
GAB,2018,-4.10E-05,7624.277523,36.98558842
GAB,2019,-3.92E-05,7441.178647,37.18161876
GAB,2020,-3.83E-05,6605.803461,37.71872356
GMB,2000,1.68443883652078e-06,538.0540723,27.73609638
GMB,2001,1.63242946038524e-06,459.8030684,27.91227175
GMB,2002,1.60273127862311e-06,376.531027,28.06690049
GMB,2003,1.64032831921177e-06,308.7191234,28.20057936
GMB,2004,1.63423202936881e-06,593.2853463,28.31412949
GMB,2005,1.60956235524466e-06,616.4836579,28.41012767
GMB,2006,1.60254186646456e-06,614.5443079,28.49560184
GMB,2007,1.5726814416794e-06,724.7264072,28.57351188
GMB,2008,1.5815919007708e-06,859.1276714,28.64293547
GMB,2009,1.65531878966903e-06,774.8880309,28.70307261
GMB,2010,1.63856059544386e-06,801.0333727,28.75316493
GMB,2011,1.49335814786287e-06,710.6084115,28.80034192
GMB,2012,1.45950210807726e-06,692.5793616,28.85316593
GMB,2013,1.45568537232273e-06,653.8627133,28.91164978
GMB,2014,1.46332133379656e-06,568.0045356,28.97597399
GMB,2015,1.46983923338379e-06,619.5363643,29.0458073
GMB,2016,1.39782088293518e-06,650.0565013,29.14236016
GMB,2017,1.33362422930003e-06,642.5226413,29.28126216
GMB,2018,1.25440067477013e-06,696.219807,29.45455465
GMB,2019,1.26613655567875e-06,738.186752,29.65435531
GMB,2020,1.23828721092421e-06,720.3351434,30.18526215
GEO,2000,1.54738712099268e-06,749.908535,33.5833465
GEO,2001,1.1977960194531e-06,801.9838371,33.60004653
GEO,2002,1.24983819339628e-06,853.5261719,33.62677316
GEO,2003,1.4967599050139e-06,1010.031516,33.66894604
GEO,2004,1.64487923123539e-06,1305.047486,33.72712668
GEO,2005,1.81177608329496e-06,1642.783594,33.80386451
GEO,2006,1.96454080008824e-06,1996.020133,33.91915029
GEO,2007,2.20231917968125e-06,2635.366503,34.08561752
GEO,2008,1.88935854418234e-06,3324.753721,34.29884211
GEO,2009,2.10233852127939e-06,2822.689397,34.55405353
GEO,2010,1.97039898909207e-06,3281.729309,34.84835118
GEO,2011,2.28144139625779e-06,4119.668183,35.21513789
GEO,2012,2.64154809199775e-06,4530.695334,35.66627888
GEO,2013,2.87527019626282e-06,4712.002294,36.17338713
GEO,2014,3.14799589397685e-06,4830.334862,36.70703417
GEO,2015,3.20880922648416e-06,4086.622347,37.23702379
GEO,2016,3.27194732133156e-06,4143.401257,38.00235286
GEO,2017,3.2612089472007e-06,4418.752065,39.04220884
GEO,2018,3.22982469840058e-06,4804.054604,40.02783071
GEO,2019,3.43173319649338e-06,4741.283272,40.63281211
GEO,2020,3.33691852937479e-06,4300.857013,40.70745446
DEU,2000,1.24486075599051e-05,23925.85599,94.55304273
DEU,2001,1.24289147804324e-05,23878.36415,92.92934747
DEU,2002,1.25758713381787e-05,25486.5942,90.83326484
DEU,2003,1.25477923230251e-05,30711.10225,88.55542977
DEU,2004,1.23052292966259e-05,34566.73591,86.3903057
DEU,2005,1.19450818995676e-05,35084.43635,84.6337458
DEU,2006,1.19491030270289e-05,36980.33499,83.11533186
DEU,2007,1.16657411366093e-05,42350.92172,81.5701613
DEU,2008,1.15326523119319e-05,46386.32959,80.14244701
DEU,2009,1.06650353573068e-05,42487.21371,78.97778832
DEU,2010,1.1308767643882e-05,42409.9357,78.22675794
DEU,2011,1.11449839858577e-05,47646.58204,77.76088659
DEU,2012,1.11350567093358e-05,44735.58823,77.3656558
DEU,2013,1.13508405076755e-05,47220.01021,77.04514939
DEU,2014,1.08253079368999e-05,48971.08247,76.80294898
DEU,2015,1.08192393977515e-05,41911.01099,76.64899863
DEU,2016,1.07383168512414e-05,42961.03569,76.63635353
DEU,2017,1.05071086415643e-05,45526.59996,76.75202354
DEU,2018,1.01128037125324e-05,48874.8595,76.90840924
DEU,2019,9.51375400482173e-06,47623.86561,77.01713369
DEU,2020,8.84008538102012e-06,47379.76519,77.07002043
GHA,2000,1.42637245534432e-06,253.7469362,25.57493877
GHA,2001,1.44784549504938e-06,263.5421565,25.77941127
GHA,2002,1.48416344949499e-06,297.4616447,25.96712187
GHA,2003,1.41246732769224e-06,358.3992714,26.14218962
GHA,2004,1.34673489450345e-06,406.1321053,26.30897629
GHA,2005,1.34359265474708e-06,478.6119092,26.47247033
GHA,2006,1.40182794777694e-06,906.4410276,26.65667437
GHA,2007,1.39015363112837e-06,1050.124615,26.86397414
GHA,2008,1.4225392501905e-06,1182.657613,27.06741982
GHA,2009,1.42058791447288e-06,1047.704301,27.24039769
GHA,2010,1.44728193273443e-06,1263.892518,27.35683729
GHA,2011,1.52746754484982e-06,1507.435732,27.3941593
GHA,2012,1.60163726944011e-06,1543.775242,27.3763459
GHA,2013,1.65186523004494e-06,2294.025645,27.34765425
GHA,2014,1.61439122286638e-06,1953.645136,27.35281566
GHA,2015,1.60888592820452e-06,1721.699644,27.43676341
GHA,2016,1.59290155562903e-06,1913.186733,27.63614435
GHA,2017,1.66436652940045e-06,2012.970258,27.92893961
GHA,2018,1.71574228190636e-06,2196.612906,28.27089218
GHA,2019,1.77945224958808e-06,2186.189241,28.61733655
GHA,2020,1.82718103962552e-06,2196.547893,29.23961341
GRC,2000,1.10014077614557e-05,11638.20107,32.92768053
GRC,2001,1.09782407357966e-05,12156.95728,32.99473287
GRC,2002,1.09665161196703e-05,13782.19564,33.11963999
GRC,2003,1.12788534480471e-05,18020.61204,33.27544857
GRC,2004,1.12668654835205e-05,21449.25528,33.42903534
GRC,2005,1.13662447437108e-05,22054.13158,33.55154794
GRC,2006,1.10289299026656e-05,24416.0233,33.66720571
GRC,2007,1.15270861412251e-05,28440.76253,33.80282073
GRC,2008,1.09822302017153e-05,31695.83311,33.93235714
GRC,2009,1.04108600896172e-05,29425.45732,34.02948117
GRC,2010,9.75359895897446e-06,26653.0488,34.06883074
GRC,2011,9.48760542531724e-06,25504.78665,34.02134199
GRC,2012,9.11441373847432e-06,21624.34605,33.91007889
GRC,2013,8.61373301434874e-06,21573.34498,33.78143226
GRC,2014,8.54436018906004e-06,21474.72571,33.68223101
GRC,2015,8.11004055768831e-06,17980.72982,33.661138
GRC,2016,8.03419014397867e-06,17919.24264,34.07478411
GRC,2017,8.10425862082913e-06,18631.99301,34.95812416
GRC,2018,7.80974765212177e-06,19873.40152,35.87557056
GRC,2019,7.36733627556083e-06,19335.3602,36.38759426
GRC,2020,6.32958577099674e-06,17886.73317,36.41035391
GRD,2000,9.66021721528883e-07,4839.828111,15.50590889
GRD,2001,9.73265300452832e-07,4819.507767,15.34529655
GRD,2002,1.02118003025719e-06,4984.474059,15.10541135
GRD,2003,1.08280371771794e-06,5427.963773,14.8415105
GRD,2004,9.1609267949105e-06,5480.261176,14.61011537
GRD,2005,9.17855906100206e-06,6338.560114,14.46965572
GRD,2006,-4.21E-07,6344.038377,14.39735172
GRD,2007,-3.30E-07,6864.548168,14.3308516
GRD,2008,-2.49E-07,7448.204056,14.26968098
GRD,2009,-1.80E-07,6932.564722,14.21312846
GRD,2010,-6.81E-08,6909.601696,14.16086168
GRD,2011,-3.12E-07,6947.381361,14.09365786
GRD,2012,-2.80E-07,7092.719854,14.0066654
GRD,2013,-2.91E-08,7424.802123,13.92262512
GRD,2014,-1.34E-07,7986.334212,13.8657206
GRD,2015,-6.63E-08,8694.12438,13.86015362
GRD,2016,3.04004169200035e-08,9221.234611,14.03068325
GRD,2017,3.81156984701745e-08,9751.426612,14.3821191
GRD,2018,7.08784607272822e-08,10083.02128,14.7604937
GRD,2019,2.46592114225606e-07,10462.79292,15.01287893
GRD,2020,1.71908441564023e-09,8968.558901,15.12838881
GTM,2000,-2.63E-07,1648.96579,22.88719603
GTM,2001,-3.71E-08,1537.686636,23.13050076
GTM,2002,2.01487476642077e-07,1669.335175,23.32356681
GTM,2003,3.23219788338381e-07,1722.547019,23.4582269
GTM,2004,5.16193682372116e-07,1840.911849,23.52644598
GTM,2005,7.37161788433948e-07,2046.466117,23.52013055
GTM,2006,1.03246997054564e-06,2225.123475,23.30347401
GTM,2007,1.35105083196357e-06,2458.815739,22.82360062
GTM,2008,1.54018887744064e-06,2763.059882,22.19610403
GTM,2009,1.85365229816713e-06,2611.646328,21.53650181
GTM,2010,2.06968746172443e-06,2805.259602,20.96029155
GTM,2011,2.06901969331521e-06,3168.983706,20.40063506
GTM,2012,2.09285213895328e-06,3286.619593,19.76792279
GTM,2013,2.15832668121846e-06,3444.159718,19.14254089
GTM,2014,2.22606250269023e-06,3689.144725,18.60463499
GTM,2015,2.39599397510967e-06,3893.505218,18.23472682
GTM,2016,2.46739763817279e-06,4060.137556,17.99492712
GTM,2017,2.39785983968354e-06,4324.996079,17.80659843
GTM,2018,2.48907064331311e-06,4352.946518,17.68987114
GTM,2019,2.52377789898539e-06,4511.997552,17.66497343
GTM,2020,2.39983983707167e-06,4477.617618,17.86352233
GIN,2000,5.33070299657177e-06,518.1570669,28.77410598
GIN,2001,5.28128937372072e-06,483.0851202,29.07711701
GIN,2002,5.25197756161874e-06,495.9160736,29.42352216
GIN,2003,5.19486390206229e-06,566.4854059,29.77851659
GIN,2004,5.13687603487074e-06,584.8977405,30.11914717
GIN,2005,5.08993013509637e-06,463.1776869,30.42364248
GIN,2006,5.04636554088471e-06,446.9805541,30.73765845
GIN,2007,4.98103915628204e-06,650.1485753,31.10327253
GIN,2008,4.92713814809165e-06,703.5328258,31.46720895
GIN,2009,4.87671259346102e-06,662.1859147,31.77844755
GIN,2010,5.01153030092287e-06,659.2353262,31.9838109
GIN,2011,4.97537255520179e-06,636.6949587,32.09828195
GIN,2012,4.90806230343391e-06,699.3533772,32.1863755
GIN,2013,4.82503688167298e-06,748.4550208,32.26321793
GIN,2014,4.77087619511818e-06,765.1469994,32.3440495
GIN,2015,4.74790240901091e-06,747.3569668,32.44504748
GIN,2016,4.71212280595675e-06,711.9965098,32.62234993
GIN,2017,4.66745451332061e-06,833.5986217,32.89580857
GIN,2018,4.61607581528015e-06,933.2736156,33.22116287
GIN,2019,4.55096097648474e-06,1031.341465,33.55358393
GIN,2020,4.48223616414494e-06,1053.660977,34.15312188
GNB,2000,1.16323990213332e-06,316.945495,39.66663974
GNB,2001,1.12767021889789e-06,327.138432,39.82538084
GNB,2002,1.12843566349985e-06,362.0345746,40.05068365
GNB,2003,1.14717403469502e-06,419.7848661,40.29454918
GNB,2004,1.13710882707958e-06,431.3765577,40.50954913
GNB,2005,1.14115309590072e-06,463.0739627,40.64773949
GNB,2006,1.17748637570895e-06,448.5130755,40.70985699
GNB,2007,1.21034937621728e-06,519.0697898,40.73640074
GNB,2008,1.23765669794241e-06,640.2103311,40.74033028
GNB,2009,1.27524196184822e-06,583.1900201,40.73472374
GNB,2010,1.30826694212713e-06,600.1942985,40.7323222
GNB,2011,1.28190458659914e-06,719.5395735,40.72551063
GNB,2012,1.31668742661605e-06,635.4616533,40.70332729
GNB,2013,1.33604721301577e-06,654.3045344,40.67470429
GNB,2014,1.2148488158785e-06,652.022501,40.64882621
GNB,2015,1.25337469639627e-06,645.0668372,40.63442836
GNB,2016,1.24925418678929e-06,679.6653866,40.62430323
GNB,2017,1.16287494566005e-06,783.1231866,40.62756574
GNB,2018,1.15973213579666e-06,808.5316132,40.67450817
GNB,2019,1.17096340085054e-06,807.359904,40.79553817
GNB,2020,1.15315744900671e-06,817.7803357,41.4048855
GUY,2000,6.6686017321451e-05,931.7966517,65.27178687
GUY,2001,6.66675387225515e-05,931.5747238,65.639306
GUY,2002,6.65147213652292e-05,950.8669325,66.05721919
GUY,2003,6.68527495049803e-05,973.7425981,66.4662242
GUY,2004,6.6793150214187e-05,1033.310309,66.80826332
GUY,2005,6.65711236749488e-05,1084.065414,67.02445373
GUY,2006,6.64620022504302e-05,3135.605535,67.09001594
GUY,2007,6.70781028484755e-05,3608.286852,67.04143766
GUY,2008,6.74006037587827e-05,4008.962867,66.91203641
GUY,2009,6.77342193927887e-05,4209.132306,66.73723912
GUY,2010,6.82917454114482e-05,4581.761797,66.55348053
GUY,2011,6.874112950025e-05,4947.221706,66.35511566
GUY,2012,6.90181270501469e-05,5444.397519,66.13336419
GUY,2013,6.88508721755791e-05,5556.912312,65.92215734
GUY,2014,6.88232619005634e-05,5472.688205,65.75388401
GUY,2015,6.85208248493307e-05,5640.415606,65.66088423
GUY,2016,6.81683404317738e-05,5870.878238,65.63941571
GUY,2017,6.79380959011242e-05,6178.665044,65.69790712
GUY,2018,6.60318410826271e-05,6048.386972,65.90000599
GUY,2019,6.51190778354887e-05,6405.824434,66.29780829
GUY,2020,6.64622449320789e-05,6775.709391,68.18132247
HTI,2000,1.30098802249893e-06,820.6000468,24.07124039
HTI,2001,1.29076464554174e-06,748.8211598,23.91301422
HTI,2002,1.30444566635621e-06,720.969568,23.74017989
HTI,2003,1.29002437467408e-06,578.9952911,23.57162373
HTI,2004,1.26166870719753e-06,683.1852982,23.42513346
HTI,2005,1.26157770547251e-06,775.8457041,23.32111646
HTI,2006,1.25710650023295e-06,828.8057003,23.25708514
HTI,2007,1.29228821964014e-06,984.5669834,23.2105235
HTI,2008,1.28249814757962e-06,1094.660584,23.17240441
HTI,2009,1.27826992725485e-06,1196.852871,23.13492501
HTI,2010,1.33061397526178e-06,1209.727335,23.05645616
HTI,2011,1.37104706207947e-06,1312.039536,22.95526433
HTI,2012,1.3499313936732e-06,1361.393966,22.86928754
HTI,2013,1.35588037285316e-06,1457.832212,22.78839044
HTI,2014,1.36583235605865e-06,1460.188986,22.73427758
HTI,2015,1.37882413043433e-06,1411.126847,22.72885602
HTI,2016,1.38759871309044e-06,1318.402682,22.82968833
HTI,2017,1.37084832951461e-06,1395.239452,23.02655475
HTI,2018,1.37578014665088e-06,1496.38049,23.23926632
HTI,2019,1.34551829630956e-06,1352.172042,23.3875704
HTI,2020,1.30296140609514e-06,1290.325387,23.58901942
HND,2000,5.97512258328161e-07,1092.564007,9.652743646
HND,2001,7.44037467928718e-07,1132.164875,9.500048832
HND,2002,9.01185627204703e-07,1132.499653,9.335488716
HND,2003,1.09607620954732e-06,1156.081627,9.172884349
HND,2004,1.21956532639978e-06,1215.139954,9.026256599
HND,2005,1.07554402004184e-06,1304.700392,8.909439099
HND,2006,1.19528546532038e-06,1425.847801,8.818284464
HND,2007,1.67112157837381e-06,1577.737892,8.737546547
HND,2008,1.65183853853943e-06,1732.490627,8.664479914
HND,2009,1.60191230685507e-06,1781.157036,8.596275524
HND,2010,1.57377384657056e-06,1893.327227,8.53003908
HND,2011,1.69874820021069e-06,2073.661211,8.45000864
HND,2012,1.74320912405124e-06,2126.034747,8.356421071
HND,2013,1.66070855248311e-06,2081.128435,8.269825117
HND,2014,1.68298517883793e-06,2179.88172,8.210556709
HND,2015,1.74039939138093e-06,2271.20266,8.199048556
HND,2016,1.71015194881635e-06,2307.344684,8.308422777
HND,2017,1.55687178854453e-06,2413.007656,8.533490791
HND,2018,1.51552296366386e-06,2464.642415,8.777291274
HND,2019,1.62579411368058e-06,2502.327443,8.942849037
HND,2020,1.48283931048931e-06,2307.614943,9.032846277
HUN,2000,7.49688741648566e-06,4624.281657,133.8541179
HUN,2001,7.5173132450742e-06,5276.033189,130.531518
HUN,2002,7.42175502785421e-06,6655.333009,127.0545534
HUN,2003,7.47108065588686e-06,8419.430871,123.6247832
HUN,2004,7.48705915596747e-06,10301.70339,120.4425097
HUN,2005,7.30992612816513e-06,11223.3993,117.7099726
HUN,2006,7.4606334590031e-06,11489.56087,115.2896368
HUN,2007,7.17451057998485e-06,13940.90928,112.9266109
HUN,2008,6.77571489994011e-06,15772.33008,110.6478795
HUN,2009,6.28310875866163e-06,13077.30547,108.4777756
HUN,2010,6.32149546056044e-06,13217.5046,106.441912
HUN,2011,6.29864816796529e-06,14234.47158,104.3454091
HUN,2012,5.89640781253749e-06,12984.83657,102.1286051
HUN,2013,5.72518250632108e-06,13715.07036,100.022643
HUN,2014,5.6437116098689e-06,14294.25842,98.25862832
HUN,2015,5.85956882374001e-06,12717.0386,97.06761358
HUN,2016,6.06514779922566e-06,13104.69955,96.34441582
HUN,2017,6.33692434158435e-06,14621.2396,95.7989051
HUN,2018,6.41710289043169e-06,16425.20503,95.38451991
HUN,2019,6.37135417450224e-06,16786.21364,95.05429388
HUN,2020,6.0480716756226e-06,16131.95404,95.32417487
ISL,2000,3.4435376326879e-05,32096.37226,99.70511624
ISL,2001,3.4422461469358e-05,28897.44394,97.92775579
ISL,2002,3.48789488145296e-05,32409.21615,95.97803981
ISL,2003,3.45536247802405e-05,39476.69785,93.96081073
ISL,2004,3.45600772406993e-05,47334.93065,91.95659363
ISL,2005,3.39354438655496e-05,56794.85016,90.12176543
ISL,2006,3.38581614447202e-05,57492.93425,88.14935396
ISL,2007,3.38303922764358e-05,69495.72674,85.91331953
ISL,2008,3.43283535067766e-05,56943.37045,83.66043278
ISL,2009,3.4205758887783e-05,41301.27322,81.60179033
ISL,2010,3.39396492905003e-05,43237.07295,80.05504262
ISL,2011,3.33311390722664e-05,47714.59223,78.84636526
ISL,2012,3.31230746205366e-05,45995.54788,77.69510448
ISL,2013,3.28983457086026e-05,49804.983,76.71385336
ISL,2014,3.17069147733868e-05,54576.74481,75.97161002
ISL,2015,3.19628795550383e-05,52951.68151,75.58965451
ISL,2016,3.00966792770071e-05,61987.92636,75.55147316
ISL,2017,2.98404193360513e-05,72010.14903,75.67487815
ISL,2018,2.89795617499383e-05,74452.18907,75.8351739
ISL,2019,2.79135685025918e-05,68452.23622,75.89253545
ISL,2020,2.68793848219329e-05,59023.56635,75.78614316
IND,2000,1.53362069779816e-06,442.7502189,119.7952903
IND,2001,1.53342906126395e-06,450.3579005,118.6032191
IND,2002,1.53706433665776e-06,469.149929,117.3460342
IND,2003,1.56159474019181e-06,544.1431335,116.0016998
IND,2004,1.63097803002688e-06,624.2588265,114.5476685
IND,2005,1.67211361592292e-06,710.4880804,112.9557989
IND,2006,1.74061603240212e-06,801.6683537,110.7861994
IND,2007,1.84040667767844e-06,1021.887077,107.9297478
IND,2008,1.88570809747038e-06,992.5195849,104.8406964
IND,2009,1.9588383621983e-06,1094.949746,101.964809
IND,2010,2.00615583875275e-06,1347.519391,99.74460054
IND,2011,2.11189034244243e-06,1445.461275,98.1109227
IND,2012,2.10529786571125e-06,1429.321995,96.67698832
IND,2013,2.10779664825831e-06,1432.843975,95.41191791
IND,2014,2.26261510934087e-06,1553.883961,94.28770503
IND,2015,2.26380959427151e-06,1583.998159,93.27523001
IND,2016,2.26782382950789e-06,1707.508929,92.12668245
IND,2017,2.34660812348758e-06,1950.104683,90.89138282
IND,2018,2.43991174818311e-06,1966.254552,89.9739637
IND,2019,2.4006613615211e-06,2041.428637,89.7571537
IND,2020,2.22854738760443e-06,1907.042516,90.87423314
IDN,2000,5.06879166063296e-06,763.711125,20.46150796
IDN,2001,2.46174607367988e-06,732.3070934,20.24680659
IDN,2002,3.46462116373926e-06,881.0029136,20.02597547
IDN,2003,2.67365085942018e-06,1043.210584,19.80699532
IDN,2004,4.34804488350987e-06,1126.840044,19.5988847
IDN,2005,4.54655779520786e-06,1238.214476,19.40965995
IDN,2006,7.818945428947e-06,1558.315628,19.22798134
IDN,2007,4.25674492528098e-06,1823.219763,19.04271512
IDN,2008,3.92068213553647e-06,2124.554839,18.85861288
IDN,2009,5.5567471606409e-06,2218.485419,18.68047737
IDN,2010,3.82534284013563e-06,3065.683484,18.51241309
IDN,2011,4.56454625379613e-06,3579.464425,18.31842103
IDN,2012,6.12080501854928e-06,3632.27254,18.09192617
IDN,2013,5.34756227306575e-06,3566.602845,17.87620753
IDN,2014,6.83472024531581e-06,3441.068085,17.71517003
IDN,2015,9.44576544602693e-06,3288.222697,17.65272335
IDN,2016,5.32984605548318e-06,3521.469435,17.75915538
IDN,2017,5.40829689369074e-06,3798.883262,18.00534262
IDN,2018,6.58950485561784e-06,3860.953531,18.27905218
IDN,2019,7.46315211454057e-06,4106.948562,18.46812176
IDN,2020,7.18735208451205e-06,3853.702888,18.60397785
IRN,2000,8.03435974219233e-06,1650.013858,58.73528838
IRN,2001,7.99308486085773e-06,1881.022666,58.15872906
IRN,2002,8.16756276018005e-06,1891.257561,57.40511543
IRN,2003,8.76141751542184e-06,2208.996366,56.55367243
IRN,2004,8.96935159537827e-06,2672.422665,55.66094157
IRN,2005,9.36918801887079e-06,3132.050819,54.80005707
IRN,2006,9.80384751098089e-06,3618.916014,53.89128133
IRN,2007,9.96612747579684e-06,4687.991663,52.8541389
IRN,2008,1.00503913144605e-05,5377.411507,51.77069053
IRN,2009,1.01980183192499e-05,5415.522806,50.72769375
IRN,2010,1.01986852584218e-05,6291.194437,49.8145098
IRN,2011,1.01839864508389e-05,8025.687434,48.98786692
IRN,2012,9.93283783487534e-06,8114.080998,48.16949363
IRN,2013,1.0053193517413e-05,6222.741948,47.40370762
IRN,2014,1.01586027688017e-05,5672.063729,46.73793856
IRN,2015,9.96051385630405e-06,4952.733555,46.21938505
IRN,2016,1.03641642839992e-05,5477.037124,45.82515345
IRN,2017,1.05487785644504e-05,5753.115447,45.5306465
IRN,2018,1.03005518079972e-05,4631.78709,45.37328459
IRN,2019,1.03185111440969e-05,3831.278948,45.38557692
IRN,2020,1.03827992706579e-05,2988.781224,45.70778844
IRL,2000,2.13786544320969e-05,26334.56721,107.0688331
IRL,2001,2.19790375307501e-05,28282.40988,108.0263007
IRL,2002,2.12098738869064e-05,32705.43456,109.0972532
IRL,2003,2.084230259268e-05,41203.52958,110.0910537
IRL,2004,1.9896704438191e-05,47754.20232,110.8190795
IRL,2005,1.99525759426757e-05,50933.02161,111.0844305
IRL,2006,1.96179044742466e-05,54329.16186,110.3275525
IRL,2007,1.83229285587307e-05,61396.41746,108.4699677
IRL,2008,1.75579969814306e-05,61353.10656,106.0710858
IRL,2009,1.60814706611912e-05,52133.09092,103.6685046
IRL,2010,1.60461650974583e-05,48679.40268,101.8009348
IRL,2011,1.49595946275221e-05,52692.78131,100.4272479
IRL,2012,1.50068713497653e-05,49411.73875,99.09186697
IRL,2013,1.48612098751334e-05,52619.21237,97.74178415
IRL,2014,1.4717438070824e-05,57278.25909,96.29894209
IRL,2015,1.51505639034981e-05,64311.82347,94.69712241
IRL,2016,1.55226077658041e-05,64292.65997,92.29960197
IRL,2017,1.54453936316353e-05,72499.32687,89.16722805
IRL,2018,1.42331831341955e-05,81248.31354,86.27754823
IRL,2019,1.36437699874755e-05,82508.46599,84.62036075
IRL,2020,1.30690887879805e-05,87567.1149,84.1373958
ISR,2000,1.09314994434727e-05,21660.84038,64.18832159
ISR,2001,1.06953719521665e-05,20907.1143,63.79400572
ISR,2002,1.09807153729072e-05,19034.31757,63.06764687
ISR,2003,1.10524836689239e-05,19629.41451,62.14452021
ISR,2004,1.08470994272287e-05,20546.22917,61.14681313
ISR,2005,1.03062149175337e-05,21226.72139,60.20238914
ISR,2006,1.05845442817245e-05,22502.07222,59.11798049
ISR,2007,1.07656021503879e-05,25635.92684,57.72547316
ISR,2008,1.07416949430823e-05,30176.28651,56.20367768
ISR,2009,1.02783210430694e-05,28381.64494,54.72494171
ISR,2010,1.08401936093184e-05,31338.55689,53.4660807
ISR,2011,1.06435267454737e-05,34433.82261,52.29768822
ISR,2012,1.13201314708299e-05,33236.57312,51.06143336
ISR,2013,1.00498045784478e-05,36929.60422,49.89127454
ISR,2014,9.56198497997736e-06,38230.4954,48.91710817
ISR,2015,9.81176835598621e-06,36123.99079,48.27500995
ISR,2016,9.65968874327171e-06,37556.62729,47.91353243
ISR,2017,9.48051828813423e-06,40997.91102,47.67572521
ISR,2018,8.90709010672311e-06,42233.26103,47.53322143
ISR,2019,9.00405345703557e-06,44140.82894,47.45675313
ISR,2020,8.45069505485562e-06,44679.77158,47.47341411
ITA,2000,9.15001074424572e-06,20190.00356,52.8323957
ITA,2001,8.90522886715192e-06,20571.47877,52.14357795
ITA,2002,8.98528079887545e-06,22463.52221,51.33803937
ITA,2003,9.42068270028461e-06,27618.94177,50.43094917
ITA,2004,9.42682009932959e-06,31425.82087,49.43949726
ITA,2005,9.38920380936977e-06,32171.79337,48.37789534
ITA,2006,9.14258207199751e-06,33684.72004,47.01327414
ITA,2007,9.34779085842832e-06,38031.97095,45.24732192
ITA,2008,8.73505277728249e-06,41095.40634,43.30222287
ITA,2009,7.75134733493904e-06,37388.45371,41.39742341
ITA,2010,7.81137106564546e-06,36184.71187,39.75408619
ITA,2011,7.73393838666304e-06,38851.38813,38.22103691
ITA,2012,7.53959411664654e-06,35235.79891,36.59783683
ITA,2013,6.67099722568409e-06,35747.70795,35.02731165
ITA,2014,6.25866067524561e-06,35750.71975,33.6506628
ITA,2015,6.35791371141479e-06,30387.12932,32.60946636
ITA,2016,6.32981258768092e-06,31126.32469,31.75919734
ITA,2017,6.61714861308367e-06,32554.14668,30.94844498
ITA,2018,6.31085390428879e-06,34746.34414,30.31276933
ITA,2019,6.14540176836138e-06,33812.78872,29.98499446
ITA,2020,5.65909828909714e-06,32091.48666,29.96715265
JAM,2000,3.93078372560132e-06,3453.092528,11.12175063
JAM,2001,3.93148460811849e-06,3503.550267,11.18630083
JAM,2002,3.89017985497082e-06,3680.645517,11.28250754
JAM,2003,4.00610097857317e-06,3549.707584,11.39019221
JAM,2004,3.9705114651648e-06,3807.562931,11.48909871
JAM,2005,3.94229244834329e-06,4184.439749,11.55940159
JAM,2006,4.43822362945433e-06,4417.001271,11.56769634
JAM,2007,4.39652885253151e-06,4716.486125,11.51703283
JAM,2008,3.49701996048627e-06,5029.800953,11.44226617
JAM,2009,2.80979687577069e-06,4428.381533,11.3800324
JAM,2010,2.6590937535473e-06,4809.97738,11.3656223
JAM,2011,2.62463892332314e-06,5232.636449,11.38192136
JAM,2012,2.39988024945625e-06,5340.833332,11.39379932
JAM,2013,2.55801029354234e-06,5124.213014,11.40800923
JAM,2014,2.45859595833412e-06,4975.11327,11.43278101
JAM,2015,2.40457386065611e-06,5062.895565,11.47518946
JAM,2016,2.58541628483424e-06,5009.794501,11.72545729
JAM,2017,2.47542052529971e-06,5259.313341,12.21813878
JAM,2018,2.96957870598068e-06,5578.103461,12.72649134
JAM,2019,2.87694663388672e-06,5607.243007,13.02411021
JAM,2020,1.95655622083138e-06,4879.440246,13.07805437
JPN,2000,1.02972556625119e-05,39169.35957,166.2248095
JPN,2001,1.00965890412036e-05,34406.18246,169.6961016
JPN,2002,1.02782141315862e-05,32820.79364,173.6981741
JPN,2003,1.02061361750106e-05,35387.03742,177.53567
JPN,2004,1.01571848999303e-05,38298.98017,180.5164663
JPN,2005,1.02714704984621e-05,37812.89502,181.9411408
JPN,2006,1.0068957560968e-05,35991.546,182.0529808
JPN,2007,1.03630815384255e-05,35779.02454,181.6493106
JPN,2008,9.84621397281026e-06,39876.30397,180.8670169
JPN,2009,9.33991190734652e-06,41308.99684,179.8414555
JPN,2010,9.79201530413055e-06,44968.15623,178.7035677
JPN,2011,1.02145119022475e-05,48760.07895,177.0874738
JPN,2012,1.05061216494684e-05,49145.28043,174.7713456
JPN,2013,1.07084875828789e-05,40898.6479,172.116824
JPN,2014,1.03287784028411e-05,38475.39525,169.4803526
JPN,2015,1.00429043345577e-05,34960.63938,167.2186976
JPN,2016,1.00632944064969e-05,39375.47316,164.886097
JPN,2017,9.92485193585987e-06,38834.05293,162.1955529
JPN,2018,9.62493711113389e-06,39751.1331,159.754451
JPN,2019,9.35976483223173e-06,40415.95676,158.166778
JPN,2020,8.84249768337016e-06,40040.76551,157.4854375
JOR,2000,3.4904941483531e-06,1570.610029,26.35834815
JOR,2001,3.46040494688568e-06,1632.29454,26.09788876
JOR,2002,3.5533948497044e-06,1706.267444,25.80520094
JOR,2003,3.59113857120067e-06,1775.676256,25.50671218
JOR,2004,3.77614240994781e-06,1940.086413,25.2243023
JOR,2005,3.95799911337211e-06,2087.870793,24.97964247
JOR,2006,3.77121532271904e-06,2342.634596,24.67254542
JOR,2007,3.71136041031007e-06,2506.205995,24.2521428
JOR,2008,3.57733610343889e-06,3241.652414,23.81090139
JOR,2009,3.57422050300535e-06,3435.833759,23.39928061
JOR,2010,3.45781160944235e-06,3718.465716,23.05462667
JOR,2011,3.48015032302982e-06,3946.855039,22.72625918
JOR,2012,3.93131682124209e-06,4169.504701,22.37123516
JOR,2013,3.69798627569803e-06,4311.219167,22.04514407
JOR,2014,3.60637464156575e-06,4191.180501,21.80351648
JOR,2015,3.32574135944562e-06,4042.756781,21.71420773
JOR,2016,3.19010885769031e-06,3986.71677,21.92777735
JOR,2017,3.26985157451086e-06,4065.616287,22.40348787
JOR,2018,3.10660957536512e-06,4145.439897,22.9232075
JOR,2019,2.92729751456419e-06,4170.1144,23.2708677
JOR,2020,2.70518023183683e-06,4022.040136,23.52225942
KAZ,2000,1.50677793702809e-05,1180.044456,150.0906972
KAZ,2001,1.47910860290648e-05,1422.273318,152.9684005
KAZ,2002,1.56409562514447e-05,1573.552199,155.9933564
KAZ,2003,1.65209387212349e-05,1958.020502,158.8160267
KAZ,2004,1.70167315040814e-05,2722.474078,161.0689827
KAZ,2005,1.75029779654044e-05,3577.35804,162.405768
KAZ,2006,1.871356896756e-05,5030.134947,162.8098934
KAZ,2007,1.88762416487843e-05,6449.439311,162.6223695
KAZ,2008,2.12122162173679e-05,8123.547059,162.0385311
KAZ,2009,1.9079382564676e-05,6938.011757,161.2415425
KAZ,2010,1.97662265001506e-05,8793.0759,160.4136464
KAZ,2011,2.0529694066601e-05,11287.14649,159.40264
KAZ,2012,1.98960239813624e-05,12018.79665,158.0128932
KAZ,2013,2.04335294126358e-05,13478.45963,156.3395268
KAZ,2014,1.7216591449901e-05,12427.70946,154.4885206
KAZ,2015,1.52530647109082e-05,10196.12263,152.56202
KAZ,2016,1.57284029275305e-05,7475.566887,149.7231238
KAZ,2017,1.63982914155108e-05,8943.084168,145.9350265
KAZ,2018,1.64787988544915e-05,9472.485273,142.494471
KAZ,2019,1.54184154708425e-05,9457.126147,140.6935883
KAZ,2020,1.58416767541228e-05,8781.507978,141.1367705
KEN,2000,3.39772129848066e-06,414.6263651,31.44282641
KEN,2001,3.32298728904016e-06,410.7004525,31.46313978
KEN,2002,3.29275918509848e-06,402.9363856,31.38518062
KEN,2003,3.23156363251248e-06,442.8984573,31.22774584
KEN,2004,3.25803640115915e-06,463.6627813,31.01031442
KEN,2005,3.22802932265638e-06,523.4563124,30.75133174
KEN,2006,2.4275439133874e-06,699.8023706,30.39300149
KEN,2007,2.87528122112877e-06,840.2014395,29.91422212
KEN,2008,2.91029379398251e-06,915.5443547,29.38887277
KEN,2009,2.79723341083525e-06,1047.967832,28.89146755
KEN,2010,3.0996284078728e-06,1091.518731,28.49701231
KEN,2011,3.0350811737588e-06,1096.144998,28.1436811
KEN,2012,2.91982125624679e-06,1285.005362,27.76124876
KEN,2013,2.85559376751278e-06,1370.878852,27.41163255
KEN,2014,2.99368923099907e-06,1482.815663,27.15807487
KEN,2015,2.97527894587314e-06,1489.119598,27.06456234
KEN,2016,3.04146763563294e-06,1554.126103,27.22047976
KEN,2017,2.91716294597604e-06,1667.484472,27.58040588
KEN,2018,2.90331008317209e-06,1836.452755,28.00680625
KEN,2019,3.01663812429732e-06,1960.408089,28.36431083
KEN,2020,3.17664819885289e-06,1927.66459,28.82414693
KOR,2000,1.01872759788199e-05,12257.02066,139.8283693
KOR,2001,1.02159198773304e-05,11561.20717,147.3356657
KOR,2002,1.03436106771585e-05,13165.08362,156.0103787
KOR,2003,1.03442534535279e-05,14672.80575,164.7587743
KOR,2004,1.07327945942266e-05,16496.13162,172.5053165
KOR,2005,1.0753959136413e-05,19402.50263,178.1604954
KOR,2006,1.08235050897336e-05,21743.47745,182.3700872
KOR,2007,1.10455241656345e-05,24086.41044,186.3241784
KOR,2008,1.11053418155093e-05,21350.42798,189.7672077
KOR,2009,1.12422538933214e-05,19143.85161,192.4834377
KOR,2010,1.22935912967223e-05,23079.26013,194.2339781
KOR,2011,1.27940230978305e-05,25097.59543,195.2811466
KOR,2012,1.29309163514881e-05,25459.1689,195.9765847
KOR,2013,1.29007848734653e-05,27179.51701,196.2627859
KOR,2014,1.27748212941467e-05,29252.93124,196.0751013
KOR,2015,1.30568439089038e-05,28737.43917,195.3333027
KOR,2016,1.33067363315057e-05,29280.44032,191.7539393
KOR,2017,1.34676433670858e-05,31600.73587,185.0489236
KOR,2018,1.34982110517352e-05,33447.15628,178.2063598
KOR,2019,1.30850097388532e-05,31902.4169,174.1863379
KOR,2020,1.24286968427628e-05,31721.29891,173.3889209
KWT,2000,4.51168434790038e-05,19296.34717,28.69401584
KWT,2001,4.4839130709753e-05,17374.23187,28.68710836
KWT,2002,4.52707170090496e-05,18512.7523,28.57477006
KWT,2003,4.90964656300521e-05,22690.65518,28.4103365
KWT,2004,5.02662099271318e-05,27552.28274,28.22858677
KWT,2005,5.37086661766783e-05,36122.61427,28.07229095
KWT,2006,5.22619678416126e-05,42946.63741,27.91314697
KWT,2007,4.77145900114319e-05,45709.41329,27.71244547
KWT,2008,4.689956819381e-05,55585.18893,27.49132125
KWT,2009,4.39547856471366e-05,37907.10013,27.29002573
KWT,2010,4.28436500720942e-05,39212.27267,27.12901281
KWT,2011,4.25209731570403e-05,49169.6064,27.00051737
KWT,2012,4.11407898273625e-05,52155.22255,26.89067174
KWT,2013,3.98442177018134e-05,49651.04397,26.81366083
KWT,2014,3.76844988755757e-05,44368.78137,26.80806354
KWT,2015,3.72124256827486e-05,29882.21269,26.8916724
KWT,2016,3.68710939997443e-05,27323.68906,27.20585599
KWT,2017,3.49866853181323e-05,29047.65358,27.74256673
KWT,2018,3.44400562967863e-05,32067.96237,28.30311996
KWT,2019,3.38520492463841e-05,31707.87375,28.68837443
KWT,2020,3.3899602001424e-05,25236.07555,28.95596406
KGZ,2000,1.10710478319079e-07,279.621767,70.83737699
KGZ,2001,-5.64E-08,308.4113267,70.15225574
KGZ,2002,1.62181527896665e-07,321.7267754,69.35614282
KGZ,2003,2.96313451409273e-07,380.5058288,68.54425402
KGZ,2004,2.81661280467678e-07,433.2339157,67.80486057
KGZ,2005,2.97018579641424e-07,476.5482398,67.22152253
KGZ,2006,2.67248048385962e-07,543.1135125,66.79559741
KGZ,2007,5.21203366876187e-07,721.771646,66.4576125
KGZ,2008,7.77309767051489e-07,966.3885694,66.18126256
KGZ,2009,7.45411152464087e-07,870.1988945,65.94162235
KGZ,2010,6.84078953601927e-07,876.9544764,65.70631522
KGZ,2011,1.04121687805492e-06,1117.401844,65.46240582
KGZ,2012,1.40820824065352e-06,1168.622447,65.22043861
KGZ,2013,1.35985736911799e-06,1269.663035,64.98114149
KGZ,2014,1.48076956941662e-06,1264.526795,64.75465875
KGZ,2015,1.52434521913446e-06,1105.65203,64.54502693
KGZ,2016,1.45057647047012e-06,1103.274984,64.26579705
KGZ,2017,1.47663689513495e-06,1221.390565,63.9115062
KGZ,2018,1.77448165983068e-06,1283.520403,63.6083453
KGZ,2019,1.59334807337732e-06,1421.999275,63.49175482
KGZ,2020,1.43289414140525e-06,1229.517757,63.78487066
LAO,2000,1.00075084529935e-05,318.7498522,48.27123213
LAO,2001,9.5151627769501e-06,320.3160054,47.06457758
LAO,2002,9.01816093670718e-06,313.3508171,45.88013812
LAO,2003,8.54876626573265e-06,355.0972162,44.75209372
LAO,2004,8.1266757829026e-06,409.2962983,43.71564019
LAO,2005,7.59596648654414e-06,466.061507,42.8065083
LAO,2006,7.57511067883016e-06,579.3919474,41.96369642
LAO,2007,7.54349731417336e-06,697.3230137,41.13313316
LAO,2008,7.54132928625921e-06,885.7473761,40.3594129
LAO,2009,7.58849994921208e-06,935.0323728,39.68896807
LAO,2010,7.6166280982237e-06,1125.916102,39.16493209
LAO,2011,7.50807193239338e-06,1361.547044,38.75566858
LAO,2012,7.57153958795382e-06,1563.565077,38.40613869
LAO,2013,7.55584495533084e-06,1812.517744,38.1211004
LAO,2014,7.5902871058657e-06,1981.039109,37.90529275
LAO,2015,8.21533614294777e-06,2121.013391,37.76350143
LAO,2016,9.19728196002722e-06,2303.22156,37.67865566
LAO,2017,9.53196050182477e-06,2432.430595,37.6401435
LAO,2018,9.46359064792661e-06,2545.107542,37.65593386
LAO,2019,9.28140072255637e-06,2589.32081,37.73415703
LAO,2020,9.25051313320174e-06,2583.777307,38.13602032
LVA,2000,-1.14E-06,3278.178964,152.452172
LVA,2001,-1.09E-06,3504.618295,148.9830466
LVA,2002,-3.37E-07,4003.609358,143.4943999
LVA,2003,-5.16E-09,4914.579928,137.136746
LVA,2004,1.72381338699372e-06,6109.732652,131.0357494
LVA,2005,2.12341527756623e-06,7283.787381,126.3282061
LVA,2006,2.09474850080487e-06,9211.737447,122.8280114
LVA,2007,2.54985059025371e-06,13370.97895,119.6053608
LVA,2008,2.10878317492773e-06,15677.60809,116.6768181
LVA,2009,3.16127282040315e-06,11996.03227,114.0569523
LVA,2010,4.57451652042497e-06,11188.41917,111.7621725
LVA,2011,4.21190566240182e-06,12902.57405,109.4886405
LVA,2012,3.57495555023573e-06,13329.34999,107.1157702
LVA,2013,4.12233243087337e-06,14484.47153,104.8824456
LVA,2014,5.99604169362548e-06,15185.81458,103.0368981
LVA,2015,5.52118883838248e-06,13321.97531,101.84332
LVA,2016,4.62405149787935e-06,13838.52668,101.1930242
LVA,2017,3.83025236735988e-06,15132.49583,100.774354
LVA,2018,5.41902288013433e-06,17252.17104,100.530667
LVA,2019,4.41472613440539e-06,17294.97516,100.4107272
LVA,2020,5.73033004305825e-06,17564.23215,100.3557282
LBN,2000,3.65780927346894e-06,3986.835139,33.60474737
LBN,2001,3.86754137628188e-06,4009.559298,33.4896761
LBN,2002,3.8395619226509e-06,4290.852838,33.36451417
LBN,2003,3.86533401333066e-06,4437.715885,33.25483009
LBN,2004,3.88176059769368e-06,4600.683714,33.18012002
LBN,2005,3.85131816860347e-06,4602.198046,33.16608625
LBN,2006,3.72845567881029e-06,4635.251412,33.24656401
LBN,2007,3.3936208820677e-06,5125.2581,33.4101516
LBN,2008,4.05666272921703e-06,5912.045328,33.63158243
LBN,2009,4.70239391284996e-06,7090.854939,33.88647878
LBN,2010,4.4829813333418e-06,7625.810516,34.14204487
LBN,2011,4.56018618451262e-06,7834.962571,34.40860898
LBN,2012,4.99115502635539e-06,8406.984056,34.69119571
LBN,2013,4.47044243202153e-06,8162.379294,34.92246161
LBN,2014,4.36528181074809e-06,7577.64133,35.09579548
LBN,2015,4.62722957807909e-06,7714.11,35.28435094
LBN,2016,4.92581123696438e-06,8089.012088,35.59265275
LBN,2017,5.32826590616299e-06,8608.21085,35.99144233
LBN,2018,5.21359952902006e-06,9174.536662,36.37905334
LBN,2019,5.34392918641064e-06,8905.880055,36.69541581
LBN,2020,4.5520147839558e-06,5561.19167,37.07191132
LSO,2000,5.08944250573752e-06,442.7795458,67.24578379
LSO,2001,5.10202398676964e-06,412.6774737,69.39828373
LSO,2002,5.0501358865261e-06,388.9233499,71.91856662
LSO,2003,5.0922415908041e-06,583.2700362,74.58844988
LSO,2004,5.12624998160952e-06,766.6858209,77.18521113
LSO,2005,5.55492976207787e-06,861.3814964,79.47734541
LSO,2006,5.39730589703264e-06,925.4674855,81.6431886
LSO,2007,5.33034893317251e-06,861.1884209,83.90707307
LSO,2008,5.05181432779688e-06,898.4825179,86.1030065
LSO,2009,4.96571478477023e-06,878.8479505,88.06893721
LSO,2010,5.14569560641422e-06,1119.475578,89.64589631
LSO,2011,5.11551835170548e-06,1280.733909,90.96170178
LSO,2012,5.09316470978011e-06,1217.930712,92.23345369
LSO,2013,4.98442988683708e-06,1151.037358,93.42370674
LSO,2014,4.92421237745116e-06,1173.537793,94.49245324
LSO,2015,4.84132222059088e-06,1121.198513,95.40454397
LSO,2016,4.79318182031541e-06,992.4918407,96.25109845
LSO,2017,4.82237808920268e-06,1069.366732,97.11025486
LSO,2018,4.68693256054329e-06,1170.655697,97.92400435
LSO,2019,4.58829413348843e-06,1082.057068,98.64292298
LSO,2020,4.43649873173245e-06,918.5825774,99.86427937
LBR,2000,-6.29E-06,298.4853406,30.14730409
LBR,2001,-6.09E-06,300.4638286,30.29819277
LBR,2002,-5.92E-06,299.5364455,30.47979928
LBR,2003,-5.85E-06,239.7795567,30.67307862
LBR,2004,-5.74E-06,284.140224,30.85325215
LBR,2005,-5.42E-06,287.4873334,31.00046574
LBR,2006,-5.05E-06,320.5580862,31.14264435
LBR,2007,-4.84E-06,374.2113081,31.32884432
LBR,2008,-4.65E-06,451.7138563,31.51287756
LBR,2009,-4.47E-06,448.386367,31.67405188
LBR,2010,-4.27E-06,492.252808,31.78464468
LBR,2011,-4.07E-06,568.0878655,31.82899308
LBR,2012,-3.90E-06,638.3687515,31.85355334
LBR,2013,-3.82E-06,710.7445709,31.86503359
LBR,2014,-3.67E-06,706.7144901,31.89130412
LBR,2015,-3.57E-06,692.5900824,31.94157728
LBR,2016,-3.47E-06,714.6130631,32.06143678
LBR,2017,-3.44E-06,699.2690957,32.26268478
LBR,2018,-3.33E-06,692.2031271,32.49297941
LBR,2019,-3.23E-06,658.1641808,32.71237666
LBR,2020,-3.14E-06,616.787867,33.11683227
LTU,2000,2.53670772353821e-06,3300.636349,226.6438366
LTU,2001,3.37816618445565e-06,3532.527874,225.3003967
LTU,2002,3.8281276547915e-06,4148.130915,221.8017944
LTU,2003,4.09148711954423e-06,5507.474342,217.1266667
LTU,2004,4.53199884515446e-06,6734.574871,212.2559028
LTU,2005,5.16314685685117e-06,7857.031488,208.1671361
LTU,2006,5.45507535530805e-06,9210.101182,204.7263374
LTU,2007,5.60527763799889e-06,12295.12128,201.1995848
LTU,2008,5.67754486777222e-06,14955.53455,197.6470543
LTU,2009,4.45702636427904e-06,11854.37111,194.1597267
LTU,2010,3.92218080239384e-06,11829.12261,190.8094706
LTU,2011,4.24349801774371e-06,14261.84338,186.7057732
LTU,2012,4.6146745418745e-06,14294.71786,181.5056449
LTU,2013,4.34758353565909e-06,15655.35133,176.1144611
LTU,2014,4.72652297614862e-06,16473.56782,171.4413293
LTU,2015,5.26085145495041e-06,14300.25537,168.3827304
LTU,2016,5.3739046820148e-06,14981.62081,166.4940809
LTU,2017,5.80260309439638e-06,16884.71003,164.843437
LTU,2018,5.81094061379747e-06,19368.5391,163.6167172
LTU,2019,6.26801763836204e-06,19727.76075,162.9638798
LTU,2020,6.11484909039191e-06,20541.82499,163.5290482
LUX,2000,2.10316296126518e-05,48659.59888,100.2698155
LUX,2001,2.20100787044901e-05,48440.14202,98.07436353
LUX,2002,2.33585476550681e-05,53005.73392,95.37413445
LUX,2003,2.40575249651263e-05,65689.32145,92.47790185
LUX,2004,2.676911994237e-05,76544.91709,89.74196379
LUX,2005,2.69383736278856e-05,80988.13762,87.51685376
LUX,2006,2.62914244970241e-05,90788.80049,85.60276992
LUX,2007,2.48518207557194e-05,107475.3203,83.6635986
LUX,2008,2.41219686892459e-05,120422.1379,81.8104163
LUX,2009,2.24901211973892e-05,109419.747,80.16142935
LUX,2010,2.39671133221423e-05,110885.9914,78.86304055
LUX,2011,2.28007493050022e-05,119025.0572,77.75669726
LUX,2012,2.16165109069472e-05,112584.6763,76.63609282
LUX,2013,1.98365724381625e-05,120000.1407,75.60800668
LUX,2014,1.86312169816239e-05,123678.7021,74.74778824
LUX,2015,1.73476660978504e-05,105462.0126,74.14267971
LUX,2016,1.63801901672468e-05,106899.2935,74.01826086
LUX,2017,1.64633696439591e-05,110193.2138,74.33555133
LUX,2018,1.68831318364997e-05,116786.5117,74.74192725
LUX,2019,1.65923925929152e-05,112726.4397,74.86845028
LUX,2020,1.34670750722932e-05,116905.3704,74.52803478
MDG,2000,3.64434295302022e-06,280.2829056,29.99579743
MDG,2001,3.41858794891475e-06,319.2832782,29.83973805
MDG,2002,3.21645469125687e-06,304.9417774,29.70922114
MDG,2003,3.1792476853786e-06,352.6200958,29.59138106
MDG,2004,3.11783856573966e-06,272.2007486,29.47314139
MDG,2005,3.1541035570116e-06,305.8120749,29.34136064
MDG,2006,3.0767665088314e-06,324.1468749,29.16121528
MDG,2007,3.01582054221005e-06,419.5480014,28.93206544
MDG,2008,2.95161404407604e-06,512.5798001,28.69055653
MDG,2009,2.88053991037384e-06,446.3152384,28.47403646
MDG,2010,2.82384438051258e-06,450.0093916,28.31928805
MDG,2011,2.7507481717443e-06,506.1636916,28.19805886
MDG,2012,2.72978877983609e-06,493.5111629,28.07074547
MDG,2013,2.6324333897846e-06,515.3015894,27.95471395
MDG,2014,2.62465621949748e-06,505.6849225,27.867431
MDG,2015,2.57077382666458e-06,445.3200695,27.82557088
MDG,2016,2.5068590164457e-06,453.9707145,27.86591539
MDG,2017,2.46148189279865e-06,491.8668487,27.98581249
MDG,2018,2.35166663114496e-06,500.4571855,28.14168927
MDG,2019,2.36059010712926e-06,499.8188376,28.29026042
MDG,2020,2.2819684048481e-06,450.7716152,28.71582722
MWI,2000,6.6935655909159e-07,224.2241592,31.87326433
MWI,2001,6.4927648943014e-07,215.4745249,31.70283291
MWI,2002,6.36643087293063e-07,428.2104398,31.50472122
MWI,2003,6.36379173988517e-07,383.3485969,31.27866762
MWI,2004,6.23907214430637e-07,404.6742484,31.02468629
MWI,2005,6.52771009665008e-07,414.361122,30.74220333
MWI,2006,6.6946739682943e-07,440.822149,30.4080798
MWI,2007,6.95997442021021e-07,475.1802617,30.0281913
MWI,2008,7.15719915912641e-07,554.0488204,29.64560622
MWI,2009,7.06894266572973e-07,625.8697299,29.30531432
MWI,2010,7.33674646475022e-07,683.1246947,29.0491199
MWI,2011,8.17345693966245e-07,763.0610004,28.83249775
MWI,2012,8.12084246444064e-07,558.4620883,28.60387517
MWI,2013,7.68774994097198e-07,496.9473683,28.39379276
MWI,2014,7.63774086369143e-07,529.513344,28.2335481
MWI,2015,7.59201308096702e-07,539.6053632,28.15322713
MWI,2016,7.58873337848341e-07,450.5061055,28.20600777
MWI,2017,7.86636595977265e-07,495.7696834,28.37832447
MWI,2018,8.3021010108926e-07,533.2031737,28.59948801
MWI,2019,8.828245001827e-07,580.8898161,28.79967489
MWI,2020,8.56767480186228e-07,602.5074782,29.30333034
MYS,2000,-8.06E-07,4083.528745,31.90392542
MYS,2001,-5.90E-07,3943.799439,31.66754156
MYS,2002,-3.35E-07,4184.031638,31.41724957
MYS,2003,6.98066362658523e-08,4465.321946,31.17439317
MYS,2004,5.22980529736738e-07,4939.248519,30.96164158
MYS,2005,8.45364606715936e-07,5555.5818,30.8019479
MYS,2006,8.59799312655668e-07,6158.407855,30.67156259
MYS,2007,1.23802572071985e-06,7168.930319,30.54774021
MYS,2008,1.40285517706001e-06,8371.821561,30.44470227
MYS,2009,5.22983683640098e-07,7191.432872,30.37817171
MYS,2010,7.97368041961244e-07,8899.345055,30.36500688
MYS,2011,6.23262317151417e-07,10217.10686,30.39421235
MYS,2012,3.92234982561172e-07,10600.57442,30.44765054
MYS,2013,7.12663589320237e-07,10713.64076,30.52297398
MYS,2014,9.00533510128652e-07,11013.31073,30.62147362
MYS,2015,1.48424742477443e-06,9648.679794,30.74608481
MYS,2016,1.5967349157439e-06,9476.534098,31.07162027
MYS,2017,1.20213338977274e-06,9862.548066,31.64674078
MYS,2018,1.6818770472469e-06,10901.802,32.2698945
MYS,2019,1.68065784473459e-06,10920.19176,32.74151166
MYS,2020,1.56339601714487e-06,9957.526267,33.07459239
MLI,2000,-2.10E-05,256.199555,28.7288613
MLI,2001,-2.03E-05,291.1594979,28.51191211
MLI,2002,-1.96E-05,318.042432,28.23041808
MLI,2003,-1.89E-05,371.6270164,27.9236972
MLI,2004,-1.83E-05,416.2783444,27.62911577
MLI,2005,-1.76E-05,461.4579203,27.38428043
MLI,2006,-1.70E-05,493.6287065,27.18081204
MLI,2007,-1.64E-05,564.1579583,26.99593202
MLI,2008,-1.55E-05,658.4931833,26.83992808
MLI,2009,-1.22E-05,662.8833881,26.72276733
MLI,2010,-1.37E-05,670.369099,26.65470149
MLI,2011,-1.48E-05,789.0627255,26.63135914
MLI,2012,-1.25E-05,733.7389353,26.6407252
MLI,2013,-1.31E-05,758.4755326,26.67766761
MLI,2014,-6.86E-06,797.1545108,26.73530703
MLI,2015,-6.55E-06,704.8216464,26.80903393
MLI,2016,-6.16E-06,730.8549382,26.923761
MLI,2017,-5.85E-06,775.5364921,27.08908128
MLI,2018,-5.57E-06,835.0867106,27.27848855
MLI,2019,-5.35E-06,820.1973908,27.46557296
MLI,2020,-5.14E-06,804.3439567,27.83607483
MLT,2000,5.99404748171562e-06,10348.48655,38.97182947
MLT,2001,6.9000173015663e-06,10357.70404,39.27351581
MLT,2002,6.45984912960358e-06,11251.20609,39.68837725
MLT,2003,7.16715757359841e-06,13593.9742,40.11587695
MLT,2004,7.04416998115972e-06,15212.12674,40.44441575
MLT,2005,7.14476740442855e-06,15831.34405,40.57369625
MLT,2006,7.27866215322668e-06,16653.60718,40.49103673
MLT,2007,7.45837472094098e-06,19444.1875,40.29049677
MLT,2008,7.51748379863159e-06,22315.31986,40.05094485
MLT,2009,6.98220749278142e-06,21176.31124,39.82806697
MLT,2010,7.17139355573354e-06,21946.60697,39.70030561
MLT,2011,7.16965993062162e-06,23516.96912,39.6516154
MLT,2012,7.3102269372518e-06,22878.31309,39.61838284
MLT,2013,6.41857233072045e-06,25346.52365,39.60901768
MLT,2014,6.27258041504241e-06,27356.60803,39.60841147
MLT,2015,4.59226204519462e-06,25481.89776,39.62373125
MLT,2016,3.84929593548784e-06,26409.62859,39.72191072
MLT,2017,4.1771456776617e-06,30259.39526,39.8906213
MLT,2018,4.00326021913625e-06,33332.19056,40.04521452
MLT,2019,4.03997920890684e-06,32412.26978,40.09874606
MLT,2020,3.83480940442278e-06,31796.82134,39.91953082
MRT,2000,3.25892185819385e-06,680.9110619,25.17524596
MRT,2001,3.31130821723484e-06,651.8178402,24.94749981
MRT,2002,3.38374128906343e-06,648.8796439,24.68554334
MRT,2003,3.39880216099236e-06,732.0178208,24.41623104
MRT,2004,3.31356338699827e-06,823.5544571,24.18925621
MRT,2005,3.30840585371032e-06,998.9658342,24.02681351
MRT,2006,3.44083274158332e-06,1300.60368,23.90639188
MRT,2007,3.2638562665633e-06,1405.150162,23.79197739
MRT,2008,3.10369623176678e-06,1635.563062,23.69399702
MRT,2009,3.16890387669404e-06,1435.430108,23.62863185
MRT,2010,3.13391615661029e-06,1659.963697,23.60514553
MRT,2011,3.14318985523341e-06,1931.199755,23.61675812
MRT,2012,3.18756331109351e-06,1859.117332,23.65093025
MRT,2013,3.09668324979287e-06,1934.241031,23.70797785
MRT,2014,3.17655074140305e-06,1713.008653,23.7891418
MRT,2015,3.16727933899468e-06,1554.948979,23.8952689
MRT,2016,3.04965647961157e-06,1565.765757,24.1234056
MRT,2017,3.24352823825583e-06,1615.004013,24.50336786
MRT,2018,3.21853707680479e-06,1722.935289,24.9337514
MRT,2019,3.31015366268342e-06,1767.072711,25.31566271
MRT,2020,3.28571077649745e-06,1795.764596,25.79161705
MUS,2000,2.48712372764399e-06,3981.983432,86.68449697
MUS,2001,2.59110063053431e-06,3908.556949,84.93152129
MUS,2002,2.59176952751114e-06,4073.060531,82.77277885
MUS,2003,2.61593743046227e-06,4858.265755,80.45642592
MUS,2004,2.6570778286376e-06,5460.608002,78.23154466
MUS,2005,2.76774999307961e-06,5354.029743,76.34808329
MUS,2006,3.36783911779293e-06,5695.975255,74.54136078
MUS,2007,3.46111339673935e-06,6574.663576,72.55110171
MUS,2008,3.54732377316997e-06,8030.052281,70.63332578
MUS,2009,3.53703497353356e-06,7318.12641,69.04486462
MUS,2010,3.76111644273832e-06,8000.376432,68.04274295
MUS,2011,3.77665673376961e-06,9197.042991,67.51923516
MUS,2012,3.85537813265896e-06,9291.236276,67.18735133
MUS,2013,3.96901488330936e-06,9764.644131,67.03293261
MUS,2014,4.12390343226494e-06,10366.35508,67.04195153
MUS,2015,4.1576429729214e-06,9507.871337,67.20089487
MUS,2016,4.24467872129469e-06,9965.725311,67.57889882
MUS,2017,4.42996093722206e-06,10841.68478,68.14369768
MUS,2018,4.43655344558253e-06,11643.4606,68.73017228
MUS,2019,4.49697271294684e-06,11403.25279,69.17274308
MUS,2020,4.17728397948206e-06,9011.042884,69.72631006
MEX,2000,3.6352526574452e-06,7524.027137,17.81557098
MEX,2001,3.60278567542351e-06,7952.764796,18.04599754
MEX,2002,3.73911516516462e-06,7983.033985,18.22768501
MEX,2003,3.89332959404202e-06,7434.074649,18.37997625
MEX,2004,3.89969815448725e-06,7849.667596,18.52185503
MEX,2005,4.09969316757845e-06,8671.758919,18.6716632
MEX,2006,4.22043289410732e-06,9512.635753,18.86862691
MEX,2007,4.34705660414826e-06,10134.33271,19.12343879
MEX,2008,4.34990529678434e-06,10523.76854,19.41025758
MEX,2009,4.40392079190983e-06,8423.569332,19.70329965
MEX,2010,4.38438851264516e-06,9728.800784,19.97680522
MEX,2011,4.52971908941609e-06,10664.4944,20.26572194
MEX,2012,4.57336839133845e-06,10744.13352,20.60916411
MEX,2013,4.45929497159934e-06,11216.80085,20.98758066
MEX,2014,4.39875235361681e-06,11391.37735,21.38133376
MEX,2015,4.32277881946017e-06,10021.23861,21.77047274
MEX,2016,4.41632338279845e-06,9097.923977,22.38705864
MEX,2017,4.2725952711675e-06,9649.278168,23.27007076
MEX,2018,4.1191893207709e-06,10084.79376,24.10943727
MEX,2019,4.11131154634994e-06,10369.55536,24.5937684
MEX,2020,3.64952959349365e-06,8841.27075,24.74020988
FSM,2000,-4.72E-06,2081.966013,113.1378821
FSM,2001,-4.71E-06,2144.537,112.7826026
FSM,2002,-4.70E-06,2156.705322,112.501905
FSM,2003,-4.71E-06,2185.80309,112.2818029
FSM,2004,-4.73E-06,2146.401608,112.1086251
FSM,2005,-4.75E-06,2246.453703,111.9711974
FSM,2006,-4.78E-06,2289.751556,111.8595882
FSM,2007,-4.81E-06,2336.978522,111.7799893
FSM,2008,-4.85E-06,2415.59356,111.7453005
FSM,2009,-4.88E-06,2596.261474,111.7675788
FSM,2010,-4.90E-06,2761.243258,111.8587547
FSM,2011,-4.87E-06,2890.50493,112.1696514
FSM,2012,-4.86E-06,3033.169895,112.7137449
FSM,2013,-4.84E-06,2933.883334,113.2958831
FSM,2014,-4.83E-06,2945.41496,113.7214081
FSM,2015,-4.81E-06,2911.16211,113.7959064
FSM,2016,-4.78E-06,2979.601192,112.9167409
FSM,2017,-4.77E-06,3279.10779,111.168114
FSM,2018,-4.74E-06,3566.586904,109.3850807
FSM,2019,-4.71E-06,3572.659183,108.404916
FSM,2020,-4.69E-06,3353.88943,108.9718985
MDA,2000,3.78706232639055e-06,440.538684,85.8808128
MDA,2001,3.91777625092739e-06,507.4040763,84.86235641
MDA,2002,4.04649333564609e-06,570.7998662,83.51310019
MDA,2003,4.33143037436647e-06,682.319096,82.13293668
MDA,2004,4.38404667366247e-06,897.1784947,81.01049423
MDA,2005,4.54294501356013e-06,1034.391977,80.43668665
MDA,2006,4.34173664606363e-06,1183.024814,80.41738582
MDA,2007,3.55578873318329e-06,1531.216186,80.67396892
MDA,2008,4.42197227932055e-06,2110.553054,81.04496749
MDA,2009,4.02888022635664e-06,1898.439757,81.36613035
MDA,2010,4.71936734589782e-06,2436.799351,81.47270085
MDA,2011,4.82112938131555e-06,2941.362241,81.27797404
MDA,2012,4.7426095784953e-06,3044.808432,80.87979295
MDA,2013,4.59889255612231e-06,3321.043978,80.37797123
MDA,2014,4.80220028238357e-06,3289.957586,79.8715572
MDA,2015,4.92895219920606e-06,2749.551371,79.46090305
MDA,2016,5.09623692469925e-06,2847.087948,79.09943586
MDA,2017,5.20392611904301e-06,3453.267277,78.72621403
MDA,2018,5.56164425054198e-06,4156.44982,78.41103158
MDA,2019,5.67365957216811e-06,4405.334182,78.22321273
MDA,2020,5.61934325820738e-06,4375.778893,78.48078322
MNG,2000,3.85211399410208e-09,476.0275508,97.13583314
MNG,2001,-1.18E-06,524.4534836,97.48377795
MNG,2002,-2.04E-06,570.2492132,97.66506607
MNG,2003,-2.14E-06,643.1680689,97.78246583
MNG,2004,-2.18E-06,794.154552,97.93833162
MNG,2005,-3.70E-07,994.9001091,98.22401842
MNG,2006,1.28004867620662e-06,1329.891796,98.92363704
MNG,2007,2.31808136518247e-06,1627.687877,100.0182407
MNG,2008,2.67240364996835e-06,2127.426786,101.1672026
MNG,2009,3.80972199255699e-06,1703.327568,102.0177932
MNG,2010,4.97662693135453e-06,2625.218814,102.2165725
MNG,2011,6.90502911190651e-06,3736.042015,101.8111262
MNG,2012,7.21511565461905e-06,4328.890019,101.198147
MNG,2013,7.86037031249623e-06,4340.143105,100.5424756
MNG,2014,8.81056510500949e-06,4126.239758,99.99878169
MNG,2015,7.94634314590943e-06,3838.92127,99.72687421
MNG,2016,1.03331783676546e-05,3619.900264,99.7786406
MNG,2017,1.23762868313137e-05,3645.967087,100.0481338
MNG,2018,1.31396872191757e-05,4107.642885,100.443506
MNG,2019,1.44512624121202e-05,4347.546103,100.8706823
MNG,2020,1.22915517052757e-05,4001.251931,101.7147365
MAR,2000,1.91205953819445e-06,1499.107422,51.7009497
MAR,2001,2.01915394197318e-06,1506.245239,51.82770401
MAR,2002,2.04661652785989e-06,1596.02063,51.83813692
MAR,2003,2.03937484898846e-06,1941.872559,51.75231646
MAR,2004,2.20969719979469e-06,2183.55542,51.59301739
MAR,2005,2.25115870061095e-06,2242.988281,51.38249472
MAR,2006,2.26877567053169e-06,2438.126465,51.06181253
MAR,2007,2.26676518802963e-06,2755.585938,50.6027037
MAR,2008,2.35149010969708e-06,3183.200439,50.07521916
MAR,2009,2.32115810611906e-06,3119.588623,49.5492512
MAR,2010,2.41413316209904e-06,3067.985352,49.09445771
MAR,2011,2.54529665063106e-06,3301.98877,48.68570766
MAR,2012,2.59719604484345e-06,3164.177246,48.26764101
MAR,2013,2.59428237679471e-06,3379.743164,47.86371006
MAR,2014,2.61053864401408e-06,3435.406982,47.49751363
MAR,2015,2.65173926596676e-06,3146.247803,47.19218378
MAR,2016,2.63388905327078e-06,3140.855469,46.85649694
MAR,2017,2.71088521505941e-06,3296.526611,46.469405
MAR,2018,2.73602278586687e-06,3501.697998,46.15821268
MAR,2019,2.90975661525986e-06,3508.097656,46.05166938
MAR,2020,2.77245034250844e-06,3268.030273,46.7425618
MOZ,2000,2.74715131061802e-06,327.1262398,26.71056294
MOZ,2001,2.72286858870361e-06,304.7921386,27.02127545
MOZ,2002,2.70501032316229e-06,313.8866617,27.38130942
MOZ,2003,2.66865369170258e-06,339.4887378,27.76455767
MOZ,2004,2.6379876164252e-06,400.0569732,28.14491255
MOZ,2005,2.64092776359843e-06,436.7738562,28.49599326
MOZ,2006,2.56979248703775e-06,457.4876478,28.84673277
MOZ,2007,2.53801326450778e-06,507.8749239,29.23147251
MOZ,2008,2.45825250941426e-06,592.1591112,29.63125683
MOZ,2009,2.35773495991491e-06,547.6971442,30.02843643
MOZ,2010,2.33375588361961e-06,496.1858394,30.40544788
MOZ,2011,2.47495469054789e-06,618.1764929,30.78984944
MOZ,2012,2.53088132778883e-06,685.6857482,31.20847008
MOZ,2013,2.51872823667907e-06,686.5056725,31.64197234
MOZ,2014,2.49696036698564e-06,697.1426804,32.07165466
MOZ,2015,2.41862796341601e-06,610.5637747,32.4788785
MOZ,2016,2.4341897212598e-06,441.4897348,32.92613707
MOZ,2017,2.45158476628513e-06,470.9385631,33.43597964
MOZ,2018,2.48655312770645e-06,517.5072603,33.92834069
MOZ,2019,2.3232036267776e-06,519.0925509,34.32196873
MOZ,2020,2.1917354411856e-06,462.4338765,34.80543116
MMR,2000,2.98604523594517e-06,196.6195806,30.0304234
MMR,2001,2.97122822309491e-06,141.5256607,29.49454901
MMR,2002,2.98791851724365e-06,146.5983904,28.93439134
MMR,2003,3.0848009882403e-06,224.2926889,28.37014444
MMR,2004,3.12409892486679e-06,224.5088114,27.8223385
MMR,2005,3.21505389150743e-06,252.6851931,27.31069668
MMR,2006,3.27859280924915e-06,303.4950871,26.80663258
MMR,2007,3.29354926498455e-06,419.3757807,26.2831763
MMR,2008,3.24235438753814e-06,658.4424872,25.7642134
MMR,2009,3.22506205705951e-06,758.4429358,25.27306642
MMR,2010,3.2351045241121e-06,1010.534173,24.83254666
MMR,2011,3.1796898491334e-06,1213.628987,24.37694371
MMR,2012,3.19034607030224e-06,1202.665896,23.87956837
MMR,2013,3.22269267972259e-06,1199.095616,23.42321794
MMR,2014,3.29467672648439e-06,1293.000423,23.09069999
MMR,2015,3.3428509620534e-06,1166.733055,22.96428053
MMR,2016,3.42290936314367e-06,1229.197135,23.07999139
MMR,2017,3.7053074425101e-06,1272.822418,23.34910042
MMR,2018,3.22460214882287e-06,1298.213103,23.66748738
MMR,2019,3.20457095632424e-06,1425.989542,23.93096392
MMR,2020,3.20738693496341e-06,1490.216835,24.25357266
NAM,2000,-5.04E-05,2156.675905,52.18022538
NAM,2001,-4.91E-05,1915.589266,52.58155965
NAM,2002,-5.08E-05,1772.075655,52.95017721
NAM,2003,-5.02E-05,2569.247393,53.23841712
NAM,2004,-5.04E-05,3403.154962,53.39912068
NAM,2005,-4.77E-05,3685.773,53.38501231
NAM,2006,-4.60E-05,4017.183472,53.06115419
NAM,2007,-4.40E-05,4379.043137,52.4434643
NAM,2008,-4.72E-05,4204.785554,51.71079524
NAM,2009,-4.08E-05,4302.913741,51.04300821
NAM,2010,-4.22E-05,5418.216334,50.61875885
NAM,2011,-4.01E-05,5834.791768,50.36743223
NAM,2012,-3.82E-05,5942.64681,50.1252842
NAM,2013,-4.53E-05,5346.621311,49.9308808
NAM,2014,-4.26E-05,5378.323262,49.82285548
NAM,2015,-4.23E-05,4774.106509,49.83954488
NAM,2016,-4.27E-05,4395.687762,50.41070087
NAM,2017,-4.17E-05,5143.960723,51.61019281
NAM,2018,-4.06E-05,5308.608134,52.94367711
NAM,2019,-3.95E-05,4731.921032,53.91873642
NAM,2020,-3.87E-05,3878.58983,54.6393409
NPL,2000,7.36019121904463e-07,223.8302892,47.12238922
NPL,2001,7.53549119909337e-07,240.7951145,46.82235817
NPL,2002,7.26720905195515e-07,238.891403,46.44758109
NPL,2003,7.56653941774842e-07,246.4297066,46.0743846
NPL,2004,7.30858723734518e-07,279.58775,45.77912018
NPL,2005,7.51402784504341e-07,309.0241683,45.63789246
NPL,2006,7.09614094259738e-07,340.4317964,45.67143024
NPL,2007,7.55040634612803e-07,385.4497677,45.82103589
NPL,2008,7.80825161521639e-07,464.8173919,46.04743614
NPL,2009,8.16165731947131e-07,473.0787512,46.30921507
NPL,2010,8.61920904549902e-07,585.278492,46.56797785
NPL,2011,9.0996761127294e-07,785.5186562,46.87459255
NPL,2012,9.16360192141505e-07,788.2029371,47.27743679
NPL,2013,9.69684808943068e-07,803.2695954,47.71931573
NPL,2014,9.86818259513009e-07,821.4552249,48.14270596
NPL,2015,9.69808790938091e-07,875.5436355,48.49411584
NPL,2016,1.15299471709679e-06,877.2564547,48.80234727
NPL,2017,1.22466117016237e-06,1034.283749,49.14181025
NPL,2018,1.30707288104224e-06,1179.198432,49.51380999
NPL,2019,1.24531640387662e-06,1203.142947,49.9174861
NPL,2020,1.33348182632851e-06,1154.215176,50.90237161
NLD,2000,1.44515972578089e-05,26225.16977,96.37160116
NLD,2001,1.4283449394186e-05,26955.7128,96.2394181
NLD,2002,1.41070903215935e-05,29446.53309,96.08235814
NLD,2003,1.42167646555978e-05,35896.75046,95.8979511
NLD,2004,1.43031913158875e-05,40611.34144,95.71730079
NLD,2005,1.38687334971092e-05,42165.39617,95.55438491
NLD,2006,1.36232120430432e-05,45123.54324,95.33744397
NLD,2007,1.36012718097076e-05,52100.79963,95.01758957
NLD,2008,1.32609873052313e-05,58246.70269,94.62378182
NLD,2009,1.28492023296731e-05,53172.02616,94.18824718
NLD,2010,1.34853317351367e-05,51305.73385,93.73939979
NLD,2011,1.26390022592603e-05,54701.7728,93.2681551
NLD,2012,1.24193835832036e-05,50473.9442,92.7411673
NLD,2013,1.22385154106964e-05,52602.28605,92.16950598
NLD,2014,1.17060246873289e-05,53457.22349,91.53774972
NLD,2015,1.21270444971916e-05,45793.81354,90.84698481
NLD,2016,1.2182036103386e-05,46808.52915,89.95312369
NLD,2017,1.18483913884857e-05,49513.68173,88.91932205
NLD,2018,1.14128708936546e-05,53955.077,88.06833308
NLD,2019,1.10062315817342e-05,53554.90075,87.71032537
NLD,2020,9.97275463692916e-06,53467.92774,87.74032312
NZL,2000,1.39596132410504e-05,13641.10272,163.8655631
NZL,2001,1.43841257569901e-05,13882.85683,160.6596565
NZL,2002,1.4931923515259e-05,16874.18749,153.4189582
NZL,2003,1.4722238776321e-05,21913.70817,144.112881
NZL,2004,1.45204648318043e-05,25420.23488,134.7461047
NZL,2005,1.48952321052759e-05,27751.06547,127.2602572
NZL,2006,1.53407494145199e-05,26654.5932,120.9756986
NZL,2007,1.51988493773379e-05,32479.98174,114.4330717
NZL,2008,1.3291046528006e-05,31252.96256,108.3447638
NZL,2009,1.29259285083438e-05,28209.36233,103.4341052
NZL,2010,1.26262210678741e-05,33676.77412,100.4246015
NZL,2011,1.23570027372263e-05,38388.52809,98.75733304
NZL,2012,1.35387128241192e-05,39974.29973,97.43652707
NZL,2013,1.32642669007902e-05,42977.38804,96.50287937
NZL,2014,1.33136499501827e-05,44578.22539,96.02633301
NZL,2015,1.28094762875862e-05,38639.35019,96.08586458
NZL,2016,1.25552279332216e-05,40070.89566,97.53239096
NZL,2017,1.28959822170517e-05,42913.18696,100.6905962
NZL,2018,1.2677039546178e-05,43228.69765,104.8636113
NZL,2019,1.29050449871465e-05,42747.20993,109.3509695
NZL,2020,1.20057954500805e-05,41785.69229,115.451693
NIC,2000,5.88450320777966e-06,1017.312443,22.98166677
NIC,2001,5.85594040675534e-06,1051.874236,22.99022016
NIC,2002,5.8400837762376e-06,1014.333904,22.98504488
NIC,2003,5.91407000970838e-06,1021.352167,22.9596782
NIC,2004,5.8294733536232e-06,1098.621187,22.90911808
NIC,2005,5.76589190964985e-06,1183.302173,22.82634944
NIC,2006,5.79570776483224e-06,1248.17676,22.69140464
NIC,2007,5.67180675840599e-06,1350.389546,22.50859999
NIC,2008,5.48281002396983e-06,1523.68089,22.30871488
NIC,2009,5.33459934685158e-06,1467.080196,22.12315551
NIC,2010,5.24961437572441e-06,1526.561853,21.98242167
NIC,2011,5.27015487576926e-06,1679.710342,21.88155062
NIC,2012,5.20125525160867e-06,1784.692128,21.7937527
NIC,2013,5.06132762462931e-06,1835.434364,21.71780693
NIC,2014,5.03422735907341e-06,1958.369665,21.65262794
NIC,2015,5.08716517354409e-06,2074.454465,21.59684547
NIC,2016,5.06346722253366e-06,2131.688285,21.5381751
NIC,2017,5.00483595359321e-06,2182.618751,21.47620065
NIC,2018,4.85606429919626e-06,2035.167501,21.42668557
NIC,2019,4.86813229015662e-06,1958.621329,21.40531919
NIC,2020,4.79256974621139e-06,1931.615158,21.51764352
NER,2000,-1.59E-06,194.7719599,25.54725566
NER,2001,-1.48E-06,205.4179361,25.53560136
NER,2002,-1.37E-06,225.2943911,25.50686302
NER,2003,-1.26E-06,265.2253635,25.46681867
NER,2004,-1.15E-06,283.4682818,25.44755044
NER,2005,-1.06E-06,318.6431219,25.46205549
NER,2006,-9.68E-07,333.3450784,25.51166145
NER,2007,-8.75E-07,387.1680659,25.59322429
NER,2008,-7.85E-07,475.0449554,25.67819523
NER,2009,-6.92E-07,461.131534,25.74751498
NER,2010,-6.80E-07,474.4256923,25.77814967
NER,2011,-6.09E-07,510.7595618,25.75036036
NER,2012,-4.88E-07,528.5101045,25.68788938
NER,2013,-3.97E-07,552.1033344,25.62141903
NER,2014,-3.15E-07,565.3098973,25.57879742
NER,2015,-2.51E-07,485.6625742,25.59033179
NER,2016,-1.77E-07,502.7064754,25.70812866
NER,2017,-1.14E-07,521.80413,25.92239192
NER,2018,-3.87E-08,578.5680357,26.16664583
NER,2019,3.98296007753612e-08,561.6913043,26.38583411
NER,2020,1.08906406390896e-07,579.5124958,26.72242765
NGA,2000,5.19127118982159e-06,547.3182989,25.82064655
NGA,2001,5.13428674361543e-06,566.4282318,25.87965514
NGA,2002,4.63085179617725e-06,712.1648521,25.93929516
NGA,2003,4.79825811520075e-06,763.3887454,25.98352398
NGA,2004,4.63732881969844e-06,962.4810419,25.99720821
NGA,2005,4.49006367538902e-06,1211.377035,25.97535006
NGA,2006,4.21637671626191e-06,1599.538916,25.90760457
NGA,2007,3.98140017651911e-06,1815.526975,25.81505513
NGA,2008,3.9130571732428e-06,2154.105435,25.70180584
NGA,2009,3.73114779324417e-06,1820.486339,25.57261258
NGA,2010,3.7962664664845e-06,2202.25673,25.43893631
NGA,2011,3.84205300796656e-06,2418.41317,25.25556375
NGA,2012,3.78739916501431e-06,2633.197347,25.02487245
NGA,2013,3.7346709760383e-06,2872.790834,24.80009833
NGA,2014,3.71913917990516e-06,3088.721313,24.63461225
NGA,2015,3.61824201469291e-06,2585.733607,24.58823984
NGA,2016,3.52583378231173e-06,2070.412734,24.74861324
NGA,2017,3.48998960967579e-06,1876.340271,25.09745596
NGA,2018,3.46328443343964e-06,2057.879446,25.50443707
NGA,2019,3.45403673753467e-06,2265.155209,25.83850665
NGA,2020,3.25552725634856e-06,2019.657063,26.21472355
MKD,2000,4.89130702988131e-06,1861.898998,57.85119942
MKD,2001,4.92303730634012e-06,1823.022677,57.63777549
MKD,2002,4.68666544233938e-06,1989.135373,57.25564671
MKD,2003,5.06099445055556e-06,2445.362864,56.76728107
MKD,2004,5.15810545257233e-06,2818.581456,56.24957188
MKD,2005,5.41541791126648e-06,3120.984014,55.78068663
MKD,2006,5.29632896368477e-06,3440.441106,55.30899751
MKD,2007,5.7103795236652e-06,4204.113288,54.76048536
MKD,2008,5.66469168290225e-06,5026.420299,54.18755768
MKD,2009,5.14503400582607e-06,4799.787228,53.64664527
MKD,2010,5.62180097806194e-06,4833.365868,53.19355447
MKD,2011,6.17746069728574e-06,5416.866729,52.76519767
MKD,2012,5.81530618642869e-06,5049.826539,52.30085352
MKD,2013,5.31394132050703e-06,5626.261157,51.86369753
MKD,2014,5.01387963956221e-06,5925.385922,51.51673515
MKD,2015,4.73836950894935e-06,5262.686719,51.32418508
MKD,2016,4.38810415708228e-06,5598.486226,51.34444257
MKD,2017,4.43250149974429e-06,5955.297386,51.51965026
MKD,2018,3.99798629047072e-06,6713.989254,51.74278621
MKD,2019,4.38296996901286e-06,6718.858266,51.9072538
MKD,2020,3.65977704075805e-06,6659.596511,52.01659462
NOR,2000,8.42003515055889e-06,38178.23688,123.4354267
NOR,2001,8.14209733766883e-06,38601.89764,122.2831
NOR,2002,7.63607004514386e-06,43170.55717,121.2899205
NOR,2003,8.06354199640514e-06,50250.32982,120.3723641
NOR,2004,8.24081917981842e-06,57768.6981,119.4450509
NOR,2005,8.19483350712728e-06,67047.17046,118.3950505
NOR,2006,7.90548240094733e-06,74434.49968,116.8871725
NOR,2007,8.08183552328837e-06,85502.26771,114.8365927
NOR,2008,8.05184417135815e-06,97503.54078,112.5705449
NOR,2009,6.60590391751365e-06,80347.57007,110.4350696
NOR,2010,7.8571732444963e-06,88163.20859,108.7483077
NOR,2011,7.18903035843498e-06,101221.8135,107.4592635
NOR,2012,7.47897858614391e-06,102175.9193,106.271248
NOR,2013,7.43456748660284e-06,103553.8401,105.1584508
NOR,2014,8.06767146198576e-06,97666.69518,104.0986844
NOR,2015,9.15623403352769e-06,74809.9658,103.0678261
NOR,2016,9.00002464409815e-06,70867.361,101.8566813
NOR,2017,8.72427121028591e-06,76131.8384,100.4748568
NOR,2018,8.46491171923652e-06,82792.84271,99.22137808
NOR,2019,7.76067821812541e-06,76430.58895,98.39146637
NOR,2020,6.759209774188e-06,68340.0181,98.11268051
PAK,2000,1.98629929002634e-06,642.3383465,44.09549596
PAK,2001,1.94808459274989e-06,609.9395069,44.31500802
PAK,2002,1.93430749571249e-06,599.9373457,44.50401888
PAK,2003,1.96081870454767e-06,672.4417867,44.66708754
PAK,2004,2.03138435131885e-06,771.9022473,44.80977177
PAK,2005,2.03213036647058e-06,827.6198612,44.93572365
PAK,2006,2.10628803475727e-06,900.873565,45.05298382
PAK,2007,2.17148834040421e-06,998.0901142,45.15933879
PAK,2008,2.12981577386064e-06,1067.043246,45.24336955
PAK,2009,2.1296675657361e-06,963.7880664,45.29584036
PAK,2010,2.03660931985887e-06,987.3045711,45.30645989
PAK,2011,2.0345953675228e-06,1131.735138,45.25603567
PAK,2012,2.01181433989612e-06,1204.364755,45.1599546
PAK,2013,2.05564468017938e-06,1225.434012,45.06019422
PAK,2014,2.10287934247968e-06,1266.613408,45.00000251
PAK,2015,2.12294088749227e-06,1380.470208,45.02294887
PAK,2016,2.23708108539433e-06,1424.691612,45.30133199
PAK,2017,2.31533979059905e-06,1519.234595,45.84506901
PAK,2018,2.26155160533723e-06,1569.338146,46.45466041
PAK,2019,2.24107705923624e-06,1390.41691,46.92985037
PAK,2020,2.35780546073049e-06,1278.397352,47.42783869
PLW,2000,0.000111696,7797.257274,88.59251249
PLW,2001,0.000123207,8239.639314,88.42454102
PLW,2002,7.23529713377429e-05,8340.537353,88.27666355
PLW,2003,8.62658324431558e-05,7862.04283,88.11980975
PLW,2004,7.55751765893037e-05,8395.136226,87.97292303
PLW,2005,8.8016549775468e-05,9639.658913,87.85756868
PLW,2006,8.69545245751033e-05,9885.147757,87.75619257
PLW,2007,7.07180603046316e-05,10408.43436,87.61401529
PLW,2008,7.27287074543637e-05,10582.73975,87.42240959
PLW,2009,0.000116789,10155.43321,87.21851451
PLW,2010,0.000114503,10229.08785,87.04585438
PLW,2011,0.000130916,11000.87952,86.9208394
PLW,2012,0.000203907,12145.36448,86.80320831
PLW,2013,0.00010098,12768.90972,86.66940417
PLW,2014,6.90770533446232e-05,13726.02226,86.510688
PLW,2015,6.49803038829488e-05,15690.75865,86.3161492
PLW,2016,6.19261673315727e-05,16762.57234,85.8276354
PLW,2017,6.49449809117449e-05,16034.13429,85.04701189
PLW,2018,6.67059616032334e-05,16197.72545,84.33592522
PLW,2019,6.89965164625239e-05,15841.19353,84.0133264
PLW,2020,6.95368705035971e-05,14556.58969,84.56544793
PAN,2000,2.77706819330122e-08,3975.093087,18.93657346
PAN,2001,5.16788036762548e-07,3991.776708,18.99376885
PAN,2002,2.80953452225131e-07,4090.586174,19.02621208
PAN,2003,3.05096828742303e-07,4264.664288,19.03515707
PAN,2004,3.03430626961803e-07,4644.565824,19.02184743
PAN,2005,8.36335120823078e-07,5017.741092,18.98733973
PAN,2006,9.61059832463414e-07,5528.767055,18.88145173
PAN,2007,-2.52E-06,6317.817303,18.68570986
PAN,2008,-1.48E-06,7347.590503,18.44843283
PAN,2009,-1.16E-07,7796.92617,18.21797824
PAN,2010,-2.93E-06,8331.464214,18.04279404
PAN,2011,-1.74E-06,9662.295922,17.91316621
PAN,2012,-1.06E-06,11064.80636,17.7886043
PAN,2013,-2.31E-06,12273.3225,17.67118299
PAN,2014,-2.22E-06,13213.19896,17.56283327
PAN,2015,-1.28E-06,14082.65485,17.46544695
PAN,2016,-1.21E-06,14832.36116,17.35185393
PAN,2017,-1.31E-06,15694.62975,17.22517122
PAN,2018,-1.30E-06,16151.32735,17.13233553
PAN,2019,-5.29E-07,16477.90663,17.11878081
PAN,2020,-1.33E-06,13290.56083,17.30703448
PNG,2000,-2.67E-06,635.957919,21.16234832
PNG,2001,-2.45E-06,537.8474596,21.12889532
PNG,2002,-2.12E-06,506.3317895,21.09392726
PNG,2003,-1.90E-06,577.4679224,21.05940708
PNG,2004,-1.65E-06,620.5961477,21.02908816
PNG,2005,-1.28E-06,744.48649,21.00671167
PNG,2006,-6.29E-07,1238.182829,20.97953033
PNG,2007,-2.27E-07,1370.753416,20.93860242
PNG,2008,3.51412960764872e-07,1624.793199,20.89298511
PNG,2009,5.88109965951244e-07,1568.831934,20.85343937
PNG,2010,8.9519609752928e-07,1866.868899,20.8304752
PNG,2011,1.26682296465889e-06,2288.375911,20.81711897
PNG,2012,6.57918996608257e-07,2635.087363,20.80266942
PNG,2013,1.44088102445735e-06,2560.77459,20.79628672
PNG,2014,1.1900123436063e-06,2723.175298,20.80674865
PNG,2015,1.40772660405529e-06,2484.59634,20.84224266
PNG,2016,7.00725017234419e-07,2316.394798,21.06605581
PNG,2017,-2.82E-07,2477.76531,21.51711054
PNG,2018,-2.69E-07,2566.368337,22.01664538
PNG,2019,-2.09E-07,2575.772743,22.38510873
PNG,2020,-3.28E-07,2429.611346,22.63677387
PRY,2000,1.19839015634202e-05,1736.117292,15.39397009
PRY,2001,1.07971777028268e-05,1637.686151,15.68393817
PRY,2002,1.04367566515526e-05,1367.765069,15.96346172
PRY,2003,1.05751951210903e-05,1443.998852,16.21883469
PRY,2004,1.027056470883e-05,1786.215339,16.43669867
PRY,2005,1.05522166730879e-05,1970.871699,16.60335842
PRY,2006,1.17928164692393e-05,2439.431247,16.7239509
PRY,2007,1.21801400370473e-05,3211.936217,16.82170032
PRY,2008,1.28950468988206e-05,4384.954694,16.90990812
PRY,2009,1.20759037359757e-05,3941.848155,17.00205446
PRY,2010,1.24619835129874e-05,4750.962737,17.111216
PRY,2011,1.23911322929454e-05,5805.401545,17.26519314
PRY,2012,1.43627073254776e-05,5642.169917,17.45705136
PRY,2013,1.41153324435076e-05,6435.683427,17.64777427
PRY,2014,9.55718390572622e-06,6652.254789,17.79806792
PRY,2015,9.17511851969353e-06,5879.337923,17.86873629
PRY,2016,8.72926870093514e-06,5775.159634,17.83399062
PRY,2017,8.79875241770343e-06,6152.267115,17.7374741
PRY,2018,8.60932180474103e-06,6258.449916,17.64398893
PRY,2019,8.55321625686218e-06,5821.181995,17.61842896
PRY,2020,8.48151327603953e-06,5365.472207,17.72032988
PER,2000,6.21983386852356e-06,1945.413385,14.84245847
PER,2001,6.13549223294645e-06,1929.57273,14.85986518
PER,2002,6.22854545608458e-06,2007.370196,14.79708726
PER,2003,6.26704964270033e-06,2129.441142,14.68854571
PER,2004,6.44479303063781e-06,2397.251473,14.5681778
PER,2005,6.52379722132665e-06,2706.669473,14.46927355
PER,2006,6.23892235168498e-06,3129.559965,14.38214998
PER,2007,6.09315951214515e-06,3581.089308,14.2864164
PER,2008,5.95934592662756e-06,4197.584446,14.19921406
PER,2009,5.83215220530736e-06,4181.187555,14.13801647
PER,2010,5.7285667041612e-06,5072.11494,14.12043131
PER,2011,5.76468414677735e-06,5861.357936,14.17013535
PER,2012,5.67145936534255e-06,6519.37853,14.27478163
PER,2013,5.5081912322587e-06,6746.800257,14.39842689
PER,2014,5.36822068237477e-06,6667.134104,14.50422286
PER,2015,5.37309899663795e-06,6231.711503,14.55639009
PER,2016,5.38438217181388e-06,6217.036,14.52961911
PER,2017,5.24289555214957e-06,6736.166937,14.45415767
PER,2018,5.15204223617688e-06,6978.491215,14.3769348
PER,2019,5.18059509629529e-06,7037.008037,14.34706753
PER,2020,4.77951558135326e-06,6133.325524,14.44630021
PHL,2000,4.16897136475188e-07,1050.79273,24.3755828
PHL,2001,4.12847489962346e-07,969.5306117,24.08677626
PHL,2002,4.18369625721129e-07,1014.908793,23.80829878
PHL,2003,4.45378056547459e-07,1027.230119,23.56788378
PHL,2004,4.74415594769778e-07,1099.63013,23.3948145
PHL,2005,5.10931187686161e-07,1220.460186,23.31859515
PHL,2006,4.20194683023222e-07,1426.146492,23.34244997
PHL,2007,5.08011051616432e-07,1712.655433,23.42738796
PHL,2008,5.24563912948665e-07,1959.292335,23.54250236
PHL,2009,5.45119551196307e-07,1864.450434,23.66499972
PHL,2010,5.94304635933447e-07,2162.913759,23.77108551
PHL,2011,5.94937654794804e-07,2383.918925,23.87910957
PHL,2012,6.34735962217992e-07,2614.616444,24.01506685
PHL,2013,7.22478910293175e-07,2781.279577,24.17026119
PHL,2014,7.83992965787914e-07,2866.838038,24.33709222
PHL,2015,8.63661721813012e-07,2909.85818,24.50790351
PHL,2016,9.63786078023234e-07,2985.19564,24.75087283
PHL,2017,1.11975253203873e-06,3038.12125,25.0798385
PHL,2018,1.16221409989086e-06,3168.510366,25.40512471
PHL,2019,1.21874181075903e-06,3400.789498,25.63633245
PHL,2020,1.10846715647318e-06,3227.579102,25.82751978
POL,2000,9.8510796087335e-06,4520.641004,105.174233
POL,2001,9.89330809737985e-06,5015.2379,105.3413334
POL,2002,9.4733155038754e-06,5223.45179,105.3707831
POL,2003,9.69571703071125e-06,5720.813662,105.2654052
POL,2004,9.41728325816135e-06,6711.727153,105.0296729
POL,2005,9.43989517219045e-06,8043.923323,104.6682476
POL,2006,9.96182428863729e-06,9068.855283,104.0962516
POL,2007,1.00960347906746e-05,11272.52937,103.2999489
POL,2008,9.87470177315027e-06,14048.56047,102.3922284
POL,2009,9.43385786437335e-06,11556.30269,101.4877355
POL,2010,1.00066703828326e-05,12567.73177,100.6983437
POL,2011,9.7691986667982e-06,13867.66694,99.93435261
POL,2012,9.63266742617613e-06,13087.42094,99.08492308
POL,2013,9.39699154021183e-06,13621.90238,98.23272016
POL,2014,9.20861676006107e-06,14262.28419,97.46341925
POL,2015,9.36741801252511e-06,12637.52203,96.86101869
POL,2016,9.47674678754357e-06,12464.01105,96.35904999
POL,2017,9.81108906200123e-06,13913.34029,95.87114943
POL,2018,9.80562347349226e-06,15658.21203,95.45012845
POL,2019,9.80822444602629e-06,15874.52205,95.15259014
POL,2020,9.35553035997981e-06,15987.57537,95.01393574
PRT,2000,7.26684559944132e-06,11526.37207,68.03311201
PRT,2001,6.78025522637778e-06,11734.76497,66.69743901
PRT,2002,7.2234035926992e-06,12936.69282,65.47971527
PRT,2003,7.69457666404273e-06,15797.78213,64.38980326
PRT,2004,6.93618505624979e-06,18064.15809,63.44071862
PRT,2005,8.05670201736021e-06,18780.12751,62.64197823
PRT,2006,6.63262590797743e-06,19839.45405,61.96883813
PRT,2007,6.12483358569753e-06,22811.05648,61.37402955
PRT,2008,5.73409595235996e-06,24949.04136,60.83831002
PRT,2009,5.63285472037132e-06,23151.21541,60.33868282
PRT,2010,5.53645572254117e-06,22551.9351,59.85291765
PRT,2011,5.27010976020975e-06,23246.54254,59.38609131
PRT,2012,5.23791888876335e-06,20593.42742,58.94997533
PRT,2013,5.19798858117706e-06,21676.48596,58.52422731
PRT,2014,5.03841819229613e-06,22120.68501,58.09115227
PRT,2015,5.5453831387219e-06,19215.7813,57.63245955
PRT,2016,5.86060542434365e-06,19980.28089,56.98600902
PRT,2017,7.71018319854761e-06,21442.38428,56.16775531
PRT,2018,5.85222109056341e-06,23541.14011,55.41611837
PRT,2019,5.32803798619576e-06,23343.3629,54.97507078
PRT,2020,4.87242938071479e-06,22299.40441,54.98027621
ROU,2000,4.42595144822849e-06,1659.929049,59.66416636
ROU,2001,4.71614591922906e-06,1825.192994,60.05157951
ROU,2002,4.88902784363505e-06,2119.855097,60.42883318
ROU,2003,5.09590427065949e-06,2679.40626,60.786732
ROU,2004,5.13216452104509e-06,3494.990564,61.11822456
ROU,2005,5.01079166976435e-06,4618.003508,61.41355094
ROU,2006,5.36927378624652e-06,5757.531273,61.70016437
ROU,2007,5.30093834300101e-06,8360.337759,61.99608149
ROU,2008,5.25148779997931e-06,10435.15612,62.27267464
ROU,2009,4.37671078420229e-06,8548.454341,62.50820552
ROU,2010,4.40417188413953e-06,8399.537423,62.68091913
ROU,2011,4.7159681326662e-06,9560.675528,62.73270898
ROU,2012,4.47775666958403e-06,8929.953662,62.65706963
ROU,2013,4.0695831346088e-06,9497.674116,62.502214
ROU,2014,3.97003784071499e-06,10031.77108,62.31254712
ROU,2015,4.09997852198993e-06,8977.017482,62.13358049
ROU,2016,4.02161842594053e-06,9404.540059,61.9282054
ROU,2017,4.34558877394459e-06,10727.9822,61.6661517
ROU,2018,4.58575216044802e-06,12502.26241,61.40640323
ROU,2019,4.57846952412102e-06,12992.03261,61.21536032
ROU,2020,4.04018634588183e-06,13082.30066,61.29935954
RUS,2000,1.08357846305708e-05,1771.594116,228.8839841
RUS,2001,1.05549269230916e-05,2100.352539,227.6144748
RUS,2002,1.03727612399878e-05,2377.529541,224.7188812
RUS,2003,1.07869056861642e-05,2975.123047,220.86302
RUS,2004,1.11233314015512e-05,4102.364746,216.7659974
RUS,2005,1.1218088103766e-05,5323.455078,213.1392583
RUS,2006,1.143061900954e-05,6920.199707,209.8190433
RUS,2007,1.14253541368273e-05,9101.239258,206.2313248
RUS,2008,1.10116796018359e-05,11635.28418,202.418572
RUS,2009,9.87157799972585e-06,8562.824219,198.4768637
RUS,2010,1.01437010601958e-05,10674.99023,194.4979977
RUS,2011,1.11898755259777e-05,14305.33203,189.6715672
RUS,2012,1.10476221018073e-05,15401.85156,183.7394706
RUS,2013,1.10661850406727e-05,15941.44824,177.5549083
RUS,2014,1.06683723382556e-05,14055.47266,171.988992
RUS,2015,1.12632884090535e-05,9277.713867,167.9215982
RUS,2016,1.10361012543076e-05,8663.158203,164.9177011
RUS,2017,1.13931169277914e-05,10658.91309,162.2109727
RUS,2018,1.21503831693654e-05,11211.8877,160.0945108
RUS,2019,1.29344003636191e-05,11447.70117,158.8761225
RUS,2020,1.23296483542431e-05,10108.32715,158.4577994
RWA,2000,-2.42E-07,251.8692639,38.21287759
RWA,2001,-2.21E-07,237.3088462,37.15547627
RWA,2002,-1.94E-07,234.0430168,35.98455873
RWA,2003,-1.74E-07,249.012275,34.79192488
RWA,2004,-1.53E-07,269.5404463,33.67063464
RWA,2005,-1.40E-07,324.0168638,32.71612802
RWA,2006,-4.68E-08,356.9950229,31.87063145
RWA,2007,-4.76E-08,426.2341835,31.04511833
RWA,2008,-3.97E-08,528.3263918,30.27836693
RWA,2009,-3.79E-08,564.0390958,29.60975105
RWA,2010,-2.36E-08,593.6249277,29.0809035
RWA,2011,-4.00E-08,651.133678,28.62105588
RWA,2012,-3.63E-08,706.8173175,28.16990666
RWA,2013,-3.01E-08,704.9241902,27.77621801
RWA,2014,-3.53E-08,724.9575212,27.49030267
RWA,2015,9.61338389222976e-09,733.998585,27.36282337
RWA,2016,-4.19E-11,729.5191542,27.44711782
RWA,2017,9.50659150995815e-10,758.301003,27.69877136
RWA,2018,1.25880885932379e-08,771.773522,28.01037291
RWA,2019,2.57042386085961e-08,810.0514202,28.27547893
RWA,2020,3.35378437676821e-08,778.7015386,28.72736774
WSM,2000,-4.33E-06,1424.7524,88.30446709
WSM,2001,-3.83E-06,1453.870213,88.1534037
WSM,2002,-3.46E-06,1527.557905,87.91659858
WSM,2003,-3.10E-06,1798.124297,87.62364087
WSM,2004,-2.79E-06,2189.260426,87.30424192
WSM,2005,-2.44E-06,2550.042214,86.98759936
WSM,2006,-2.13E-06,2663.291359,86.61813775
WSM,2007,-1.75E-06,3038.619041,86.16098903
WSM,2008,-1.72E-06,3373.606399,85.67769176
WSM,2009,-1.65E-06,3279.182695,85.22954341
WSM,2010,-1.49E-06,3524.247925,84.87718373
WSM,2011,-1.41E-06,3821.506783,84.60804824
WSM,2012,-1.37E-06,3934.603208,84.36456459
WSM,2013,-1.29E-06,4023.525401,84.14168352
WSM,2014,-1.23E-06,3982.680802,83.93344612
WSM,2015,-9.48E-07,4084.360838,83.73315536
WSM,2016,-9.09E-07,4147.070977,83.42412974
WSM,2017,-9.19E-07,4307.59382,83.00424708
WSM,2018,-1.01E-06,4231.814095,82.63763323
WSM,2019,-8.89E-07,4351.942349,82.489506
WSM,2020,-9.03E-07,4099.660091,83.07601065
STP,2000,-1.84E-06,529.0893834,12.90690812
STP,2001,-1.82E-06,518.8805013,13.02615374
STP,2002,-1.70E-06,568.1025725,13.16655406
STP,2003,-1.59E-06,663.6962118,13.31000115
STP,2004,-1.48E-06,726.5608821,13.43824608
STP,2005,-1.39E-06,844.1691819,13.53314748
STP,2006,-1.31E-06,861.9707077,13.59426162
STP,2007,-1.27E-06,878.8857919,13.63925129
STP,2008,-1.19E-06,1081.868458,13.67964323
STP,2009,-1.09E-06,1128.280462,13.72653373
STP,2010,-1.01E-06,1045.209582,13.7909461
STP,2011,-9.61E-07,1219.801891,13.88323593
STP,2012,-5.95E-07,1210.792647,14.00441944
STP,2013,-5.71E-07,1382.575784,14.15269922
STP,2014,-5.67E-07,1489.676334,14.32591171
STP,2015,-5.17E-07,1298.109466,14.52191982
STP,2016,-4.74E-07,1434.870181,14.87513504
STP,2017,-4.54E-07,1555.794778,15.41290619
STP,2018,-4.56E-07,1825.599718,15.97298942
STP,2019,-3.31E-07,1935.293182,16.39383674
STP,2020,-5.50E-07,2167.220018,16.67120916
SAU,2000,2.12963852389106e-05,11714.56237,17.43064396
SAU,2001,2.09114546184213e-05,10805.31133,17.86858711
SAU,2002,2.0876298300868e-05,10586.05435,18.45070396
SAU,2003,2.1325249842083e-05,11487.22041,19.13075713
SAU,2004,2.14894801489414e-05,13154.4979,19.86160531
SAU,2005,2.18758612035376e-05,15975.74738,20.59639976
SAU,2006,2.20473565953982e-05,17563.61454,21.39609584
SAU,2007,2.21083547963586e-05,18596.15026,22.31303796
SAU,2008,2.27825018141413e-05,22320.4889,23.28060943
SAU,2009,2.2702471511072e-05,17718.39116,24.23158377
SAU,2010,2.47823225877429e-05,22028.37902,25.09823671
SAU,2011,2.4915778487109e-05,26966.29416,25.89350138
SAU,2012,2.5242703532263e-05,28348.57301,26.66908572
SAU,2013,2.42256517194249e-05,27290.19781,27.41664294
SAU,2014,2.51492576301765e-05,27079.67339,28.1274569
SAU,2015,2.49445958936265e-05,22453.57155,28.7923826
SAU,2016,2.41749471267193e-05,21515.66001,29.49593909
SAU,2017,2.40033243638781e-05,23081.20453,30.24503926
SAU,2018,2.40949108931659e-05,28036.02647,30.91961244
SAU,2019,2.4266001778418e-05,27892.84215,31.40053486
SAU,2020,2.29486370497941e-05,23271.40376,31.76090518
SEN,2000,5.70310164462002e-08,603.2331625,31.25368164
SEN,2001,1.36199735590391e-07,637.2135306,31.18563802
SEN,2002,1.40174852148064e-07,669.4304473,31.04160245
SEN,2003,1.32541430156543e-07,817.8880342,30.87785697
SEN,2004,2.04642909466217e-07,918.1020795,30.75301654
SEN,2005,2.72013494404151e-07,979.8461015,30.72083838
SEN,2006,2.88580249865784e-07,1017.201967,30.86869491
SEN,2007,3.62155940387129e-07,1188.938778,31.1812704
SEN,2008,4.11836408439932e-07,1398.79218,31.55661341
SEN,2009,4.6192107584514e-07,1308.694043,31.8912131
SEN,2010,5.07043180939159e-07,1275.883575,32.08255138
SEN,2011,5.68698092129292e-07,1374.675919,32.11947236
SEN,2012,5.93358849539405e-07,1326.837988,32.09095125
SEN,2013,6.26926895628418e-07,1379.831966,32.0390425
SEN,2014,6.73249811229456e-07,1398.891376,32.00548044
SEN,2015,7.73997382777105e-07,1218.006136,32.03316158
SEN,2016,8.54739569022518e-07,1266.439572,32.21241154
SEN,2017,8.30416693968763e-07,1356.805184,32.55096304
SEN,2018,8.63690453823928e-07,1452.556126,32.96363643
SEN,2019,8.75342033674471e-07,1431.181289,33.36736207
SEN,2020,8.91447064928988e-07,1461.087204,33.99121472
SYC,2000,3.69772343493856e-09,8063.655006,41.81156469
SYC,2001,8.80520184231915e-07,8153.298637,41.63561462
SYC,2002,-9.20E-08,8864.169195,41.3193425
SYC,2003,-3.14E-08,9070.284608,40.93940146
SYC,2004,3.71021521673234e-06,10827.67164,40.57259762
SYC,2005,2.52962900383789e-06,11802.11183,40.2976134
SYC,2006,3.63002364066194e-06,12782.99389,40.07895164
SYC,2007,1.29949548998624e-06,12669.30267,39.84495458
SYC,2008,1.97111182667096e-06,11265.43763,39.62654016
SYC,2009,3.11461889161264e-06,9747.091805,39.44586666
SYC,2010,1.88147488024953e-06,10934.79495,39.32654338
SYC,2011,4.12849807298636e-07,12110.09375,39.26134704
SYC,2012,1.69643160481524e-06,12337.15547,39.23335341
SYC,2013,7.02620373767357e-07,14821.29215,39.25890829
SYC,2014,2.00527588962226e-06,15188.19022,39.352959
SYC,2015,2.51875956711162e-06,15333.10517,39.52893228
SYC,2016,3.72846625896469e-06,16566.9946,39.96410329
SYC,2017,4.11401980321985e-06,17480.36519,40.66050692
SYC,2018,2.76658192265559e-06,18440.23405,41.36794429
SYC,2019,3.44276568501921e-06,19141.51187,41.84319514
SYC,2020,4.01068432491723e-06,14041.47541,42.19768422
SGP,2000,1.4152755526657e-05,23852.83895,99.05119699
SGP,2001,1.41441107468997e-05,21699.74149,97.51943586
SGP,2002,1.22523737113711e-05,22159.83737,96.02487035
SGP,2003,1.20466819253111e-05,23730.38401,94.62255493
SGP,2004,1.25355680227635e-05,27608.08001,93.07435899
SGP,2005,1.17422866067071e-05,29961.31728,91.70366489
SGP,2006,1.14416550320185e-05,33768.45282,90.20769738
SGP,2007,1.10986817544963e-05,39432.88602,88.24373292
SGP,2008,1.03756956446631e-05,40008.57205,86.0130606
SGP,2009,1.02669975958247e-05,38926.80544,84.24255741
SGP,2010,1.13877195014431e-05,47236.68308,82.85826189
SGP,2011,1.16151087796951e-05,53891.45703,81.63883323
SGP,2012,1.09839796688412e-05,55547.55531,80.20716482
SGP,2013,1.14418311582427e-05,56967.42579,78.772255
SGP,2014,1.16415563198436e-05,57564.80231,77.60603278
SGP,2015,1.18360029499538e-05,55645.60686,76.83248881
SGP,2016,1.1349828428492e-05,56899.91818,76.37251176
SGP,2017,1.22702593771165e-05,61162.09739,76.19188032
SGP,2018,1.18558328231663e-05,66840.63734,76.01451179
SGP,2019,1.21577033608255e-05,66081.71992,75.76229293
SGP,2020,1.19297577283225e-05,61466.80368,75.51732472
SVK,2000,7.61655829213617e-06,5421.644844,79.543643
SVK,2001,7.86450008895925e-06,5712.478028,79.22050067
SVK,2002,7.71950517322954e-06,6554.628084,78.89814139
SVK,2003,7.94787409177176e-06,8675.396337,78.58478145
SVK,2004,7.8807880452992e-06,10650.12901,78.29102256
SVK,2005,8.54659398709092e-06,11641.54103,78.02471724
SVK,2006,8.07845966186083e-06,13167.89547,77.73464871
SVK,2007,7.9759283536591e-06,16110.48173,77.37821027
SVK,2008,8.11388909905929e-06,18744.31923,76.97433459
SVK,2009,7.34307811182447e-06,16586.75278,76.54496579
SVK,2010,7.99981006887229e-06,16899.44868,76.11079979
SVK,2011,7.60672082608425e-06,18469.43543,75.4660932
SVK,2012,6.98273663685727e-06,17516.96911,74.54671562
SVK,2013,6.93117976101125e-06,18312.78051,73.58450801
SVK,2014,6.78001103227022e-06,18770.92899,72.81151223
SVK,2015,6.84519951967264e-06,16442.07609,72.46044093
SVK,2016,6.99851108437471e-06,16636.07691,72.64068558
SVK,2017,7.41889663834894e-06,17645.52987,73.14185121
SVK,2018,7.48900587155215e-06,19573.3717,73.71872559
SVK,2019,6.89171010608992e-06,19406.05897,74.12985159
SVK,2020,6.17476978112697e-06,19735.48583,74.26356529
SVN,2000,7.11811657050919e-06,10135.72191,156.2841078
SVN,2001,7.99097416744476e-06,10375.62559,154.7819926
SVN,2002,7.79306403012239e-06,11639.12978,153.1837447
SVN,2003,7.88722739965717e-06,14711.67487,151.4629315
SVN,2004,8.06725247519795e-06,17103.82978,149.580901
SVN,2005,8.13247260399285e-06,17969.70959,147.5184622
SVN,2006,8.18479341939779e-06,19563.00506,144.5787615
SVN,2007,7.91448683478997e-06,23725.1596,140.5004306
SVN,2008,8.32873237039632e-06,27461.97642,135.9385027
SVN,2009,7.1818025375686e-06,24501.78973,131.5390477
SVN,2010,7.24354346394557e-06,23329.84177,127.9536968
SVN,2011,6.75667842109699e-06,24940.62848,124.9136501
SVN,2012,6.48938657634145e-06,22442.14179,121.851169
SVN,2013,7.16948396395452e-06,23236.96553,119.0009345
SVN,2014,9.29257315783858e-06,24013.06821,116.5836471
SVN,2015,9.45209933846402e-06,20697.27485,114.8266044
SVN,2016,9.87921795295205e-06,21447.83778,113.4825988
SVN,2017,1.01129603927239e-05,23303.07771,112.2419266
SVN,2018,1.00346497940589e-05,25888.04811,111.2494761
SVN,2019,6.80482765390481e-06,25814.16872,110.6462028
SVN,2020,6.20889556268279e-06,25392.06511,110.6677155
SLB,2000,4.81441372718625e-06,953.1719014,83.79961692
SLB,2001,4.77105482883384e-06,911.7919354,83.6933453
SLB,2002,7.80298511376076e-06,756.8902965,83.46869679
SLB,2003,6.02847985858751e-06,895.9892727,83.20165523
SLB,2004,7.78995851339307e-06,986.081904,82.97020523
SLB,2005,1.31601391073942e-05,1144.457585,82.85269037
SLB,2006,1.11860600414163e-05,1255.625891,82.88204304
SLB,2007,1.33550332296324e-05,1390.156966,83.02473323
SLB,2008,1.54043908095678e-05,1525.850924,83.24343309
SLB,2009,1.28107986050129e-05,1554.707237,83.50195739
SLB,2010,1.49506161720779e-05,1685.15499,83.76496664
SLB,2011,1.29933356843809e-05,1924.052773,84.15478155
SLB,2012,1.71638720654944e-05,2066.253523,84.72554657
SLB,2013,1.69447595996269e-05,2161.395736,85.33192977
SLB,2014,2.13318679608629e-05,2164.944239,85.82952686
SLB,2015,2.23282218903216e-05,2045.478895,86.07356754
SLB,2016,2.42068362674541e-05,2082.62989,85.82887953
SLB,2017,2.45363672426466e-05,2143.574652,85.19753145
SLB,2018,2.37631874725885e-05,2278.206339,84.5393292
SLB,2019,2.3157274561318e-05,2223.665026,84.21397913
SLB,2020,2.26635934549186e-05,2063.331015,84.62632908
SOM,2000,2.13918021775342e-06,386.1192744,30.05456021
SOM,2001,2.71606446838629e-06,244.9148425,30.03937213
SOM,2002,2.50211961952502e-06,229.5989183,30.04005202
SOM,2003,2.46464961651127e-06,286.2730252,30.04083995
SOM,2004,3.6060506966347e-06,375.4103262,30.02600833
SOM,2005,3.69913158568193e-06,439.9799078,29.98079369
SOM,2006,3.64638446605905e-06,457.9966622,29.87465392
SOM,2007,3.28998279721004e-06,479.6356281,29.71454831
SOM,2008,3.23108364820145e-06,507.0374433,29.54167315
SOM,2009,3.34383645923181e-06,246.5132517,29.39791841
SOM,2010,3.59110881018999e-06,219.2024539,29.32648766
SOM,2011,4.02799293536311e-06,235.3259456,29.33559096
SOM,2012,3.98920325234569e-06,350.2619467,29.38765221
SOM,2013,4.75506841940779e-06,393.398705,29.45808487
SOM,2014,5.07468388411522e-06,429.431656,29.53278552
SOM,2015,4.90387350208732e-06,445.5830786,29.60036121
SOM,2016,4.735461092751e-06,460.928492,29.67435266
SOM,2017,4.56198246936355e-06,510.939953,29.76686561
SOM,2018,4.4293323139505e-06,509.5258024,29.859637
SOM,2019,4.3020101527225e-06,539.8939316,29.93338916
SOM,2020,4.16780397270081e-06,518.1847785,30.06291381
ZAF,2000,9.31109661616092e-06,3217.846934,83.49358781
ZAF,2001,9.58251133143285e-06,2847.151919,83.23941393
ZAF,2002,9.67848108936771e-06,2688.23676,83.07660317
ZAF,2003,1.0007344689568e-05,4062.21756,82.83323382
ZAF,2004,1.07102670077686e-05,5221.463337,82.34329629
ZAF,2005,1.11190994760501e-05,5836.876633,81.45218435
ZAF,2006,1.10208517785523e-05,6077.382934,79.70903966
ZAF,2007,1.12837953266215e-05,6591.85536,77.08074525
ZAF,2008,1.18568317439016e-05,6184.754743,74.03793804
ZAF,2009,1.08368815374483e-05,6374.7056,71.04176372
ZAF,2010,1.09243971201235e-05,7973.471958,68.5484901
ZAF,2011,1.04074963008446e-05,8646.055711,66.33173427
ZAF,2012,1.06284588461536e-05,8076.976785,64.01305173
ZAF,2013,1.05341703696411e-05,7331.654674,61.82576892
ZAF,2014,1.06404015423159e-05,6856.731371,60.00257445
ZAF,2015,9.87508060366546e-06,6112.273825,58.77520181
ZAF,2016,9.60987451682952e-06,5651.205852,58.0729999
ZAF,2017,9.79767524553848e-06,6618.335083,57.64268072
ZAF,2018,9.6811695412081e-06,6914.178032,57.4516757
ZAF,2019,9.60302417177586e-06,6533.71121,57.46940597
ZAF,2020,8.43894496155955e-06,5580.603831,57.80342698
ESP,2000,8.78081478482574e-06,14743.2671,53.16193336
ESP,2001,8.65552347427977e-06,15368.2338,52.87957524
ESP,2002,8.99311582731212e-06,17111.06851,52.56502832
ESP,2003,9.08386566730615e-06,21522.0171,52.22599544
ESP,2004,9.30967749676476e-06,24925.02678,51.87384438
ESP,2005,9.49054655957857e-06,26450.95301,51.52156787
ESP,2006,9.11355480721708e-06,28421.68653,51.1182614
ESP,2007,9.38005943068759e-06,32652.01559,50.63960317
ESP,2008,8.4745963723024e-06,35603.24833,50.13727469
ESP,2009,7.61807931704771e-06,32279.82085,49.66060747
ESP,2010,7.25905162810653e-06,30658.74223,49.26230112
ESP,2011,7.22291655528563e-06,31824.62191,48.88064589
ESP,2012,7.10331621485918e-06,28456.44382,48.46744579
ESP,2013,6.55498294778566e-06,29218.91052,48.08722284
ESP,2014,6.48923357349372e-06,29694.88749,47.80680874
ESP,2015,6.71214829671469e-06,25969.83831,47.6925365
ESP,2016,6.52776429047875e-06,26740.68518,47.83190956
ESP,2017,6.79467294351481e-06,28367.93926,48.16238016
ESP,2018,6.62192249653691e-06,30592.12648,48.52118924
ESP,2019,6.20391452716809e-06,29776.20115,48.74743969
ESP,2020,5.37240960776326e-06,27230.35999,48.80846824
LKA,2000,1.57647928627578e-06,846.4608133,202.9436838
LKA,2001,1.51995662120934e-06,803.5440266,198.0129045
LKA,2002,1.54911058161286e-06,834.9360149,192.3276862
LKA,2003,1.62205177239369e-06,946.3822551,186.1984207
LKA,2004,1.57118282642455e-06,1028.620681,179.9407333
LKA,2005,1.69681494207412e-06,1207.219948,173.8670725
LKA,2006,1.62696694755231e-06,1389.506256,167.0597131
LKA,2007,1.63273034169255e-06,1578.634511,159.0979096
LKA,2008,1.68334692398384e-06,1973.584769,151.0602903
LKA,2009,1.60566108775423e-06,2026.6594,144.0283042
LKA,2010,1.69610848442669e-06,2808.367792,139.0631123
LKA,2011,1.79723993205213e-06,3224.957363,135.4664297
LKA,2012,1.87604236253947e-06,3327.776124,131.9612084
LKA,2013,1.81998056837503e-06,3740.615893,128.7419596
LKA,2014,1.83819424391183e-06,3971.919131,125.9928543
LKA,2015,2.04038626609442e-06,4060.131397,123.8994595
LKA,2016,2.13872884152954e-06,4149.761055,122.1254676
LKA,2017,1.98336597649692e-06,4401.05567,120.4326793
LKA,2018,1.99806183664052e-06,4360.584735,119.1544186
LKA,2019,2.04349401458515e-06,4082.694049,118.6211096
LKA,2020,2.01147862584972e-06,3846.174496,119.4278747
KNA,2000,-9.48E-07,9319.655451,13.42630584
KNA,2001,-9.07E-07,10022.59192,13.265661
KNA,2002,-7.39E-07,10453.65871,13.07001571
KNA,2003,-6.80E-07,10175.62954,12.87897321
KNA,2004,-5.33E-07,10944.61837,12.7318954
KNA,2005,-6.52E-07,11783.78672,12.66752141
KNA,2006,-5.26E-07,13837.84953,12.67267657
KNA,2007,-3.40E-07,14757.95798,12.70516984
KNA,2008,-2.22E-07,16604.94486,12.75958809
KNA,2009,-4.26E-09,16503.41193,12.83032289
KNA,2010,1.72906971779874e-07,16622.94579,12.91178256
KNA,2011,-2.82E-07,17832.45729,12.9940112
KNA,2012,-4.08E-07,17532.0559,13.07345084
KNA,2013,-1.68E-07,18580.13019,13.15416849
KNA,2014,-5.10E-08,20219.39542,13.24053779
KNA,2015,7.22067661987385e-08,20328.80035,13.33714169
KNA,2016,2.76155071694105e-07,21387.54155,13.66248267
KNA,2017,1.16896918172157e-07,22464.98996,14.26494602
KNA,2018,2.40384615384615e-07,22901.38164,14.89256275
KNA,2019,6.02743227125575e-07,23595.49232,15.29366857
KNA,2020,9.81438020055473e-08,18859.01904,15.44642428
LCA,2000,1.93612245927271e-06,5879.561914,19.44681284
LCA,2001,1.70060597739598e-06,5570.452471,19.244166
LCA,2002,1.24102177046665e-06,5567.894284,18.98845361
LCA,2003,1.53090025525231e-06,6058.606221,18.73086493
LCA,2004,1.41683765731647e-06,6494.600349,18.52230703
LCA,2005,1.51223934723481e-06,6863.436419,18.41282404
LCA,2006,1.7138845048278e-06,7611.178567,18.3880752
LCA,2007,1.89856817558626e-06,7964.382115,18.38822088
LCA,2008,1.4786029098147e-06,8516.960755,18.40082607
LCA,2009,1.56885600080062e-06,8250.521807,18.41452809
LCA,2010,2.58387651691573e-06,8673.687203,18.41758207
LCA,2011,1.34516097112357e-06,9128.99442,18.38964472
LCA,2012,1.33382004438341e-06,9260.300066,18.33397031
LCA,2013,1.6046698083279e-06,9576.234634,18.27268745
LCA,2014,1.81580126106881e-06,10044.82184,18.22906893
LCA,2015,1.84728852805809e-06,10334.92256,18.22662278
LCA,2016,1.93400362091935e-06,10638.1902,18.41250674
LCA,2017,1.9683342595638e-06,11333.19639,18.80628956
LCA,2018,1.9195896439325e-06,11642.74032,19.23685281
LCA,2019,2.64886497317926e-06,11794.20565,19.53381329
LCA,2020,2.32426367461431e-06,8411.199418,19.65880579
VCT,2000,3.81346602668545e-07,3768.955366,16.70032208
VCT,2001,4.26427960987128e-07,4071.086011,16.67096697
VCT,2002,4.79059878073526e-07,4303.279768,16.63340959
VCT,2003,5.02912295277574e-07,4499.614542,16.58752641
VCT,2004,5.34408649798378e-07,4873.489477,16.53386315
VCT,2005,5.58470431302801e-07,5157.393739,16.47274001
VCT,2006,6.32956594711375e-07,5744.827862,16.39295953
VCT,2007,6.93080847477383e-07,6398.191235,16.29170617
VCT,2008,7.3314839499946e-07,6598.905315,16.1820833
VCT,2009,1.13837912187353e-06,6463.787773,16.07687182
VCT,2010,8.91241280841041e-07,6551.96836,15.98848105
VCT,2011,6.50211707468747e-07,6527.689969,15.87137118
VCT,2012,8.19415832842849e-07,6713.807686,15.70134645
VCT,2013,7.59236140010173e-07,7072.467372,15.52272371
VCT,2014,8.56465336867067e-07,7168.828753,15.37956744
VCT,2015,8.83507853403141e-07,7353.735561,15.31643069
VCT,2016,9.44061533253721e-07,7656.900429,15.4725853
VCT,2017,1.02495670196758e-06,7988.04445,15.84009759
VCT,2018,9.61630101214189e-07,8428.126772,16.24299895
VCT,2019,9.65756909577889e-07,8743.332021,16.5048324
VCT,2020,7.78548383980836e-07,8395.099889,16.64397812
SDN,2000,3.77443874184417e-06,362.1168823,42.85862491
SDN,2001,3.8698772687089e-06,451.2933044,42.7527039
SDN,2002,3.89988931095083e-06,506.2626343,42.53413232
SDN,2003,3.92943746553682e-06,580.3202515,42.26129258
SDN,2004,3.93317824864039e-06,705.1133423,41.98597031
SDN,2005,3.96812226197031e-06,905.5436401,41.74283611
SDN,2006,3.97324242434188e-06,1132.474609,41.52677747
SDN,2007,3.97232827907711e-06,1444.372192,41.31849762
SDN,2008,3.91837611133483e-06,1527.582397,41.12529905
SDN,2009,3.86585273391307e-06,1178.221802,40.95470667
SDN,2010,3.79727748591752e-06,1305.635986,40.80965578
SDN,2011,3.63181440945174e-06,1332.657227,40.67558622
SDN,2012,3.60221972225684e-06,1019.222107,40.54383972
SDN,2013,3.55539450761051e-06,1138.627808,40.42763558
SDN,2014,3.51057578334752e-06,1275.438354,40.34438527
SDN,2015,3.49090784076356e-06,1292.379639,40.31025436
SDN,2016,3.48042840247861e-06,1033.215942,40.35205907
SDN,2017,3.35458335668617e-06,966.5056763,40.46205467
SDN,2018,3.34242613416288e-06,731.0274658,40.61710773
SDN,2019,3.24415193363949e-06,709.9752808,40.80596519
SDN,2020,3.13779895207083e-06,577.7952271,41.41431323
SUR,2000,1.43994561967762e-05,1988.221729,56.3722572
SUR,2001,1.41483064781322e-05,1714.648466,56.67902026
SUR,2002,1.2693358788926e-05,2202.340682,57.20934063
SUR,2003,1.28878743478656e-05,2516.10404,57.82743072
SUR,2004,1.2976846726066e-05,2887.772173,58.39738229
SUR,2005,1.3364772304949e-05,3453.428659,58.78406599
SUR,2006,1.29530263982461e-05,5002.657987,59.00844681
SUR,2007,1.25999969869081e-05,5530.176156,59.19845016
SUR,2008,1.26145427132872e-05,6576.085463,59.37922304
SUR,2009,1.99110322903482e-05,7129.576863,59.57682487
SUR,2010,2.02461071822782e-05,7943.604828,59.81707329
SUR,2011,2.04388524257149e-05,7949.888672,60.19825201
SUR,2012,2.103431544186e-05,8851.240507,60.71827845
SUR,2013,3.3709008470704e-05,9043.192815,61.25201898
SUR,2014,2.54911161976666e-05,9108.189054,61.67523421
SUR,2015,2.80899958220647e-05,8813.617054,61.86238775
SUR,2016,2.92816589168653e-05,5644.206106,61.61064494
SUR,2017,2.90311985757428e-05,6049.521286,61.02530355
SUR,2018,2.92257215439865e-05,6665.741805,60.44564301
SUR,2019,2.98587908242099e-05,6629.667752,60.20674135
SUR,2020,2.94112363367341e-05,4755.392217,60.64407332
SWE,2000,3.62598115059227e-06,29632.77361,139.6852706
SWE,2001,3.49575537659792e-06,27259.48067,137.4627563
SWE,2002,3.75265631502131e-06,29957.93877,135.4111787
SWE,2003,4.15243905910421e-06,37292.42143,133.5849206
SWE,2004,4.69021566723904e-06,42758.20155,132.0617389
SWE,2005,4.1255886768498e-06,43378.61521,130.9027737
SWE,2006,3.12344963193126e-06,46531.60011,130.0222611
SWE,2007,3.49203965154701e-06,53568.56455,129.2783113
SWE,2008,2.66216554946795e-06,55817.43927,128.6477968
SWE,2009,2.11459571770331e-06,46707.86732,128.1029613
SWE,2010,2.50891276146215e-06,52542.82741,127.6190679
SWE,2011,2.01256972406062e-06,60379.77482,127.0888128
SWE,2012,1.6618424698935e-06,57749.82513,126.468719
SWE,2013,1.65771580476146e-06,60844.27671,125.8489803
SWE,2014,1.50711986559558e-06,59583.714,125.3120921
SWE,2015,1.76859588133137e-06,51197.95293,124.9419982
SWE,2016,1.68374048997867e-06,51820.39725,124.6251261
SWE,2017,1.99035604369907e-06,53300.85873,124.2432421
SWE,2018,1.70968394374801e-06,54181.90698,123.876096
SWE,2019,1.44968030098979e-06,51773.04646,123.5900552
SWE,2020,1.02063642216762e-06,52653.75659,123.2911432
CHE,2000,8.17336534780944e-06,38865.02194,158.0725118
CHE,2001,7.47717727079966e-06,39638.79111,155.4992468
CHE,2002,6.9616773554299e-06,42458.73847,152.4772618
CHE,2003,7.08167228754976e-06,49335.74563,149.1348542
CHE,2004,7.12647800125175e-06,54659.45715,145.6004377
CHE,2005,7.1441009047191e-06,56242.89336,142.0032078
CHE,2006,7.14407689859371e-06,59011.03246,138.0902947
CHE,2007,6.95777856441636e-06,64989.15533,133.6826839
CHE,2008,6.90454288394839e-06,74175.19279,129.0157454
CHE,2009,6.45026989871034e-06,71568.31239,124.3295142
CHE,2010,6.64713161520473e-06,76531.37294,119.8597243
CHE,2011,6.27961333593179e-06,90476.75897,115.2796084
CHE,2012,6.22796869921836e-06,85836.20768,110.3739028
CHE,2013,6.37015649967253e-06,87304.33058,105.5655983
CHE,2014,6.05678665674887e-06,88724.99094,101.2677037
CHE,2015,5.68534757333506e-06,83806.4476,97.89236363
CHE,2016,5.68605972910684e-06,82153.07454,95.05377629
CHE,2017,5.55299201120703e-06,82254.37693,92.36422372
CHE,2018,5.47663826474171e-06,85217.36915,90.23904881
CHE,2019,5.27395023835956e-06,84121.93103,89.0987229
CHE,2020,5.00276273890051e-06,85897.78433,89.05955311
SYR,2000,5.10383289032839e-06,1138.188485,18.06132454
SYR,2001,4.54022435072251e-06,1186.829135,18.11554091
SYR,2002,4.18271761722871e-06,1183.247345,18.20476603
SYR,2003,4.10816613465393e-06,1220.179077,18.319592
SYR,2004,4.05986843450697e-06,1368.114823,18.44890686
SYR,2005,4.59059116914019e-06,1533.901665,18.58271702
SYR,2006,4.48892912581144e-06,1718.783472,18.79724984
SYR,2007,4.40876503085478e-06,1937.611386,19.12166504
SYR,2008,4.23931452332265e-06,2429.124771,19.4838737
SYR,2009,4.0505631145041e-06,2462.201936,19.81044574
SYR,2010,3.94320967479437e-06,2730.614771,20.01819806
SYR,2011,3.69093182483963e-06,2952.143494,20.1105963
SYR,2012,2.91882652732368e-06,1897.66115,20.16835434
SYR,2013,2.20870371174635e-06,985.8926692,20.22472284
SYR,2014,2.11732376479253e-06,1060.591059,20.30644473
SYR,2015,2.11609824193196e-06,847.7316319,20.42480437
SYR,2016,2.08614391475929e-06,656.3490586,20.90687052
SYR,2017,2.17865921013564e-06,851.5020053,21.83161545
SYR,2018,2.16144831057759e-06,1098.066864,22.81142144
SYR,2019,2.02724499833788e-06,1109.53926,23.43709042
SYR,2020,1.92388591633531e-06,572.3552898,23.69563719
TJK,2000,1.38209486955297e-06,136.9257164,30.19641165
TJK,2001,1.27841704959767e-06,168.6762854,29.46147309
TJK,2002,1.38497526436199e-06,186.9516383,28.64223127
TJK,2003,1.25860262894088e-06,233.5812485,27.88110134
TJK,2004,1.54826997000389e-06,305.7451586,27.31930201
TJK,2005,1.44271537332917e-06,333.9271509,27.09577996
TJK,2006,1.51210771532282e-06,401.0184033,27.1994723
TJK,2007,1.68947652483982e-06,516.9972106,27.47713724
TJK,2008,1.49071943854814e-06,703.3273759,27.86107011
TJK,2009,1.35867656934433e-06,664.7956557,28.2810515
TJK,2010,1.31344939932497e-06,737.3388832,28.66719076
TJK,2011,1.27981791192985e-06,833.6019782,29.05422797
TJK,2012,1.37087407618887e-06,952.4528197,29.50776086
TJK,2013,1.36412029903889e-06,1028.197043,30.00737919
TJK,2014,1.50404388934992e-06,1081.544029,30.53050672
TJK,2015,1.55485293573227e-06,956.9163109,31.05747759
TJK,2016,1.63221320625684e-06,788.7104817,31.70202136
TJK,2017,1.78312748061677e-06,829.4571476,32.47338298
TJK,2018,1.88825305809946e-06,834.2884046,33.1945479
TJK,2019,1.94447703171239e-06,871.0223729,33.68701282
TJK,2020,1.97154465290364e-06,834.3117155,33.83509841
TZA,2000,3.3683225861985e-06,401.6981506,27.86876631
TZA,2001,3.29793777818638e-06,396.6387329,27.66500599
TZA,2002,3.26815443872126e-06,402.6490479,27.45363252
TZA,2003,3.22773352228141e-06,422.1835938,27.24885111
TZA,2004,3.18010642338842e-06,450.3852844,27.06394132
TZA,2005,3.14364404785494e-06,483.3348694,26.91219134
TZA,2006,3.09531215636162e-06,475.7467346,26.75229536
TZA,2007,3.00681936788907e-06,543.1983032,26.55854545
TZA,2008,2.97657582928814e-06,675.9772339,26.36676312
TZA,2009,2.91605290573755e-06,693.8235474,26.21268487
TZA,2010,2.91655071100704e-06,736.5301514,26.13209045
TZA,2011,2.94015122997455e-06,775.3927612,26.11267281
TZA,2012,2.91670413427038e-06,861.9699097,26.11952828
TZA,2013,2.91822518571146e-06,963.0571289,26.15165581
TZA,2014,2.86286934144103e-06,1022.748413,26.20742486
TZA,2015,2.84580473540647e-06,939.1273193,26.28549706
TZA,2016,2.79257512813101e-06,953.0107422,26.47049306
TZA,2017,2.7076293791751e-06,986.6740112,26.78885992
TZA,2018,2.65148102329947e-06,1023.106262,27.14882819
TZA,2019,2.64937370142346e-06,1063.32251,27.45767799
TZA,2020,2.62357650045845e-06,1117.415283,27.89522662
THA,2000,4.4082960185177e-06,2005.976945,88.88373887
THA,2001,4.55829220720489e-06,1889.934325,86.77779637
THA,2002,4.70115839781191e-06,2089.751831,83.869939
THA,2003,4.89091521409747e-06,2347.540013,80.57698676
THA,2004,5.17824751913412e-06,2641.562687,77.31696604
THA,2005,5.32467339680951e-06,2867.703834,74.50708673
THA,2006,5.3595718294974e-06,3331.320435,71.87318649
THA,2007,5.50610161539095e-06,3918.528174,69.06286264
THA,2008,5.49878785557432e-06,4309.135093,66.3987798
THA,2009,5.44105877358374e-06,4135.43987,64.19570569
THA,2010,5.7217580071767e-06,4973.862888,62.68200555
THA,2011,5.68070222461399e-06,5373.623283,61.64257657
THA,2012,5.91324702606417e-06,5725.528028,60.76741119
THA,2013,6.03149420015264e-06,6018.082447,60.04728127
THA,2014,5.84139449994615e-06,5801.197892,59.43560349
THA,2015,5.83977682701194e-06,5688.853354,58.91565444
THA,2016,5.84610682375085e-06,5833.577156,58.43841047
THA,2017,5.8631225912883e-06,6413.091825,58.02192434
THA,2018,5.80881726495511e-06,7099.776501,57.74776429
THA,2019,5.87773701984379e-06,7605.696578,57.69912711
THA,2020,5.82812606171028e-06,6985.643939,58.05306724
TLS,2000,1.59269777529634e-06,492.4576694,32.66134513
TLS,2001,1.59901705019027e-06,587.8043556,31.60898222
TLS,2002,1.45400320078621e-06,533.9824764,30.48505984
TLS,2003,1.60501179000914e-06,534.9011537,29.42164478
TLS,2004,2.16409026622207e-06,474.4207673,28.55160818
TLS,2005,2.52722999100506e-06,487.4645554,28.00967885
TLS,2006,4.15913626603399e-06,464.6670018,27.7390672
TLS,2007,-2.91E-06,540.1545842,27.58581568
TLS,2008,-1.65E-06,628.1532193,27.53466594
TLS,2009,3.52858284330485e-07,686.5792958,27.56972392
TLS,2010,2.23227332694742e-06,813.0601773,27.67454179
TLS,2011,-5.24E-07,939.0452411,27.83305103
TLS,2012,3.42589777818898e-07,1022.619032,28.03984423
TLS,2013,2.96108984676727e-07,1204.568415,28.29274334
TLS,2014,3.55748314370976e-06,1224.749578,28.58960922
TLS,2015,1.10361446183029e-06,1319.592974,28.92923978
TLS,2016,9.18740515439074e-07,1335.543901,29.56454667
TLS,2017,8.67937521920136e-07,1266.17768,30.52808352
TLS,2018,7.82627027984442e-07,1219.465986,31.48262961
TLS,2019,8.9281253242835e-07,1562.364589,32.0904262
TLS,2020,7.53891435711846e-07,1630.869354,32.31872132
TGO,2000,1.07547863955065e-06,409.8898028,32.09379756
TGO,2001,1.04574578834733e-06,396.6926545,32.33148069
TGO,2002,1.05189576585261e-06,445.2386915,32.6314156
TGO,2003,1.08815170725232e-06,538.1653778,32.93711955
TGO,2004,1.06628481869946e-06,560.2663085,33.19355733
TGO,2005,1.07067494936806e-06,551.25985,33.35005646
TGO,2006,1.0360412519873e-06,552.5022713,33.4283366
TGO,2007,1.01804295300972e-06,607.5882245,33.48684828
TGO,2008,1.06676095950077e-06,718.9487864,33.53456716
TGO,2009,1.25477249607554e-06,720.6941688,33.57697769
TGO,2010,1.20775214293459e-06,704.9871642,33.63792857
TGO,2011,1.16397459167778e-06,783.9893805,33.77252888
TGO,2012,1.19887572217866e-06,762.3920476,33.98622049
TGO,2013,1.15157048810491e-06,826.5432595,34.23280183
TGO,2014,1.09277412361408e-06,855.5852849,34.46431677
TGO,2015,1.06899276346224e-06,751.0524051,34.64753997
TGO,2016,1.13963739434882e-06,772.5817871,34.81120113
TGO,2017,1.10164400767518e-06,792.7654872,35.00268858
TGO,2018,1.13602763023779e-06,851.1308069,35.21298605
TGO,2019,1.14245803058654e-06,826.2606541,35.42878584
TGO,2020,1.19114573481035e-06,853.5782203,35.968157
TON,2000,-1.74E-05,1995.076503,35.02662522
TON,2001,-1.73E-05,1753.516595,35.20264312
TON,2002,-1.71E-05,1759.480333,35.47366009
TON,2003,-1.69E-05,1936.041237,35.78111024
TON,2004,-1.69E-05,2195.448741,36.06485886
TON,2005,-1.67E-05,2477.726409,36.26408267
TON,2006,-1.54E-05,2750.347582,36.33913327
TON,2007,-1.66E-05,2797.065552,36.33086109
TON,2008,-1.65E-05,3218.452996,36.30001729
TON,2009,-1.64E-05,2914.237908,36.30828467
TON,2010,-1.64E-05,3416.083581,36.41509467
TON,2011,-1.64E-05,3849.993708,36.62656551
TON,2012,-1.64E-05,4384.170583,36.89457511
TON,2013,-1.65E-05,4219.246595,37.19616451
TON,2014,-1.64E-05,4136.590138,37.5078423
TON,2015,-1.65E-05,4123.90324,37.8058421
TON,2016,-1.65E-05,3987.986262,38.16507368
TON,2017,-1.62E-05,4365.929328,38.60932737
TON,2018,-1.63E-05,4638.897743,39.03903977
TON,2019,-1.60E-05,4676.847903,39.35472118
TON,2020,-1.59E-05,4700.449328,39.59068048
TTO,2000,1.60370639215502e-05,6178.589756,38.90130554
TTO,2001,1.81032720337788e-05,6657.414669,38.4495974
TTO,2002,1.95542679452347e-05,6762.930808,37.97593022
TTO,2003,2.24882330663348e-05,8445.046535,37.51408114
TTO,2004,2.39011283057575e-05,9871.034198,37.09788779
TTO,2005,3.03143158639592e-05,12346.43731,36.76134758
TTO,2006,3.34364964898331e-05,14152.66074,36.45975222
TTO,2007,3.39751440314061e-05,16606.67536,36.14438248
TTO,2008,3.29402630470882e-05,21298.99453,35.84527907
TTO,2009,3.21345753702372e-05,14634.0565,35.59297021
TTO,2010,3.50294525215639e-05,16815.42474,35.4177573
TTO,2011,3.45943845682931e-05,19151.08702,35.25394606
TTO,2012,3.17754573492691e-05,20472.35743,35.03115333
TTO,2013,3.1105353968537e-05,21416.36608,34.77090338
TTO,2014,3.08627613924479e-05,22074.42631,34.49498759
TTO,2015,3.04903357643033e-05,20024.75466,34.22555946
TTO,2016,2.79823767722017e-05,17521.80075,33.80509451
TTO,2017,2.72271130069813e-05,17720.49724,33.21008209
TTO,2018,2.7260219851044e-05,18076.35656,32.66364711
TTO,2019,2.77168004046965e-05,17431.02693,32.38881462
TTO,2020,2.51114891437561e-05,15224.50835,32.50824558
TUN,2000,3.53260928004129e-06,2199.044659,30.93761179
TUN,2001,3.57438242406514e-06,2235.719816,31.0009151
TUN,2002,3.49310009562238e-06,2320.772381,31.00988512
TUN,2003,3.41021196961922e-06,2725.864315,30.98691471
TUN,2004,3.5142659034682e-06,3067.419364,30.95432482
TUN,2005,3.58346256515546e-06,3146.826074,30.93448198
TUN,2006,3.66675010945826e-06,3322.569336,30.92089996
TUN,2007,3.69581510753707e-06,3726.916729,30.8952776
TUN,2008,3.76341398521337e-06,4255.05008,30.86279951
TUN,2009,3.69632702359596e-06,4080.090324,30.8286563
TUN,2010,4.14080278804159e-06,4291.861209,30.79794015
TUN,2011,3.81032212371171e-06,4420.647722,30.74424866
TUN,2012,4.00880246205896e-06,4297.267825,30.66011498
TUN,2013,3.93741841773191e-06,4369.793458,30.57931638
TUN,2014,4.06453161388107e-06,4458.978955,30.53562684
TUN,2015,4.05630846645894e-06,4014.947737,30.56277663
TUN,2016,3.94203184164979e-06,3847.803544,30.77217096
TUN,2017,3.91918010715079e-06,3619.032473,31.16306341
TUN,2018,3.88001748159919e-06,3628.103665,31.60111874
TUN,2019,3.84524535032645e-06,3528.872133,31.95177544
TUN,2020,3.6820269019932e-06,3548.653637,32.2984898
TUR,2000,3.85671216965388e-06,4192.443167,28.70145029
TUR,2001,3.43273093230343e-06,3045.55414,28.39337146
TUR,2002,3.36985325388771e-06,3583.197459,28.04325306
TUR,2003,3.50199677938334e-06,4637.882185,27.69453201
TUR,2004,3.53005484540705e-06,5960.778989,27.39086202
TUR,2005,3.65271770018666e-06,7303.013889,27.17571071
TUR,2006,4.11781516000441e-06,7953.07848,27.04463985
TUR,2007,4.52899160114229e-06,9711.223761,26.95951648
TUR,2008,4.51506015100727e-06,10843.50369,26.91318191
TUR,2009,4.50834646900467e-06,9012.999458,26.89844148
TUR,2010,4.65701514106435e-06,10622.70204,26.90839181
TUR,2011,4.86740145782956e-06,11300.78522,26.9124934
TUR,2012,5.10240878361072e-06,11713.28498,26.89681247
TUR,2013,4.96709523070608e-06,12578.18786,26.87960598
TUR,2014,5.23258929517709e-06,12165.22014,26.87954147
TUR,2015,5.10074607817419e-06,11049.99511,26.91780459
TUR,2016,5.4176342222319e-06,10970.04589,27.20386206
TUR,2017,5.8691379039464e-06,10695.5502,27.78449835
TUR,2018,5.92696071468073e-06,9568.835063,28.43735948
TUR,2019,5.84314207022959e-06,9215.440499,28.94405051
TUR,2020,6.30952712176865e-06,8638.739038,29.40633193
TKM,2000,1.2866082423003e-05,633.8354876,63.15554102
TKM,2001,1.29369858337527e-05,756.0349763,63.90274142
TKM,2002,1.40045057464516e-05,935.5408015,64.55262207
TKM,2003,1.56569723871859e-05,1228.948703,65.09161211
TKM,2004,1.61356190777382e-05,1379.230097,65.50643412
TKM,2005,1.59001808498657e-05,1604.016185,65.78311366
TKM,2006,1.63822770275718e-05,1996.593107,65.90346634
TKM,2007,1.69622463265959e-05,2414.96072,65.86413185
TKM,2008,1.73435915876228e-05,3605.503951,65.67152555
TKM,2009,1.48350977109072e-05,3707.978507,65.33263898
TKM,2010,1.58115871809784e-05,4058.53937,64.85456489
TKM,2011,1.66577254493204e-05,5143.619293,63.99740599
TKM,2012,1.69720615107464e-05,6053.874847,62.73488107
TKM,2013,1.64142621209996e-05,6599.645291,61.40172909
TKM,2014,1.58103745948954e-05,7164.145362,60.33320853
TKM,2015,1.60057563262476e-05,5759.497904,59.86496455
TKM,2016,1.54527305720199e-05,5686.98041,59.9895026
TKM,2017,1.50233723027954e-05,5828.481662,60.35699125
TKM,2018,1.45543311090156e-05,6125.051697,60.79944463
TKM,2019,1.43430486788251e-05,6648.034896,61.14850662
TKM,2020,1.42331874130205e-05,6592.60146,61.53458018
TUV,2000,3.66722548197821e-07,1579.419063,97.40844362
TUV,2001,3.65115793866055e-07,1456.784094,96.61978678
TUV,2002,3.74103709861789e-07,1750.251751,95.88752084
TUV,2003,3.7132542547705e-07,2006.842499,95.18786461
TUV,2004,3.76935615321923e-07,2322.562651,94.48950186
TUV,2005,3.72233400402414e-07,2304.826943,93.76408533
TUV,2006,3.6793953858393e-07,2396.268443,92.91677034
TUV,2007,3.6338636810057e-07,2794.163101,91.96404644
TUV,2008,3.58492394147854e-07,3088.308774,91.02278171
TUV,2009,3.53694675461237e-07,2683.967495,90.20902881
TUV,2010,3.48596193706425e-07,3024.817079,89.63597967
TUV,2011,3.52504638218924e-07,3636.0814,89.2730036
TUV,2012,3.47539784159502e-07,3598.461631,88.98870395
TUV,2013,3.45423143350605e-07,3510.216401,88.73833355
TUV,2014,3.45957756737072e-07,3528.858581,88.4790522
TUV,2015,3.46620450606586e-07,3357.834177,88.16580542
TUV,2016,3.56816102470265e-07,3808.69755,87.59507568
TUV,2017,3.58818658570246e-07,4165.663387,86.80098382
TUV,2018,3.62756952841596e-07,4466.120349,86.10003878
TUV,2019,3.68585199886589e-07,5115.13076,85.81122868
TUV,2020,3.75036061159727e-07,4976.112541,86.64952075
UGA,2000,2.01748322406318e-06,258.0503387,30.55094869
UGA,2001,1.98040659709599e-06,236.0211889,30.67179674
UGA,2002,1.9531372697233e-06,241.9846884,30.73630683
UGA,2003,1.92511996376459e-06,250.7154366,30.74197456
UGA,2004,1.89052907039584e-06,292.381858,30.68541613
UGA,2005,1.87653891500388e-06,330.4054027,30.56355296
UGA,2006,1.93786185269203e-06,346.5182553,30.29874118
UGA,2007,2.00438195513976e-06,401.3891309,29.86334216
UGA,2008,2.26935869035149e-06,472.8426815,29.33280355
UGA,2009,2.32133634791299e-06,798.9470899,28.78288358
UGA,2010,2.36065781884623e-06,823.4881443,28.28966989
UGA,2011,2.41126073890444e-06,835.6200606,27.76110443
UGA,2012,2.44665603764614e-06,795.2228676,27.13473466
UGA,2013,2.47453649346202e-06,818.2854274,26.5321122
UGA,2014,2.5157094115298e-06,896.0547955,26.07506277
UGA,2015,2.55746874234475e-06,862.9346104,25.88618042
UGA,2016,2.52233347780385e-06,752.6965717,26.0069709
UGA,2017,2.44802374907996e-06,765.2183323,26.31460341
UGA,2018,2.41272934011592e-06,792.1657002,26.68641736
UGA,2019,2.3761549428894e-06,822.0570582,26.99883462
UGA,2020,2.32137677195336e-06,845.7664639,27.5390037
UKR,2000,8.70365759112902e-06,653.2943115,163.7058199
UKR,2001,8.87520693394028e-06,800.4907227,161.8314868
UKR,2002,9.08660037934329e-06,903.0119019,157.6972284
UKR,2003,9.69220701355368e-06,1076.481567,152.66838
UKR,2004,9.4527419800291e-06,1401.018066,148.1266116
UKR,2005,9.29572200438301e-06,1875.335083,145.434143
UKR,2006,9.25150766643427e-06,2366.494141,145.3192256
UKR,2007,9.5484463120956e-06,3160.327637,147.0199736
UKR,2008,9.5755254123978e-06,4017.806641,149.7053671
UKR,2009,8.07560853506125e-06,2607.087646,152.576416
UKR,2010,8.50135126777911e-06,3039.632324,154.8054148
UKR,2011,9.59264079895909e-06,3656.697998,156.136038
UKR,2012,9.33477553024389e-06,3951.342285,157.1394219
UKR,2013,9.46990001684488e-06,4129.896973,158.2336788
UKR,2014,8.39500804613553e-06,3054.908203,159.8429328
UKR,2015,7.21085180580076e-06,2094.473877,162.3941702
UKR,2016,7.49882192608202e-06,2158.461182,169.0493057
UKR,2017,6.75054853480742e-06,2604.287598,179.7032436
UKR,2018,7.3522967498418e-06,3059.051758,189.9103988
UKR,2019,7.16185732743164e-06,3619.861572,195.2116971
UKR,2020,6.3886125908555e-06,3709.769287,194.7293038
ARE,2000,3.07910664577117e-05,29865.50235,30.62431176
ARE,2001,3.20910733995956e-05,27745.17081,30.40691973
ARE,2002,3.04463476533969e-05,27753.60895,30.1303266
ARE,2003,3.05245826015628e-05,29659.54286,29.83097051
ARE,2004,3.02599906479321e-05,33376.71523,29.54458947
ARE,2005,3.05052746211512e-05,38719.31383,29.3169215
ARE,2006,2.98740492304007e-05,44342.60483,29.1367525
ARE,2007,2.85686626776671e-05,45854.73252,28.97925628
ARE,2008,2.99523185751295e-05,50054.17007,28.86061788
ARE,2009,2.83908682465546e-05,37803.06637,28.80614805
ARE,2010,2.89884419399701e-05,43696.67126,28.84358354
ARE,2011,2.91885693341354e-05,50789.05054,29.01823875
ARE,2012,2.93909393666843e-05,52034.47625,29.3543819
ARE,2013,2.98313499581634e-05,52023.5171,29.7873576
ARE,2014,2.89622231817595e-05,51381.40699,30.2519634
ARE,2015,2.88710473323671e-05,43534.99727,30.69227501
ARE,2016,2.8377862798325e-05,41326.40182,31.26621783
ARE,2017,2.66373963553963e-05,42340.59171,32.03127917
ARE,2018,2.46214145504387e-05,45689.857,32.76881303
ARE,2019,2.57422966963572e-05,44251.45414,33.24984307
ARE,2020,2.56236917668028e-05,37173.87541,33.51324413
GBR,2000,1.17569034325823e-05,28280.92679,79.33754215
GBR,2001,1.18206658551714e-05,27906.5695,78.56118868
GBR,2002,1.14098877322516e-05,30077.74143,77.74909306
GBR,2003,1.1510579884913e-05,34442.68754,76.90280788
GBR,2004,1.13513999197005e-05,40366.88867,76.02820743
GBR,2005,1.11187912373803e-05,42104.78844,75.12744009
GBR,2006,1.0929078955975e-05,44512.45903,74.02033209
GBR,2007,1.06144073175926e-05,50397.6855,72.66451817
GBR,2008,1.01537309814205e-05,47396.12021,71.27140587
GBR,2009,9.21444074926132e-06,38744.13169,70.05436829
GBR,2010,9.36198392243999e-06,39598.95712,69.22582355
GBR,2011,8.59148788919678e-06,42109.64188,68.71971587
GBR,2012,8.87550693510218e-06,42497.3405,68.3122083
GBR,2013,8.62064693368555e-06,43426.29814,67.98757123
GBR,2014,7.93149494465352e-06,47439.61659,67.73047091
GBR,2015,7.64231105003194e-06,44964.39114,67.52666252
GBR,2016,7.23814616115173e-06,40985.23514,67.35464563
GBR,2017,7.01683630351532e-06,40572.12148,67.2013758
GBR,2018,6.8496244918624e-06,43203.81411,67.07178391
GBR,2019,6.55343014286228e-06,42662.53537,66.97113129
GBR,2020,5.91386258636804e-06,40201.68124,66.78549113
USA,2000,2.24718291764242e-05,36329.97026,155.5925727
USA,2001,2.19610578282115e-05,37133.6204,157.6222712
USA,2002,2.1264416848214e-05,37997.74243,159.644949
USA,2003,2.12265122718998e-05,39490.30239,161.5528346
USA,2004,2.16343148271859e-05,41724.6412,163.2371339
USA,2005,2.1293246542811e-05,44123.39965,164.5952012
USA,2006,2.06337684019426e-05,46301.98765,165.885283
USA,2007,2.08740119014296e-05,48050.22741,167.2973732
USA,2008,2.01423875013686e-05,48570.05943,168.6218219
USA,2009,1.85460603809814e-05,47194.95009,169.6468929
USA,2010,1.91322069010931e-05,48650.66432,170.1681439
USA,2011,1.820793734569e-05,50065.97895,169.6167832
USA,2012,1.73014580438668e-05,51784.41147,167.9912695
USA,2013,1.77338000376239e-05,53409.75078,165.93511
USA,2014,1.76953583958688e-05,55304.31553,164.0879455
USA,2015,1.73974901848074e-05,57040.20821,163.0967549
USA,2016,1.65419595408457e-05,58206.61419,163.0651161
USA,2017,1.6378784897717e-05,60322.26142,163.4302903
USA,2018,1.69147101437797e-05,63201.04585,163.8356237
USA,2019,1.66041415051767e-05,65604.68152,163.9202506
USA,2020,1.46577183217871e-05,64411.37318,163.1368881
URY,2000,6.71540619299579e-06,6987.700988,105.1739659
URY,2001,6.4217740179357e-06,6382.761047,107.4130892
URY,2002,6.49245608315311e-06,4149.761403,109.5074141
URY,2003,6.79333631193111e-06,3671.123293,111.4446309
URY,2004,7.44041998715867e-06,4168.660654,113.2154861
URY,2005,7.57243885833797e-06,5284.25678,114.8133071
URY,2006,8.26257802843345e-06,6001.332948,116.3135169
URY,2007,8.19664519371331e-06,7222.054036,117.7873093
URY,2008,9.51399637269595e-06,9423.965626,119.1908303
URY,2009,9.28844554424637e-06,9881.395731,120.4913223
URY,2010,8.34558757058742e-06,12641.05768,121.667152
URY,2011,7.70052527560061e-06,15132.26757,122.7423675
URY,2012,6.84751248800369e-06,16259.59408,123.802874
URY,2013,6.81381277880225e-06,18335.25948,124.870693
URY,2014,7.17947021959078e-06,18322.42768,125.9641118
URY,2015,7.64443884932885e-06,17125.90168,127.1101701
URY,2016,8.04599673954505e-06,17009.75869,128.5339302
URY,2017,8.09552956258902e-06,19184.66267,130.2195534
URY,2018,7.98009388033821e-06,19249.94015,131.798207
URY,2019,8.12744355214256e-06,18315.73529,132.8993272
URY,2020,7.94458788667619e-06,15789.68574,133.0780039
UZB,2000,6.50477866389447e-06,555.1492311,61.2327298
UZB,2001,6.63916385478793e-06,454.4158123,62.18799584
UZB,2002,6.95585980776363e-06,381.4092969,63.25596827
UZB,2003,6.39844591040835e-06,394.1640289,64.41208558
UZB,2004,6.36280967446363e-06,462.1714929,65.63216191
UZB,2005,6.2969327853443e-06,542.8358087,66.88935215
UZB,2006,6.62089274136155e-06,649.118167,68.2895528
UZB,2007,6.24679236318737e-06,824.0281923,69.86311912
UZB,2008,6.53943545780736e-06,1074.729288,71.47496321
UZB,2009,5.76458388691382e-06,1205.799355,72.99073493
UZB,2010,6.33956287409497e-06,1753.207302,74.27483207
UZB,2011,6.42643515313153e-06,2087.863861,75.30039257
UZB,2012,5.9599097160564e-06,2307.346491,76.20000468
UZB,2013,5.89384056319349e-06,2461.979474,77.07610647
UZB,2014,5.47637669517454e-06,2674.962838,78.03120059
UZB,2015,5.25762726791002e-06,2803.19018,79.16861206
UZB,2016,5.5360297767257e-06,2753.379514,80.90002046
UZB,2017,5.66379181762646e-06,2190.604116,83.18485037
UZB,2018,5.78938816914704e-06,1813.085308,85.45124199
UZB,2019,5.8363308073081e-06,2041.384807,87.12705282
UZB,2020,5.63805760264907e-06,1978.280519,88.00270972
VUT,2000,-3.49E-05,1460.238177,96.36092497
VUT,2001,-3.40E-05,1350.183382,96.04212347
VUT,2002,-3.32E-05,1340.715375,95.31507274
VUT,2003,-3.22E-05,1566.513968,94.40988703
VUT,2004,-3.16E-05,1774.318676,93.55083947
VUT,2005,-3.08E-05,1873.991426,92.96690262
VUT,2006,-3.00E-05,2034.792896,92.57137906
VUT,2007,-2.87E-05,2333.705067,92.15884343
VUT,2008,-2.80E-05,2603.608831,91.78225959
VUT,2009,-2.74E-05,2546.383246,91.49278044
VUT,2010,-2.66E-05,2815.18829,91.34298049
VUT,2011,-2.56E-05,3163.186165,91.37300047
VUT,2012,-2.51E-05,3004.784167,91.53122997
VUT,2013,-2.46E-05,2979.796081,91.72610891
VUT,2014,-2.39E-05,2967.70667,91.87026224
VUT,2015,-2.37E-05,2746.591719,91.87633747
VUT,2016,-2.34E-05,2869.999691,91.45990882
VUT,2017,-2.29E-05,3159.927161,90.65863524
VUT,2018,-2.21E-05,3206.689308,89.86677049
VUT,2019,-2.16E-05,3207.446505,89.47567787
VUT,2020,-2.11E-05,3042.987116,90.23238659
VEN,2000,7.8275894180336e-06,4776.281676,24.14801217
VEN,2001,7.9320143593723e-06,4920.393136,23.97338475
VEN,2002,7.84111022665767e-06,3652.098965,23.56746823
VEN,2003,7.51097712741694e-06,3229.505571,23.07533637
VEN,2004,7.77749363934435e-06,4269.089709,22.64345175
VEN,2005,7.9826052635941e-06,5432.485418,22.41985084
VEN,2006,7.95723778044676e-06,6739.380653,22.52409812
VEN,2007,7.79879087992009e-06,8331.62097,22.88660018
VEN,2008,8.08308466734651e-06,11262.45143,23.37104187
VEN,2009,7.90431973108939e-06,11596.60219,23.84229629
VEN,2010,7.97946392510823e-06,13646.30466,24.16576141
VEN,2011,7.77509856704142e-06,10843.92297,24.39346071
VEN,2012,8.57292385764198e-06,12901.41716,24.64820633
VEN,2013,8.43913242350161e-06,12403.1467,24.90172983
VEN,2014,8.26939402121611e-06,15943.61272,25.12535992
VNM,2000,1.62184439121383e-06,404.0297841,51.5676663
VNM,2001,1.66728312676565e-06,419.2056776,51.33043488
VNM,2002,1.83215596401087e-06,445.1328618,51.12304589
VNM,2003,1.92097592350348e-06,497.1170892,50.96353498
VNM,2004,2.17960969403006e-06,565.4522846,50.8693925
VNM,2005,2.30999872941e-06,710.74676,50.86015391
VNM,2006,2.36177396629732e-06,807.7566451,50.99806752
VNM,2007,2.48707050265519e-06,925.6403383,51.2896463
VNM,2008,2.5704910414213e-06,1163.831958,51.67120441
VNM,2009,2.75775445709484e-06,1226.169761,52.0792993
VNM,2010,2.91796073946564e-06,1683.161824,52.45182229
VNM,2011,2.91157012441765e-06,1950.925042,52.78305914
VNM,2012,2.8725771127533e-06,2185.117677,53.11977837
VNM,2013,2.93543544670833e-06,2359.517365,53.47932071
VNM,2014,3.06955819539222e-06,2546.384645,53.87874921
VNM,2015,3.28466830089796e-06,2577.568853,54.33654729
VNM,2016,3.48316162202224e-06,2735.060438,55.0170286
VNM,2017,3.51045505469248e-06,2956.109921,55.93220822
VNM,2018,4.06820559911899e-06,3222.310031,56.87250961
VNM,2019,4.60460443566585e-06,3440.900254,57.62906845
VNM,2020,4.67220003884412e-06,3534.039535,58.25277564
YEM,2000,1.5561751212448e-06,493.2351826,33.88052528
YEM,2001,1.55803277806692e-06,487.1412579,33.95570463
YEM,2002,1.52827302944658e-06,513.2414866,33.9938741
YEM,2003,1.72657278285399e-06,548.905883,34.01658995
YEM,2004,1.72075187302273e-06,627.6320234,34.04515775
YEM,2005,1.85576315314313e-06,734.1599085,34.10297972
YEM,2006,1.98845665200263e-06,809.7131276,34.20373132
YEM,2007,2.01624864987296e-06,890.3057681,34.33521597
YEM,2008,1.92452666243521e-06,1071.635833,34.47484598
YEM,2009,1.98956530083396e-06,969.2435099,34.60023921
YEM,2010,1.90967186054384e-06,1155.203053,34.68856194
YEM,2011,1.64881520603148e-06,1186.475006,34.7371245
YEM,2012,1.49744069060153e-06,1245.050683,34.76135864
YEM,2013,1.74016932856165e-06,1378.75003,34.76843927
YEM,2014,1.64522568733086e-06,1430.16421,34.76653054
YEM,2015,9.47997070159839e-07,1362.173794,34.76310842
YEM,2016,7.87056343375271e-07,975.3594067,34.76386714
YEM,2017,8.144076739357e-07,811.1659639,34.77226327
YEM,2018,8.81594236463223e-07,633.887206,34.80230819
YEM,2019,9.03786028745985e-07,623.3761649,34.86536704
YEM,2020,8.57650961621191e-07,559.5646728,35.28865905
ZMB,2000,3.97766697535575e-06,359.429501,35.79149426
ZMB,2001,4.12947564619908e-06,396.548953,35.68850058
ZMB,2002,4.21273618046067e-06,393.8646255,35.53003775
ZMB,2003,4.32233708544425e-06,446.2901048,35.33894412
ZMB,2004,4.41261477352927e-06,548.6859746,35.13860881
ZMB,2005,3.85336611138034e-06,710.9820682,34.95268255
ZMB,2006,3.94628722097179e-06,1051.717149,34.76445965
ZMB,2007,3.95515032329666e-06,1118.731626,34.56101727
ZMB,2008,4.01352427756194e-06,1375.50211,34.37370424
ZMB,2009,4.18465323720465e-06,1136.241683,34.23390372
ZMB,2010,4.28714310325791e-06,1451.10616,34.17253801
ZMB,2011,4.17950218994644e-06,1624.868178,34.19789777
ZMB,2012,4.3124782036619e-06,1710.050613,34.28297736
ZMB,2013,4.29483166988084e-06,1820.718548,34.40634584
ZMB,2014,4.28504877065978e-06,1707.485731,34.5466835
ZMB,2015,4.26796268987869e-06,1295.877887,34.68231243
ZMB,2016,4.21777911076245e-06,1239.085279,34.84164021
ZMB,2017,4.18843298557678e-06,1483.465773,35.05070635
ZMB,2018,4.13810968761964e-06,1463.899979,35.28447447
ZMB,2019,3.99412029023262e-06,1258.986198,35.51751285
ZMB,2020,3.90702852845014e-06,951.6443167,36.12846189
ZWE,2000,2.47408038392019e-06,562.5569004,66.46593152
ZWE,2001,2.63328271759013e-06,566.1076466,67.28365832
ZWE,2002,2.55082603711407e-06,524.6772388,68.36813661
ZWE,2003,2.41427568582026e-06,468.2341858,69.52060699
ZWE,2004,2.47732149777097e-06,469.4846536,70.53476852
ZWE,2005,2.71304397700889e-06,461.0282813,71.20579783
ZWE,2006,2.74779022106296e-06,430.8091793,71.33847166
ZWE,2007,2.86434972412652e-06,413.3025717,71.05719337
ZWE,2008,2.77847719784687e-06,340.7401829,70.63632425
ZWE,2009,2.93919327631348e-06,735.4445517,70.34679216
ZWE,2010,3.27587637164932e-06,901.5544436,70.46157392
ZWE,2011,3.69825170586809e-06,1037.25491,71.07259102
ZWE,2012,3.42996002210758e-06,1238.60109,71.95928743
ZWE,2013,3.39669274761007e-06,1362.300668,72.92329895
ZWE,2014,3.19510473410294e-06,1372.212781,73.76955663
ZWE,2015,3.22774206815426e-06,1386.422847,74.30214983
ZWE,2016,3.06004111971992e-06,1407.415364,74.5866147
ZWE,2017,2.98110066901685e-06,3448.082537,74.83500712
ZWE,2018,3.07151201786404e-06,2271.853335,75.06771422
ZWE,2019,2.92314349310422e-06,1684.027904,75.30787707
ZWE,2020,2.77206868498053e-06,1730.413489,76.03639596
